{
  "1": {
    "udp": {
      "probes": [
        {
          "rtt": 5.969047546386719,
          "from": "10.209.64.1",
          "reached": false
        }
      ],
      "stats": {
        "count": 1,
        "responses": 1,
        "loss": 0.0,
        "min": 5.969047546386719,
        "max": 5.969047546386719,
        "avg": 5.969047546386719
      }
    },
    "tcp": {
      "probes": [
        {
          "rtt": 5.904912948608398,
          "from": "10.209.64.1",
          "reached": false
        }
      ],
      "stats": {
        "count": 1,
        "responses": 1,
        "loss": 0.0,
        "min": 5.904912948608398,
        "max": 5.904912948608398,
        "avg": 5.904912948608398
      }
    },
    "icmp": {
      "probes": [
        {
          "rtt": 115.04507064819336,
          "from": "10.213.33.25",
          "reached": false
        }
      ],
      "stats": {
        "count": 1,
        "responses": 1,
        "loss": 0.0,
        "min": 115.04507064819336,
        "max": 115.04507064819336,
        "avg": 115.04507064819336
      }
    },
    "extensions": {}
  },
  "2": {
    "udp": {
      "probes": [
        {
          "rtt": 7.273197174072266,
          "from": "10.213.33.25",
          "reached": false
        }
      ],
      "stats": {
        "count": 1,
        "responses": 1,
        "loss": 0.0,
        "min": 7.273197174072266,
        "max": 7.273197174072266,
        "avg": 7.273197174072266
      }
    },
    "tcp": {
      "probes": [
        {
          "rtt": 117.82097816467285,
          "from": "10.213.32.41",
          "reached": false
        }
      ],
      "stats": {
        "count": 1,
        "responses": 1,
        "loss": 0.0,
        "min": 117.82097816467285,
        "max": 117.82097816467285,
        "avg": 117.82097816467285
      }
    },
    "icmp": {
      "probes": [
        {
          "rtt": 117.77567863464355,
          "from": "10.213.32.41",
          "reached": false
        }
      ],
      "stats": {
        "count": 1,
        "responses": 1,
        "loss": 0.0,
        "min": 117.77567863464355,
        "max": 117.77567863464355,
        "avg": 117.77567863464355
      }
    },
    "extensions": {}
  },
  "3": {
    "udp": {
      "probes": [
        {
          "rtt": 113.82913589477539,
          "from": "10.213.32.21",
          "reached": false
        }
      ],
      "stats": {
        "count": 1,
        "responses": 1,
        "loss": 0.0,
        "min": 113.82913589477539,
        "max": 113.82913589477539,
        "avg": 113.82913589477539
      }
    },
    "tcp": {
      "probes": [
        {
          "rtt": 113.8620376586914,
          "from": "10.213.32.21",
          "reached": false
        }
      ],
      "stats": {
        "count": 1,
        "responses": 1,
        "loss": 0.0,
        "min": 113.8620376586914,
        "max": 113.8620376586914,
        "avg": 113.8620376586914
      }
    },
    "icmp": {
      "probes": [
        {
          "rtt": 243.82495880126953,
          "from": "202.76.48.118",
          "reached": false
        }
      ],
      "stats": {
        "count": 1,
        "responses": 1,
        "loss": 0.0,
        "min": 243.82495880126953,
        "max": 243.82495880126953,
        "avg": 243.82495880126953
      }
    },
    "extensions": {}
  },
  "4": {
    "udp": {
      "probes": [
        {
          "rtt": 138.7031078338623,
          "from": "202.76.48.118",
          "reached": false
        }
      ],
      "stats": {
        "count": 1,
        "responses": 1,
        "loss": 0.0,
        "min": 138.7031078338623,
        "max": 138.7031078338623,
        "avg": 138.7031078338623
      }
    },
    "tcp": {
      "probes": [
        {
          "rtt": 244.56501007080078,
          "from": "202.76.18.76",
          "reached": false
        }
      ],
      "stats": {
        "count": 1,
        "responses": 1,
        "loss": 0.0,
        "min": 244.56501007080078,
        "max": 244.56501007080078,
        "avg": 244.56501007080078
      }
    },
    "icmp": {
      "probes": [
        {
          "rtt": 244.5218563079834,
          "from": "202.76.18.76",
          "reached": false
        }
      ],
      "stats": {
        "count": 1,
        "responses": 1,
        "loss": 0.0,
        "min": 244.5218563079834,
        "max": 244.5218563079834,
        "avg": 244.5218563079834
      }
    },
    "extensions": {}
  },
  "5": {
    "udp": {
      "probes": [
        {
          "rtt": 244.8251247406006,
          "from": "202.76.18.62",
          "reached": false
        }
      ],
      "stats": {
        "count": 1,
        "responses": 1,
        "loss": 0.0,
        "min": 244.8251247406006,
        "max": 244.8251247406006,
        "avg": 244.8251247406006
      }
    },
    "tcp": {
      "probes": [
        {
          "rtt": 244.73905563354492,
          "from": "202.76.18.62",
          "reached": false
        }
      ],
      "stats": {
        "count": 1,
        "responses": 1,
        "loss": 0.0,
        "min": 244.73905563354492,
        "max": 244.73905563354492,
        "avg": 244.73905563354492
      }
    },
    "icmp": {
      "probes": [
        {
          "rtt": 348.2060432434082,
          "from": "123.255.91.120",
          "reached": false
        }
      ],
      "stats": {
        "count": 1,
        "responses": 1,
        "loss": 0.0,
        "min": 348.2060432434082,
        "max": 348.2060432434082,
        "avg": 348.2060432434082
      }
    },
    "extensions": {}
  },
  "6": {
    "udp": {
      "probes": [
        {
          "rtt": 243.09873580932617,
          "from": "123.255.91.120",
          "reached": false
        }
      ],
      "stats": {
        "count": 1,
        "responses": 1,
        "loss": 0.0,
        "min": 243.09873580932617,
        "max": 243.09873580932617,
        "avg": 243.09873580932617
      }
    },
    "tcp": {
      "probes": [
        {
          "rtt": 347.9418754577637,
          "from": "104.44.42.190",
          "reached": false
        }
      ],
      "stats": {
        "count": 1,
        "responses": 1,
        "loss": 0.0,
        "min": 347.9418754577637,
        "max": 347.9418754577637,
        "avg": 347.9418754577637
      }
    },
    "icmp": {
      "probes": [
        {
          "rtt": 347.8720188140869,
          "from": "104.44.42.190",
          "reached": false
        }
      ],
      "stats": {
        "count": 1,
        "responses": 1,
        "loss": 0.0,
        "min": 347.8720188140869,
        "max": 347.8720188140869,
        "avg": 347.8720188140869
      }
    },
    "extensions": {}
  },
  "metadata": {
    "target": "20.205.4.176",
    "protocol": "udp",
    "ip_version": "4",
    "timestamp": "2025-05-09 11:15:18",
    "reached_target": false
  }
}