{
  "1": {
    "udp": {
      "probes": [
        {
          "rtt": 5.625009536743164,
          "from": "10.209.64.1",
          "reached": false
        }
      ],
      "stats": {
        "count": 1,
        "responses": 1,
        "loss": 0.0,
        "min": 5.625009536743164,
        "max": 5.625009536743164,
        "avg": 5.625009536743164
      }
    },
    "tcp": {
      "probes": [
        {
          "rtt": 5.544900894165039,
          "from": "10.209.64.1",
          "reached": false
        }
      ],
      "stats": {
        "count": 1,
        "responses": 1,
        "loss": 0.0,
        "min": 5.544900894165039,
        "max": 5.544900894165039,
        "avg": 5.544900894165039
      }
    },
    "icmp": {
      "probes": [
        {
          "rtt": 112.81704902648926,
          "from": "10.213.33.25",
          "reached": false
        }
      ],
      "stats": {
        "count": 1,
        "responses": 1,
        "loss": 0.0,
        "min": 112.81704902648926,
        "max": 112.81704902648926,
        "avg": 112.81704902648926
      }
    },
    "extensions": {}
  },
  "2": {
    "udp": {
      "probes": [
        {
          "rtt": 5.98907470703125,
          "from": "10.213.33.25",
          "reached": false
        }
      ],
      "stats": {
        "count": 1,
        "responses": 1,
        "loss": 0.0,
        "min": 5.98907470703125,
        "max": 5.98907470703125,
        "avg": 5.98907470703125
      }
    },
    "tcp": {
      "probes": [
        {
          "rtt": 108.9468002319336,
          "from": "10.213.32.41",
          "reached": false
        }
      ],
      "stats": {
        "count": 1,
        "responses": 1,
        "loss": 0.0,
        "min": 108.9468002319336,
        "max": 108.9468002319336,
        "avg": 108.9468002319336
      }
    },
    "icmp": {
      "probes": [
        {
          "rtt": 108.89196395874023,
          "from": "10.213.32.41",
          "reached": false
        }
      ],
      "stats": {
        "count": 1,
        "responses": 1,
        "loss": 0.0,
        "min": 108.89196395874023,
        "max": 108.89196395874023,
        "avg": 108.89196395874023
      }
    },
    "extensions": {}
  },
  "3": {
    "udp": {
      "probes": [
        {
          "rtt": 107.74827003479004,
          "from": "10.213.32.21",
          "reached": false
        }
      ],
      "stats": {
        "count": 1,
        "responses": 1,
        "loss": 0.0,
        "min": 107.74827003479004,
        "max": 107.74827003479004,
        "avg": 107.74827003479004
      }
    },
    "tcp": {
      "probes": [
        {
          "rtt": 107.7718734741211,
          "from": "10.213.32.21",
          "reached": false
        }
      ],
      "stats": {
        "count": 1,
        "responses": 1,
        "loss": 0.0,
        "min": 107.7718734741211,
        "max": 107.7718734741211,
        "avg": 107.7718734741211
      }
    },
    "icmp": {
      "probes": [
        {
          "rtt": 241.46199226379395,
          "from": "202.76.48.118",
          "reached": false
        }
      ],
      "stats": {
        "count": 1,
        "responses": 1,
        "loss": 0.0,
        "min": 241.46199226379395,
        "max": 241.46199226379395,
        "avg": 241.46199226379395
      }
    },
    "extensions": {}
  },
  "4": {
    "udp": {
      "probes": [
        {
          "rtt": 141.06488227844238,
          "from": "202.76.48.118",
          "reached": false
        }
      ],
      "stats": {
        "count": 1,
        "responses": 1,
        "loss": 0.0,
        "min": 141.06488227844238,
        "max": 141.06488227844238,
        "avg": 141.06488227844238
      }
    },
    "tcp": {
      "probes": [
        {
          "rtt": 240.0519847869873,
          "from": "202.76.18.76",
          "reached": false
        }
      ],
      "stats": {
        "count": 1,
        "responses": 1,
        "loss": 0.0,
        "min": 240.0519847869873,
        "max": 240.0519847869873,
        "avg": 240.0519847869873
      }
    },
    "icmp": {
      "probes": [
        {
          "rtt": 240.0362491607666,
          "from": "202.76.18.76",
          "reached": false
        }
      ],
      "stats": {
        "count": 1,
        "responses": 1,
        "loss": 0.0,
        "min": 240.0362491607666,
        "max": 240.0362491607666,
        "avg": 240.0362491607666
      }
    },
    "extensions": {}
  },
  "5": {
    "udp": {
      "probes": [
        {
          "rtt": 241.8210506439209,
          "from": "202.76.18.62",
          "reached": false
        }
      ],
      "stats": {
        "count": 1,
        "responses": 1,
        "loss": 0.0,
        "min": 241.8210506439209,
        "max": 241.8210506439209,
        "avg": 241.8210506439209
      }
    },
    "tcp": {
      "probes": [
        {
          "rtt": 241.7919635772705,
          "from": "202.76.18.62",
          "reached": false
        }
      ],
      "stats": {
        "count": 1,
        "responses": 1,
        "loss": 0.0,
        "min": 241.7919635772705,
        "max": 241.7919635772705,
        "avg": 241.7919635772705
      }
    },
    "icmp": {
      "probes": [
        {
          "rtt": 347.5818634033203,
          "from": "123.255.91.61",
          "reached": false
        }
      ],
      "stats": {
        "count": 1,
        "responses": 1,
        "loss": 0.0,
        "min": 347.5818634033203,
        "max": 347.5818634033203,
        "avg": 347.5818634033203
      }
    },
    "extensions": {}
  },
  "6": {
    "udp": {
      "probes": [
        {
          "rtt": 246.30975723266602,
          "from": "123.255.91.61",
          "reached": false
        }
      ],
      "stats": {
        "count": 1,
        "responses": 1,
        "loss": 0.0,
        "min": 246.30975723266602,
        "max": 246.30975723266602,
        "avg": 246.30975723266602
      }
    },
    "tcp": {
      "probes": [],
      "stats": {}
    },
    "icmp": {
      "probes": [],
      "stats": {}
    },
    "extensions": {}
  },
  "metadata": {
    "target": "103.235.46.102",
    "protocol": "udp",
    "ip_version": "4",
    "timestamp": "2025-05-09 13:39:20",
    "reached_target": false
  }
}