{
  "1": {
    "udp": {
      "probes": [
        {
          "rtt": 4.284858703613281,
          "from": "10.209.64.1",
          "reached": false
        }
      ],
      "stats": {
        "count": 1,
        "responses": 1,
        "loss": 0.0,
        "min": 4.284858703613281,
        "max": 4.284858703613281,
        "avg": 4.284858703613281
      }
    },
    "tcp": {
      "probes": [
        {
          "rtt": 4.261016845703125,
          "from": "10.209.64.1",
          "reached": false
        }
      ],
      "stats": {
        "count": 1,
        "responses": 1,
        "loss": 0.0,
        "min": 4.261016845703125,
        "max": 4.261016845703125,
        "avg": 4.261016845703125
      }
    },
    "icmp": {
      "probes": [
        {
          "rtt": 115.12398719787598,
          "from": "10.213.33.33",
          "reached": false
        }
      ],
      "stats": {
        "count": 1,
        "responses": 1,
        "loss": 0.0,
        "min": 115.12398719787598,
        "max": 115.12398719787598,
        "avg": 115.12398719787598
      }
    },
    "extensions": {}
  },
  "2": {
    "udp": {
      "probes": [
        {
          "rtt": 5.784034729003906,
          "from": "10.213.33.33",
          "reached": false
        }
      ],
      "stats": {
        "count": 1,
        "responses": 1,
        "loss": 0.0,
        "min": 5.784034729003906,
        "max": 5.784034729003906,
        "avg": 5.784034729003906
      }
    },
    "tcp": {
      "probes": [
        {
          "rtt": 116.2109375,
          "from": "10.213.32.41",
          "reached": false
        }
      ],
      "stats": {
        "count": 1,
        "responses": 1,
        "loss": 0.0,
        "min": 116.2109375,
        "max": 116.2109375,
        "avg": 116.2109375
      }
    },
    "icmp": {
      "probes": [
        {
          "rtt": 116.20402336120605,
          "from": "10.213.32.41",
          "reached": false
        }
      ],
      "stats": {
        "count": 1,
        "responses": 1,
        "loss": 0.0,
        "min": 116.20402336120605,
        "max": 116.20402336120605,
        "avg": 116.20402336120605
      }
    },
    "extensions": {}
  },
  "3": {
    "udp": {
      "probes": [
        {
          "rtt": 110.66508293151855,
          "from": "10.213.32.22",
          "reached": false
        }
      ],
      "stats": {
        "count": 1,
        "responses": 1,
        "loss": 0.0,
        "min": 110.66508293151855,
        "max": 110.66508293151855,
        "avg": 110.66508293151855
      }
    },
    "tcp": {
      "probes": [
        {
          "rtt": 110.62812805175781,
          "from": "10.213.32.22",
          "reached": false
        }
      ],
      "stats": {
        "count": 1,
        "responses": 1,
        "loss": 0.0,
        "min": 110.62812805175781,
        "max": 110.62812805175781,
        "avg": 110.62812805175781
      }
    },
    "icmp": {
      "probes": [
        {
          "rtt": 243.77799034118652,
          "from": "203.85.128.94",
          "reached": false
        }
      ],
      "stats": {
        "count": 1,
        "responses": 1,
        "loss": 0.0,
        "min": 243.77799034118652,
        "max": 243.77799034118652,
        "avg": 243.77799034118652
      }
    },
    "extensions": {}
  },
  "4": {
    "udp": {
      "probes": [
        {
          "rtt": 138.9749050140381,
          "from": "203.85.128.94",
          "reached": false
        }
      ],
      "stats": {
        "count": 1,
        "responses": 1,
        "loss": 0.0,
        "min": 138.9749050140381,
        "max": 138.9749050140381,
        "avg": 138.9749050140381
      }
    },
    "tcp": {
      "probes": [
        {
          "rtt": 243.33906173706055,
          "from": "202.76.18.72",
          "reached": false
        }
      ],
      "stats": {
        "count": 1,
        "responses": 1,
        "loss": 0.0,
        "min": 243.33906173706055,
        "max": 243.33906173706055,
        "avg": 243.33906173706055
      }
    },
    "icmp": {
      "probes": [
        {
          "rtt": 243.31378936767578,
          "from": "202.76.18.72",
          "reached": false
        }
      ],
      "stats": {
        "count": 1,
        "responses": 1,
        "loss": 0.0,
        "min": 243.31378936767578,
        "max": 243.31378936767578,
        "avg": 243.31378936767578
      }
    },
    "extensions": {}
  },
  "5": {
    "udp": {
      "probes": [
        {
          "rtt": 242.4161434173584,
          "from": "202.76.18.64",
          "reached": false
        }
      ],
      "stats": {
        "count": 1,
        "responses": 1,
        "loss": 0.0,
        "min": 242.4161434173584,
        "max": 242.4161434173584,
        "avg": 242.4161434173584
      }
    },
    "tcp": {
      "probes": [
        {
          "rtt": 242.38896369934082,
          "from": "202.76.18.64",
          "reached": false
        }
      ],
      "stats": {
        "count": 1,
        "responses": 1,
        "loss": 0.0,
        "min": 242.38896369934082,
        "max": 242.38896369934082,
        "avg": 242.38896369934082
      }
    },
    "icmp": {
      "probes": [
        {
          "rtt": 346.2400436401367,
          "from": "203.131.241.129",
          "reached": false
        }
      ],
      "stats": {
        "count": 1,
        "responses": 1,
        "loss": 0.0,
        "min": 346.2400436401367,
        "max": 346.2400436401367,
        "avg": 346.2400436401367
      }
    },
    "extensions": {}
  },
  "6": {
    "udp": {
      "probes": [
        {
          "rtt": 242.29097366333008,
          "from": "203.131.241.129",
          "reached": false
        }
      ],
      "stats": {
        "count": 1,
        "responses": 1,
        "loss": 0.0,
        "min": 242.29097366333008,
        "max": 242.29097366333008,
        "avg": 242.29097366333008
      }
    },
    "tcp": {
      "probes": [
        {
          "rtt": 488.27600479125977,
          "from": "129.250.7.12",
          "reached": false
        }
      ],
      "stats": {
        "count": 1,
        "responses": 1,
        "loss": 0.0,
        "min": 488.27600479125977,
        "max": 488.27600479125977,
        "avg": 488.27600479125977
      }
    },
    "icmp": {
      "probes": [
        {
          "rtt": 488.2669448852539,
          "from": "129.250.7.12",
          "reached": false
        }
      ],
      "stats": {
        "count": 1,
        "responses": 1,
        "loss": 0.0,
        "min": 488.2669448852539,
        "max": 488.2669448852539,
        "avg": 488.2669448852539
      }
    },
    "extensions": {}
  },
  "7": {
    "udp": {
      "probes": [
        {
          "rtt": 489.8512363433838,
          "from": "129.250.6.65",
          "reached": false
        }
      ],
      "stats": {
        "count": 1,
        "responses": 1,
        "loss": 0.0,
        "min": 489.8512363433838,
        "max": 489.8512363433838,
        "avg": 489.8512363433838
      }
    },
    "tcp": {
      "probes": [
        {
          "rtt": 489.8080825805664,
          "from": "129.250.6.65",
          "reached": false
        }
      ],
      "stats": {
        "count": 1,
        "responses": 1,
        "loss": 0.0,
        "min": 489.8080825805664,
        "max": 489.8080825805664,
        "avg": 489.8080825805664
      }
    },
    "icmp": {
      "probes": [],
      "stats": {}
    },
    "extensions": {}
  },
  "metadata": {
    "target": "66.254.114.41",
    "protocol": "udp",
    "ip_version": "4",
    "timestamp": "2025-05-08 23:39:05",
    "reached_target": false
  }
}