{
  "1": {
    "udp": {
      "probes": [
        {
          "rtt": 4.81724739074707,
          "from": "10.209.64.1",
          "reached": false
        }
      ],
      "stats": {
        "count": 1,
        "responses": 1,
        "loss": 0.0,
        "min": 4.81724739074707,
        "max": 4.81724739074707,
        "avg": 4.81724739074707
      }
    },
    "tcp": {
      "probes": [
        {
          "rtt": 4.807233810424805,
          "from": "10.209.64.1",
          "reached": false
        }
      ],
      "stats": {
        "count": 1,
        "responses": 1,
        "loss": 0.0,
        "min": 4.807233810424805,
        "max": 4.807233810424805,
        "avg": 4.807233810424805
      }
    },
    "icmp": {
      "probes": [
        {
          "rtt": 112.73789405822754,
          "from": "10.213.33.25",
          "reached": false
        }
      ],
      "stats": {
        "count": 1,
        "responses": 1,
        "loss": 0.0,
        "min": 112.73789405822754,
        "max": 112.73789405822754,
        "avg": 112.73789405822754
      }
    },
    "extensions": {}
  },
  "2": {
    "udp": {
      "probes": [
        {
          "rtt": 6.550073623657227,
          "from": "10.213.33.25",
          "reached": false
        }
      ],
      "stats": {
        "count": 1,
        "responses": 1,
        "loss": 0.0,
        "min": 6.550073623657227,
        "max": 6.550073623657227,
        "avg": 6.550073623657227
      }
    },
    "tcp": {
      "probes": [
        {
          "rtt": 110.71491241455078,
          "from": "10.213.32.41",
          "reached": false
        }
      ],
      "stats": {
        "count": 1,
        "responses": 1,
        "loss": 0.0,
        "min": 110.71491241455078,
        "max": 110.71491241455078,
        "avg": 110.71491241455078
      }
    },
    "icmp": {
      "probes": [
        {
          "rtt": 110.70990562438965,
          "from": "10.213.32.41",
          "reached": false
        }
      ],
      "stats": {
        "count": 1,
        "responses": 1,
        "loss": 0.0,
        "min": 110.70990562438965,
        "max": 110.70990562438965,
        "avg": 110.70990562438965
      }
    },
    "extensions": {}
  },
  "3": {
    "udp": {
      "probes": [
        {
          "rtt": 109.34090614318848,
          "from": "10.213.32.21",
          "reached": false
        }
      ],
      "stats": {
        "count": 1,
        "responses": 1,
        "loss": 0.0,
        "min": 109.34090614318848,
        "max": 109.34090614318848,
        "avg": 109.34090614318848
      }
    },
    "tcp": {
      "probes": [
        {
          "rtt": 109.27510261535645,
          "from": "10.213.32.21",
          "reached": false
        }
      ],
      "stats": {
        "count": 1,
        "responses": 1,
        "loss": 0.0,
        "min": 109.27510261535645,
        "max": 109.27510261535645,
        "avg": 109.27510261535645
      }
    },
    "icmp": {
      "probes": [
        {
          "rtt": 245.682954788208,
          "from": "202.76.48.118",
          "reached": false
        }
      ],
      "stats": {
        "count": 1,
        "responses": 1,
        "loss": 0.0,
        "min": 245.682954788208,
        "max": 245.682954788208,
        "avg": 245.682954788208
      }
    },
    "extensions": {}
  },
  "4": {
    "udp": {
      "probes": [
        {
          "rtt": 142.9281234741211,
          "from": "202.76.48.118",
          "reached": false
        }
      ],
      "stats": {
        "count": 1,
        "responses": 1,
        "loss": 0.0,
        "min": 142.9281234741211,
        "max": 142.9281234741211,
        "avg": 142.9281234741211
      }
    },
    "tcp": {
      "probes": [
        {
          "rtt": 249.57799911499023,
          "from": "202.76.18.76",
          "reached": false
        }
      ],
      "stats": {
        "count": 1,
        "responses": 1,
        "loss": 0.0,
        "min": 249.57799911499023,
        "max": 249.57799911499023,
        "avg": 249.57799911499023
      }
    },
    "icmp": {
      "probes": [
        {
          "rtt": 249.55415725708008,
          "from": "202.76.18.76",
          "reached": false
        }
      ],
      "stats": {
        "count": 1,
        "responses": 1,
        "loss": 0.0,
        "min": 249.55415725708008,
        "max": 249.55415725708008,
        "avg": 249.55415725708008
      }
    },
    "extensions": {}
  },
  "5": {
    "udp": {
      "probes": [
        {
          "rtt": 246.47879600524902,
          "from": "202.76.18.62",
          "reached": false
        }
      ],
      "stats": {
        "count": 1,
        "responses": 1,
        "loss": 0.0,
        "min": 246.47879600524902,
        "max": 246.47879600524902,
        "avg": 246.47879600524902
      }
    },
    "tcp": {
      "probes": [
        {
          "rtt": 246.26684188842773,
          "from": "202.76.18.62",
          "reached": false
        }
      ],
      "stats": {
        "count": 1,
        "responses": 1,
        "loss": 0.0,
        "min": 246.26684188842773,
        "max": 246.26684188842773,
        "avg": 246.26684188842773
      }
    },
    "icmp": {
      "probes": [
        {
          "rtt": 352.5731563568115,
          "from": "123.255.91.61",
          "reached": false
        }
      ],
      "stats": {
        "count": 1,
        "responses": 1,
        "loss": 0.0,
        "min": 352.5731563568115,
        "max": 352.5731563568115,
        "avg": 352.5731563568115
      }
    },
    "extensions": {}
  },
  "6": {
    "udp": {
      "probes": [
        {
          "rtt": 247.72310256958008,
          "from": "123.255.91.61",
          "reached": false
        }
      ],
      "stats": {
        "count": 1,
        "responses": 1,
        "loss": 0.0,
        "min": 247.72310256958008,
        "max": 247.72310256958008,
        "avg": 247.72310256958008
      }
    },
    "tcp": {
      "probes": [],
      "stats": {}
    },
    "icmp": {
      "probes": [],
      "stats": {}
    },
    "extensions": {}
  },
  "metadata": {
    "target": "103.235.46.102",
    "protocol": "udp",
    "ip_version": "4",
    "timestamp": "2025-05-09 00:31:17",
    "reached_target": false
  }
}