{
  "1": {
    "udp": {
      "probes": [
        {
          "rtt": 6.659030914306641,
          "from": "10.209.64.1",
          "reached": false
        }
      ],
      "stats": {
        "count": 1,
        "responses": 1,
        "loss": 0.0,
        "min": 6.659030914306641,
        "max": 6.659030914306641,
        "avg": 6.659030914306641
      }
    },
    "tcp": {
      "probes": [
        {
          "rtt": 6.615877151489258,
          "from": "10.209.64.1",
          "reached": false
        }
      ],
      "stats": {
        "count": 1,
        "responses": 1,
        "loss": 0.0,
        "min": 6.615877151489258,
        "max": 6.615877151489258,
        "avg": 6.615877151489258
      }
    },
    "icmp": {
      "probes": [
        {
          "rtt": 108.52599143981934,
          "from": "10.213.33.25",
          "reached": false
        }
      ],
      "stats": {
        "count": 1,
        "responses": 1,
        "loss": 0.0,
        "min": 108.52599143981934,
        "max": 108.52599143981934,
        "avg": 108.52599143981934
      }
    },
    "extensions": {}
  },
  "2": {
    "udp": {
      "probes": [
        {
          "rtt": 7.451772689819336,
          "from": "10.213.33.25",
          "reached": false
        }
      ],
      "stats": {
        "count": 1,
        "responses": 1,
        "loss": 0.0,
        "min": 7.451772689819336,
        "max": 7.451772689819336,
        "avg": 7.451772689819336
      }
    },
    "tcp": {
      "probes": [
        {
          "rtt": 113.0220890045166,
          "from": "10.213.32.33",
          "reached": false
        }
      ],
      "stats": {
        "count": 1,
        "responses": 1,
        "loss": 0.0,
        "min": 113.0220890045166,
        "max": 113.0220890045166,
        "avg": 113.0220890045166
      }
    },
    "icmp": {
      "probes": [
        {
          "rtt": 113.01279067993164,
          "from": "10.213.32.33",
          "reached": false
        }
      ],
      "stats": {
        "count": 1,
        "responses": 1,
        "loss": 0.0,
        "min": 113.01279067993164,
        "max": 113.01279067993164,
        "avg": 113.01279067993164
      }
    },
    "extensions": {}
  },
  "3": {
    "udp": {
      "probes": [
        {
          "rtt": 109.81130599975586,
          "from": "10.213.32.13",
          "reached": false
        }
      ],
      "stats": {
        "count": 1,
        "responses": 1,
        "loss": 0.0,
        "min": 109.81130599975586,
        "max": 109.81130599975586,
        "avg": 109.81130599975586
      }
    },
    "tcp": {
      "probes": [
        {
          "rtt": 109.77292060852051,
          "from": "10.213.32.13",
          "reached": false
        }
      ],
      "stats": {
        "count": 1,
        "responses": 1,
        "loss": 0.0,
        "min": 109.77292060852051,
        "max": 109.77292060852051,
        "avg": 109.77292060852051
      }
    },
    "icmp": {
      "probes": [
        {
          "rtt": 217.53716468811035,
          "from": "101.95.116.73",
          "reached": false
        }
      ],
      "stats": {
        "count": 1,
        "responses": 1,
        "loss": 0.0,
        "min": 217.53716468811035,
        "max": 217.53716468811035,
        "avg": 217.53716468811035
      }
    },
    "extensions": {}
  },
  "4": {
    "udp": {
      "probes": [
        {
          "rtt": 115.92411994934082,
          "from": "101.95.116.73",
          "reached": false
        }
      ],
      "stats": {
        "count": 1,
        "responses": 1,
        "loss": 0.0,
        "min": 115.92411994934082,
        "max": 115.92411994934082,
        "avg": 115.92411994934082
      }
    },
    "tcp": {
      "probes": [
        {
          "rtt": 219.0389633178711,
          "from": "101.95.89.37",
          "reached": false
        }
      ],
      "stats": {
        "count": 1,
        "responses": 1,
        "loss": 0.0,
        "min": 219.0389633178711,
        "max": 219.0389633178711,
        "avg": 219.0389633178711
      }
    },
    "icmp": {
      "probes": [
        {
          "rtt": 219.0392017364502,
          "from": "101.95.89.41",
          "reached": false
        }
      ],
      "stats": {
        "count": 1,
        "responses": 1,
        "loss": 0.0,
        "min": 219.0392017364502,
        "max": 219.0392017364502,
        "avg": 219.0392017364502
      }
    },
    "extensions": {}
  },
  "5": {
    "udp": {
      "probes": [
        {
          "rtt": 218.5800075531006,
          "from": "101.95.89.34",
          "reached": false
        }
      ],
      "stats": {
        "count": 1,
        "responses": 1,
        "loss": 0.0,
        "min": 218.5800075531006,
        "max": 218.5800075531006,
        "avg": 218.5800075531006
      }
    },
    "tcp": {
      "probes": [
        {
          "rtt": 218.52898597717285,
          "from": "101.95.89.34",
          "reached": false
        }
      ],
      "stats": {
        "count": 1,
        "responses": 1,
        "loss": 0.0,
        "min": 218.52898597717285,
        "max": 218.52898597717285,
        "avg": 218.52898597717285
      }
    },
    "icmp": {
      "probes": [
        {
          "rtt": 323.2231140136719,
          "from": "101.95.88.37",
          "reached": false
        }
      ],
      "stats": {
        "count": 1,
        "responses": 1,
        "loss": 0.0,
        "min": 323.2231140136719,
        "max": 323.2231140136719,
        "avg": 323.2231140136719
      }
    },
    "extensions": {}
  },
  "6": {
    "udp": {
      "probes": [
        {
          "rtt": 218.15872192382812,
          "from": "101.95.88.37",
          "reached": false
        }
      ],
      "stats": {
        "count": 1,
        "responses": 1,
        "loss": 0.0,
        "min": 218.15872192382812,
        "max": 218.15872192382812,
        "avg": 218.15872192382812
      }
    },
    "tcp": {
      "probes": [
        {
          "rtt": 328.1562328338623,
          "from": "59.43.132.154",
          "reached": false
        }
      ],
      "stats": {
        "count": 1,
        "responses": 1,
        "loss": 0.0,
        "min": 328.1562328338623,
        "max": 328.1562328338623,
        "avg": 328.1562328338623
      }
    },
    "icmp": {
      "probes": [
        {
          "rtt": 328.1381130218506,
          "from": "59.43.132.154",
          "reached": false
        }
      ],
      "stats": {
        "count": 1,
        "responses": 1,
        "loss": 0.0,
        "min": 328.1381130218506,
        "max": 328.1381130218506,
        "avg": 328.1381130218506
      }
    },
    "extensions": {}
  },
  "7": {
    "udp": {
      "probes": [
        {
          "rtt": 426.43284797668457,
          "from": "58.213.94.54",
          "reached": false
        }
      ],
      "stats": {
        "count": 1,
        "responses": 1,
        "loss": 0.0,
        "min": 426.43284797668457,
        "max": 426.43284797668457,
        "avg": 426.43284797668457
      }
    },
    "tcp": {
      "probes": [
        {
          "rtt": 426.39923095703125,
          "from": "58.213.94.54",
          "reached": false
        }
      ],
      "stats": {
        "count": 1,
        "responses": 1,
        "loss": 0.0,
        "min": 426.39923095703125,
        "max": 426.39923095703125,
        "avg": 426.39923095703125
      }
    },
    "icmp": {
      "probes": [
        {
          "rtt": 530.3149223327637,
          "from": "58.213.94.206",
          "reached": false
        }
      ],
      "stats": {
        "count": 1,
        "responses": 1,
        "loss": 0.0,
        "min": 530.3149223327637,
        "max": 530.3149223327637,
        "avg": 530.3149223327637
      }
    },
    "extensions": {}
  },
  "8": {
    "udp": {
      "probes": [
        {
          "rtt": 425.27222633361816,
          "from": "58.213.94.206",
          "reached": false
        }
      ],
      "stats": {
        "count": 1,
        "responses": 1,