{
  "1": {
    "udp": {
      "probes": [
        {
          "rtt": 15.240192413330078,
          "from": "10.209.64.1",
          "reached": false
        }
      ],
      "stats": {
        "count": 1,
        "responses": 1,
        "loss": 0.0,
        "min": 15.240192413330078,
        "max": 15.240192413330078,
        "avg": 15.240192413330078
      }
    },
    "tcp": {
      "probes": [
        {
          "rtt": 13.796091079711914,
          "from": "10.209.64.1",
          "reached": false
        }
      ],
      "stats": {
        "count": 1,
        "responses": 1,
        "loss": 0.0,
        "min": 13.796091079711914,
        "max": 13.796091079711914,
        "avg": 13.796091079711914
      }
    },
    "icmp": {
      "probes": [
        {
          "rtt": 111.48881912231445,
          "from": "10.213.33.33",
          "reached": false
        }
      ],
      "stats": {
        "count": 1,
        "responses": 1,
        "loss": 0.0,
        "min": 111.48881912231445,
        "max": 111.48881912231445,
        "avg": 111.48881912231445
      }
    },
    "extensions": {}
  },
  "2": {
    "udp": {
      "probes": [
        {
          "rtt": 8.20016860961914,
          "from": "10.213.33.33",
          "reached": false
        }
      ],
      "stats": {
        "count": 1,
        "responses": 1,
        "loss": 0.0,
        "min": 8.20016860961914,
        "max": 8.20016860961914,
        "avg": 8.20016860961914
      }
    },
    "tcp": {
      "probes": [
        {
          "rtt": 113.32392692565918,
          "from": "10.213.32.41",
          "reached": false
        }
      ],
      "stats": {
        "count": 1,
        "responses": 1,
        "loss": 0.0,
        "min": 113.32392692565918,
        "max": 113.32392692565918,
        "avg": 113.32392692565918
      }
    },
    "icmp": {
      "probes": [
        {
          "rtt": 113.28887939453125,
          "from": "10.213.32.41",
          "reached": false
        }
      ],
      "stats": {
        "count": 1,
        "responses": 1,
        "loss": 0.0,
        "min": 113.28887939453125,
        "max": 113.28887939453125,
        "avg": 113.28887939453125
      }
    },
    "extensions": {}
  },
  "3": {
    "udp": {
      "probes": [
        {
          "rtt": 108.86287689208984,
          "from": "10.213.32.22",
          "reached": false
        }
      ],
      "stats": {
        "count": 1,
        "responses": 1,
        "loss": 0.0,
        "min": 108.86287689208984,
        "max": 108.86287689208984,
        "avg": 108.86287689208984
      }
    },
    "tcp": {
      "probes": [
        {
          "rtt": 108.74009132385254,
          "from": "10.213.32.22",
          "reached": false
        }
      ],
      "stats": {
        "count": 1,
        "responses": 1,
        "loss": 0.0,
        "min": 108.74009132385254,
        "max": 108.74009132385254,
        "avg": 108.74009132385254
      }
    },
    "icmp": {
      "probes": [
        {
          "rtt": 242.74301528930664,
          "from": "203.85.128.94",
          "reached": false
        }
      ],
      "stats": {
        "count": 1,
        "responses": 1,
        "loss": 0.0,
        "min": 242.74301528930664,
        "max": 242.74301528930664,
        "avg": 242.74301528930664
      }
    },
    "extensions": {}
  },
  "4": {
    "udp": {
      "probes": [
        {
          "rtt": 142.4551010131836,
          "from": "203.85.128.94",
          "reached": false
        }
      ],
      "stats": {
        "count": 1,
        "responses": 1,
        "loss": 0.0,
        "min": 142.4551010131836,
        "max": 142.4551010131836,
        "avg": 142.4551010131836
      }
    },
    "tcp": {
      "probes": [
        {
          "rtt": 242.59376525878906,
          "from": "202.76.18.72",
          "reached": false
        }
      ],
      "stats": {
        "count": 1,
        "responses": 1,
        "loss": 0.0,
        "min": 242.59376525878906,
        "max": 242.59376525878906,
        "avg": 242.59376525878906
      }
    },
    "icmp": {
      "probes": [
        {
          "rtt": 248.95000457763672,
          "from": "202.76.18.72",
          "reached": false
        }
      ],
      "stats": {
        "count": 1,
        "responses": 1,
        "loss": 0.0,
        "min": 248.95000457763672,
        "max": 248.95000457763672,
        "avg": 248.95000457763672
      }
    },
    "extensions": {}
  },
  "5": {
    "udp": {
      "probes": [
        {
          "rtt": 242.36178398132324,
          "from": "202.76.18.64",
          "reached": false
        }
      ],
      "stats": {
        "count": 1,
        "responses": 1,
        "loss": 0.0,
        "min": 242.36178398132324,
        "max": 242.36178398132324,
        "avg": 242.36178398132324
      }
    },
    "tcp": {
      "probes": [
        {
          "rtt": 242.25521087646484,
          "from": "202.76.18.64",
          "reached": false
        }
      ],
      "stats": {
        "count": 1,
        "responses": 1,
        "loss": 0.0,
        "min": 242.25521087646484,
        "max": 242.25521087646484,
        "avg": 242.25521087646484
      }
    },
    "icmp": {
      "probes": [
        {
          "rtt": 347.6748466491699,
          "from": "203.131.241.129",
          "reached": false
        }
      ],
      "stats": {
        "count": 1,
        "responses": 1,
        "loss": 0.0,
        "min": 347.6748466491699,
        "max": 347.6748466491699,
        "avg": 347.6748466491699
      }
    },
    "extensions": {}
  },
  "6": {
    "udp": {
      "probes": [
        {
          "rtt": 246.37508392333984,
          "from": "203.131.241.129",
          "reached": false
        }
      ],
      "stats": {
        "count": 1,
        "responses": 1,
        "loss": 0.0,
        "min": 246.37508392333984,
        "max": 246.37508392333984,
        "avg": 246.37508392333984
      }
    },
    "tcp": {
      "probes": [
        {
          "rtt": 495.4190254211426,
          "from": "129.250.7.12",
          "reached": false
        }
      ],
      "stats": {
        "count": 1,
        "responses": 1,
        "loss": 0.0,
        "min": 495.4190254211426,
        "max": 495.4190254211426,
        "avg": 495.4190254211426
      }
    },
    "icmp": {
      "probes": [
        {
          "rtt": 495.4342842102051,
          "from": "129.250.7.12",
          "reached": false
        }
      ],
      "stats": {
        "count": 1,
        "responses": 1,
        "loss": 0.0,
        "min": 495.4342842102051,
        "max": 495.4342842102051,
        "avg": 495.4342842102051
      }
    },
    "extensions": {}
  },
  "7": {
    "udp": {
      "probes": [
        {
          "rtt": 487.90907859802246,
          "from": "129.250.6.63",
          "reached": false
        }
      ],
      "stats": {
        "count": 1,
        "responses": 1,
        "loss": 0.0,
        "min": 487.90907859802246,
        "max": 487.90907859802246,
        "avg": 487.90907859802246
      }
    },
    "tcp": {
      "probes": [
        {
          "rtt": 488.0108833312988,
          "from": "129.250.6.63",
          "reached": false
        }
      ],
      "stats": {
        "count": 1,
        "responses": 1,
        "loss": 0.0,
        "min": 488.0108833312988,
        "max": 488.0108833312988,
        "avg": 488.0108833312988
      }
    },
    "icmp": {
      "probes": [],
      "stats": {}
    },
    "extensions": {}
  },
  "metadata": {
    "target": "66.254.114.41",
    "protocol": "udp",
    "ip_version": "4",
    "timestamp": "2025-05-09 11:18:32",
    "reached_target": false
  }
}