{
  "1": {
    "udp": {
      "probes": [
        {
          "rtt": 17.529964447021484,
          "from": "190.211.2.1",
          "reached": true
        },
        {
          "rtt": 30.155181884765625,
          "from": "190.211.2.1",
          "reached": true
        }
      ],
      "stats": {
        "count": 2,
        "responses": 2,
        "loss": 0.0,
        "min": 17.529964447021484,
        "max": 30.155181884765625,
        "avg": 23.842573165893555
      }
    },
    "tcp": {
      "probes": [
        {
          "rtt": 5.595922470092773,
          "from": "10.209.64.1",
          "reached": false
        }
      ],
      "stats": {
        "count": 1,
        "responses": 1,
        "loss": 0.0,
        "min": 5.595922470092773,
        "max": 5.595922470092773,
        "avg": 5.595922470092773
      }
    },
    "icmp": {
      "probes": [
        {
          "rtt": 39.70003128051758,
          "from": "190.211.2.1",
          "reached": true
        }
      ],
      "stats": {
        "count": 1,
        "responses": 1,
        "loss": 0.0,
        "min": 39.70003128051758,
        "max": 39.70003128051758,
        "avg": 39.70003128051758
      }
    },
    "extensions": {}
  },
  "metadata": {
    "target": "190.211.2.1",
    "protocol": "udp",
    "ip_version": "4",
    "timestamp": "2025-05-14 20:05:35",
    "reached_target": true
  }
}