{
  "1": {
    "udp": {
      "probes": [
        {
          "rtt": 11.876821517944336,
          "from": "10.209.64.1",
          "reached": false
        }
      ],
      "stats": {
        "count": 1,
        "responses": 1,
        "loss": 0.0,
        "min": 11.876821517944336,
        "max": 11.876821517944336,
        "avg": 11.876821517944336
      }
    },
    "tcp": {
      "probes": [
        {
          "rtt": 11.834144592285156,
          "from": "10.209.64.1",
          "reached": false
        }
      ],
      "stats": {
        "count": 1,
        "responses": 1,
        "loss": 0.0,
        "min": 11.834144592285156,
        "max": 11.834144592285156,
        "avg": 11.834144592285156
      }
    },
    "icmp": {
      "probes": [
        {
          "rtt": 121.3529109954834,
          "from": "10.213.33.25",
          "reached": false
        }
      ],
      "stats": {
        "count": 1,
        "responses": 1,
        "loss": 0.0,
        "min": 121.3529109954834,
        "max": 121.3529109954834,
        "avg": 121.3529109954834
      }
    },
    "extensions": {}
  },
  "2": {
    "udp": {
      "probes": [
        {
          "rtt": 15.045881271362305,
          "from": "10.213.33.25",
          "reached": false
        }
      ],
      "stats": {
        "count": 1,
        "responses": 1,
        "loss": 0.0,
        "min": 15.045881271362305,
        "max": 15.045881271362305,
        "avg": 15.045881271362305
      }
    },
    "tcp": {
      "probes": [
        {
          "rtt": 149.1382122039795,
          "from": "10.213.32.49",
          "reached": false
        }
      ],
      "stats": {
        "count": 1,
        "responses": 1,
        "loss": 0.0,
        "min": 149.1382122039795,
        "max": 149.1382122039795,
        "avg": 149.1382122039795
      }
    },
    "icmp": {
      "probes": [
        {
          "rtt": 149.20496940612793,
          "from": "10.213.32.49",
          "reached": false
        }
      ],
      "stats": {
        "count": 1,
        "responses": 1,
        "loss": 0.0,
        "min": 149.20496940612793,
        "max": 149.20496940612793,
        "avg": 149.20496940612793
      }
    },
    "extensions": {}
  },
  "3": {
    "udp": {
      "probes": [
        {
          "rtt": 306.32591247558594,
          "from": "172.28.147.5",
          "reached": false
        }
      ],
      "stats": {
        "count": 1,
        "responses": 1,
        "loss": 0.0,
        "min": 306.32591247558594,
        "max": 306.32591247558594,
        "avg": 306.32591247558594
      }
    },
    "tcp": {
      "probes": [
        {
          "rtt": 306.2748908996582,
          "from": "172.28.147.5",
          "reached": false
        }
      ],
      "stats": {
        "count": 1,
        "responses": 1,
        "loss": 0.0,
        "min": 306.2748908996582,
        "max": 306.2748908996582,
        "avg": 306.2748908996582
      }
    },
    "icmp": {
      "probes": [
        {
          "rtt": 411.696195602417,
          "from": "10.254.4.130",
          "reached": false
        }
      ],
      "stats": {
        "count": 1,
        "responses": 1,
        "loss": 0.0,
        "min": 411.696195602417,
        "max": 411.696195602417,
        "avg": 411.696195602417
      }
    },
    "extensions": {}
  },
  "4": {
    "udp": {
      "probes": [
        {
          "rtt": 308.40277671813965,
          "from": "10.254.4.130",
          "reached": false
        }
      ],
      "stats": {
        "count": 1,
        "responses": 1,
        "loss": 0.0,
        "min": 308.40277671813965,
        "max": 308.40277671813965,
        "avg": 308.40277671813965
      }
    },
    "tcp": {
      "probes": [
        {
          "rtt": 411.9889736175537,
          "from": "10.254.4.123",
          "reached": false
        }
      ],
      "stats": {
        "count": 1,
        "responses": 1,
        "loss": 0.0,
        "min": 411.9889736175537,
        "max": 411.9889736175537,
        "avg": 411.9889736175537
      }
    },
    "icmp": {
      "probes": [
        {
          "rtt": 411.8530750274658,
          "from": "10.254.4.123",
          "reached": false
        }
      ],
      "stats": {
        "count": 1,
        "responses": 1,
        "loss": 0.0,
        "min": 411.8530750274658,
        "max": 411.8530750274658,
        "avg": 411.8530750274658
      }
    },
    "extensions": {}
  },
  "5": {
    "udp": {
      "probes": [
        {
          "rtt": 420.96424102783203,
          "from": "10.40.1.4",
          "reached": false
        }
      ],
      "stats": {
        "count": 1,
        "responses": 1,
        "loss": 0.0,
        "min": 420.96424102783203,
        "max": 420.96424102783203,
        "avg": 420.96424102783203
      }
    },
    "tcp": {
      "probes": [
        {
          "rtt": 420.989990234375,
          "from": "10.40.1.6",
          "reached": false
        }
      ],
      "stats": {
        "count": 1,
        "responses": 1,
        "loss": 0.0,
        "min": 420.989990234375,
        "max": 420.989990234375,
        "avg": 420.989990234375
      }
    },
    "icmp": {
      "probes": [],
      "stats": {}
    },
    "extensions": {}
  },
  "metadata": {
    "target": "216.165.61.24",
    "protocol": "udp",
    "ip_version": "4",
    "timestamp": "2025-05-09 10:57:37",
    "reached_target": false
  }
}