{
  "1": {
    "udp": {
      "probes": [
        {
          "rtt": 4.821062088012695,
          "from": "10.209.64.1",
          "reached": false
        }
      ],
      "stats": {
        "count": 1,
        "responses": 1,
        "loss": 0.0,
        "min": 4.821062088012695,
        "max": 4.821062088012695,
        "avg": 4.821062088012695
      }
    },
    "tcp": {
      "probes": [
        {
          "rtt": 4.790067672729492,
          "from": "10.209.64.1",
          "reached": false
        }
      ],
      "stats": {
        "count": 1,
        "responses": 1,
        "loss": 0.0,
        "min": 4.790067672729492,
        "max": 4.790067672729492,
        "avg": 4.790067672729492
      }
    },
    "icmp": {
      "probes": [
        {
          "rtt": 111.96589469909668,
          "from": "10.213.33.33",
          "reached": false
        }
      ],
      "stats": {
        "count": 1,
        "responses": 1,
        "loss": 0.0,
        "min": 111.96589469909668,
        "max": 111.96589469909668,
        "avg": 111.96589469909668
      }
    },
    "extensions": {}
  },
  "2": {
    "udp": {
      "probes": [
        {
          "rtt": 7.200956344604492,
          "from": "10.213.33.33",
          "reached": false
        }
      ],
      "stats": {
        "count": 1,
        "responses": 1,
        "loss": 0.0,
        "min": 7.200956344604492,
        "max": 7.200956344604492,
        "avg": 7.200956344604492
      }
    },
    "tcp": {
      "probes": [
        {
          "rtt": 113.2657527923584,
          "from": "10.213.32.225",
          "reached": false
        }
      ],
      "stats": {
        "count": 1,
        "responses": 1,
        "loss": 0.0,
        "min": 113.2657527923584,
        "max": 113.2657527923584,
        "avg": 113.2657527923584
      }
    },
    "icmp": {
      "probes": [
        {
          "rtt": 113.25407028198242,
          "from": "10.213.32.225",
          "reached": false
        }
      ],
      "stats": {
        "count": 1,
        "responses": 1,
        "loss": 0.0,
        "min": 113.25407028198242,
        "max": 113.25407028198242,
        "avg": 113.25407028198242
      }
    },
    "extensions": {}
  },
  "3": {
    "udp": {
      "probes": [
        {
          "rtt": 298.6621856689453,
          "from": "172.28.147.5",
          "reached": false
        }
      ],
      "stats": {
        "count": 1,
        "responses": 1,
        "loss": 0.0,
        "min": 298.6621856689453,
        "max": 298.6621856689453,
        "avg": 298.6621856689453
      }
    },
    "tcp": {
      "probes": [
        {
          "rtt": 298.6330986022949,
          "from": "172.28.147.5",
          "reached": false
        }
      ],
      "stats": {
        "count": 1,
        "responses": 1,
        "loss": 0.0,
        "min": 298.6330986022949,
        "max": 298.6330986022949,
        "avg": 298.6330986022949
      }
    },
    "icmp": {
      "probes": [
        {
          "rtt": 403.0928611755371,
          "from": "10.254.4.130",
          "reached": false
        }
      ],
      "stats": {
        "count": 1,
        "responses": 1,
        "loss": 0.0,
        "min": 403.0928611755371,
        "max": 403.0928611755371,
        "avg": 403.0928611755371
      }
    },
    "extensions": {}
  },
  "4": {
    "udp": {
      "probes": [
        {
          "rtt": 298.037052154541,
          "from": "10.254.4.130",
          "reached": false
        }
      ],
      "stats": {
        "count": 1,
        "responses": 1,
        "loss": 0.0,
        "min": 298.037052154541,
        "max": 298.037052154541,
        "avg": 298.037052154541
      }
    },
    "tcp": {
      "probes": [
        {
          "rtt": 401.63421630859375,
          "from": "10.254.4.123",
          "reached": false
        }
      ],
      "stats": {
        "count": 1,
        "responses": 1,
        "loss": 0.0,
        "min": 401.63421630859375,
        "max": 401.63421630859375,
        "avg": 401.63421630859375
      }
    },
    "icmp": {
      "probes": [
        {
          "rtt": 401.5960693359375,
          "from": "10.254.4.123",
          "reached": false
        }
      ],
      "stats": {
        "count": 1,
        "responses": 1,
        "loss": 0.0,
        "min": 401.5960693359375,
        "max": 401.5960693359375,
        "avg": 401.5960693359375
      }
    },
    "extensions": {}
  },
  "5": {
    "udp": {
      "probes": [
        {
          "rtt": 402.38499641418457,
          "from": "10.40.1.4",
          "reached": false
        }
      ],
      "stats": {
        "count": 1,
        "responses": 1,
        "loss": 0.0,
        "min": 402.38499641418457,
        "max": 402.38499641418457,
        "avg": 402.38499641418457
      }
    },
    "tcp": {
      "probes": [
        {
          "rtt": 402.33802795410156,
          "from": "10.40.1.4",
          "reached": false
        }
      ],
      "stats": {
        "count": 1,
        "responses": 1,
        "loss": 0.0,
        "min": 402.33802795410156,
        "max": 402.33802795410156,
        "avg": 402.33802795410156
      }
    },
    "icmp": {
      "probes": [],
      "stats": {}
    },
    "extensions": {}
  },
  "metadata": {
    "target": "216.165.61.24",
    "protocol": "udp",
    "ip_version": "4",
    "timestamp": "2025-05-08 22:25:37",
    "reached_target": false
  }
}