{
  "1": {
    "udp": {
      "probes": [
        {
          "rtt": 5.364179611206055,
          "from": "10.209.64.1",
          "reached": false
        }
      ],
      "stats": {
        "count": 1,
        "responses": 1,
        "loss": 0.0,
        "min": 5.364179611206055,
        "max": 5.364179611206055,
        "avg": 5.364179611206055
      }
    },
    "tcp": {
      "probes": [
        {
          "rtt": 5.36799430847168,
          "from": "10.209.64.1",
          "reached": false
        }
      ],
      "stats": {
        "count": 1,
        "responses": 1,
        "loss": 0.0,
        "min": 5.36799430847168,
        "max": 5.36799430847168,
        "avg": 5.36799430847168
      }
    },
    "icmp": {
      "probes": [
        {
          "rtt": 113.75999450683594,
          "from": "10.213.33.33",
          "reached": false
        }
      ],
      "stats": {
        "count": 1,
        "responses": 1,
        "loss": 0.0,
        "min": 113.75999450683594,
        "max": 113.75999450683594,
        "avg": 113.75999450683594
      }
    },
    "extensions": {}
  },
  "2": {
    "udp": {
      "probes": [
        {
          "rtt": 7.666110992431641,
          "from": "10.213.33.33",
          "reached": false
        }
      ],
      "stats": {
        "count": 1,
        "responses": 1,
        "loss": 0.0,
        "min": 7.666110992431641,
        "max": 7.666110992431641,
        "avg": 7.666110992431641
      }
    },
    "tcp": {
      "probes": [
        {
          "rtt": 115.88501930236816,
          "from": "10.213.32.41",
          "reached": false
        }
      ],
      "stats": {
        "count": 1,
        "responses": 1,
        "loss": 0.0,
        "min": 115.88501930236816,
        "max": 115.88501930236816,
        "avg": 115.88501930236816
      }
    },
    "icmp": {
      "probes": [
        {
          "rtt": 115.8132553100586,
          "from": "10.213.32.41",
          "reached": false
        }
      ],
      "stats": {
        "count": 1,
        "responses": 1,
        "loss": 0.0,
        "min": 115.8132553100586,
        "max": 115.8132553100586,
        "avg": 115.8132553100586
      }
    },
    "extensions": {}
  },
  "3": {
    "udp": {
      "probes": [
        {
          "rtt": 118.04509162902832,
          "from": "10.213.32.21",
          "reached": false
        }
      ],
      "stats": {
        "count": 1,
        "responses": 1,
        "loss": 0.0,
        "min": 118.04509162902832,
        "max": 118.04509162902832,
        "avg": 118.04509162902832
      }
    },
    "tcp": {
      "probes": [
        {
          "rtt": 118.07990074157715,
          "from": "10.213.32.21",
          "reached": false
        }
      ],
      "stats": {
        "count": 1,
        "responses": 1,
        "loss": 0.0,
        "min": 118.07990074157715,
        "max": 118.07990074157715,
        "avg": 118.07990074157715
      }
    },
    "icmp": {
      "probes": [
        {
          "rtt": 190.01293182373047,
          "from": "10.209.64.1",
          "reached": false
        }
      ],
      "stats": {
        "count": 1,
        "responses": 1,
        "loss": 0.0,
        "min": 190.01293182373047,
        "max": 190.01293182373047,
        "avg": 190.01293182373047
      }
    },
    "extensions": {}
  },
  "4": {
    "udp": {
      "probes": [
        {
          "rtt": 84.58995819091797,
          "from": "10.209.64.1",
          "reached": false
        }
      ],
      "stats": {
        "count": 1,
        "responses": 1,
        "loss": 0.0,
        "min": 84.58995819091797,
        "max": 84.58995819091797,
        "avg": 84.58995819091797
      }
    },
    "tcp": {
      "probes": [
        {
          "rtt": 140.66791534423828,
          "from": "202.76.48.118",
          "reached": false
        }
      ],
      "stats": {
        "count": 1,
        "responses": 1,
        "loss": 0.0,
        "min": 140.66791534423828,
        "max": 140.66791534423828,
        "avg": 140.66791534423828
      }
    },
    "icmp": {
      "probes": [
        {
          "rtt": 140.5940055847168,
          "from": "202.76.48.118",
          "reached": false
        }
      ],
      "stats": {
        "count": 1,
        "responses": 1,
        "loss": 0.0,
        "min": 140.5940055847168,
        "max": 140.5940055847168,
        "avg": 140.5940055847168
      }
    },
    "extensions": {}
  },
  "5": {
    "udp": {
      "probes": [
        {
          "rtt": 87.3560905456543,
          "from": "10.213.33.33",
          "reached": false
        }
      ],
      "stats": {
        "count": 1,
        "responses": 1,
        "loss": 0.0,
        "min": 87.3560905456543,
        "max": 87.3560905456543,
        "avg": 87.3560905456543
      }
    },
    "tcp": {
      "probes": [
        {
          "rtt": 87.34726905822754,
          "from": "10.213.33.33",
          "reached": false
        }
      ],
      "stats": {
        "count": 1,
        "responses": 1,
        "loss": 0.0,
        "min": 87.34726905822754,
        "max": 87.34726905822754,
        "avg": 87.34726905822754
      }
    },
    "icmp": {
      "probes": [
        {
          "rtt": 142.84801483154297,
          "from": "202.76.18.76",
          "reached": false
        }
      ],
      "stats": {
        "count": 1,
        "responses": 1,
        "loss": 0.0,
        "min": 142.84801483154297,
        "max": 142.84801483154297,
        "avg": 142.84801483154297
      }
    },
    "extensions": {}
  },
  "6": {
    "udp": {
      "probes": [
        {
          "rtt": 38.33127021789551,
          "from": "202.76.18.76",
          "reached": false
        }
      ],
      "stats": {
        "count": 1,
        "responses": 1,
        "loss": 0.0,
        "min": 38.33127021789551,
        "max": 38.33127021789551,
        "avg": 38.33127021789551
      }
    },
    "tcp": {
      "probes": [
        {
          "rtt": 87.19205856323242,
          "from": "10.213.32.41",
          "reached": false
        }
      ],
      "stats": {
        "count": 1,
        "responses": 1,
        "loss": 0.0,
        "min": 87.19205856323242,
        "max": 87.19205856323242,
        "avg": 87.19205856323242
      }
    },
    "icmp": {
      "probes": [
        {
          "rtt": 87.1880054473877,
          "from": "10.213.32.41",
          "reached": false
        }
      ],
      "stats": {
        "count": 1,
        "responses": 1,
        "loss": 0.0,
        "min": 87.1880054473877,
        "max": 87.1880054473877,
        "avg": 87.1880054473877
      }
    },
    "extensions": {}
  },
  "7": {
    "udp": {
      "probes": [
        {
          "rtt": 35.529375076293945,
          "from": "202.76.18.62",
          "reached": false
        }
      ],
      "stats": {
        "count": 1,
        "responses": 1,
        "loss": 0.0,
        "min": 35.529375076293945,
        "max": 35.529375076293945,
        "avg": 35.529375076293945
      }
    },
    "tcp": {
      "probes": [
        {
          "rtt": 35.49790382385254,
          "from": "202.76.18.62",
          "reached": false
        }
      ],
      "stats": {
        "count": 1,
        "responses": 1,
        "loss": 0.0,
        "min": 35.49790382385254,
        "max": 35.49790382385254,
        "avg": 35.49790382385254
      }
    },
    "icmp": {
      "probes": [
        {
          "rtt": 90.62600135803223,
          "from": "10.213.32.21",
          "reached": false
        }
      ],
      "stats": {
        "count": 1,
        "responses": 1,
        "loss": 0.0,
        "min": 90.62600135803223,
        "max": 90.62600135803223,
        "avg": 90.62600135803223
      }
    },
    "extensions": {}
  },
  "8": {
    "udp": {
      "probes": [
        {
          "rtt": 36.730051040649414,
          "from": "123.255.91.10",
          "reached": false
        }
      ],
      "stats": {
        "count": 1,
        "responses": 1,
        "loss": 0.0,