{
  "1": {
    "udp": {
      "probes": [
        {
          "rtt": 306.8258762359619,
          "from": "10.209.64.1",
          "reached": false
        },
        {
          "rtt": 318.8211917877197,
          "from": "10.209.64.1",
          "reached": false
        }
      ],
      "stats": {
        "count": 2,
        "responses": 2,
        "loss": 0.0,
        "min": 306.8258762359619,
        "max": 318.8211917877197,
        "avg": 312.8235340118408
      }
    },
    "tcp": {
      "probes": [
        {
          "rtt": 294.158935546875,
          "from": "10.209.64.1",
          "reached": false
        },
        {
          "rtt": 281.4640998840332,
          "from": "10.213.33.33",
          "reached": false
        }
      ],
      "stats": {
        "count": 2,
        "responses": 2,
        "loss": 0.0,
        "min": 281.4640998840332,
        "max": 294.158935546875,
        "avg": 287.8115177154541
      }
    },
    "icmp": {
      "probes": [
        {
          "rtt": 268.80669593811035,
          "from": "10.209.64.1",
          "reached": false
        },
        {
          "rtt": 314.4538402557373,
          "from": "10.213.32.41",
          "reached": false
        }
      ],
      "stats": {
        "count": 2,
        "responses": 2,
        "loss": 0.0,
        "min": 268.80669593811035,
        "max": 314.4538402557373,
        "avg": 291.6302680969238
      }
    },
    "extensions": {}
  },
  "2": {
    "udp": {
      "probes": [
        {
          "rtt": 142.74978637695312,
          "from": "10.213.33.25",
          "reached": false
        }
      ],
      "stats": {
        "count": 1,
        "responses": 1,
        "loss": 0.0,
        "min": 142.74978637695312,
        "max": 142.74978637695312,
        "avg": 142.74978637695312
      }
    },
    "tcp": {
      "probes": [
        {
          "rtt": 118.35408210754395,
          "from": "10.213.33.25",
          "reached": false
        }
      ],
      "stats": {
        "count": 1,
        "responses": 1,
        "loss": 0.0,
        "min": 118.35408210754395,
        "max": 118.35408210754395,
        "avg": 118.35408210754395
      }
    },
    "icmp": {
      "probes": [
        {
          "rtt": 92.87714958190918,
          "from": "10.213.33.25",
          "reached": false
        }
      ],
      "stats": {
        "count": 1,
        "responses": 1,
        "loss": 0.0,
        "min": 92.87714958190918,
        "max": 92.87714958190918,
        "avg": 92.87714958190918
      }
    },
    "extensions": {}
  },
  "3": {
    "udp": {
      "probes": [
        {
          "rtt": 7.100105285644531,
          "from": "10.213.32.41",
          "reached": false
        }
      ],
      "stats": {
        "count": 1,
        "responses": 1,
        "loss": 0.0,
        "min": 7.100105285644531,
        "max": 7.100105285644531,
        "avg": 7.100105285644531
      }
    },
    "tcp": {
      "probes": [
        {
          "rtt": 5.825042724609375,
          "from": "10.213.32.41",
          "reached": false
        }
      ],
      "stats": {
        "count": 1,
        "responses": 1,
        "loss": 0.0,
        "min": 5.825042724609375,
        "max": 5.825042724609375,
        "avg": 5.825042724609375
      }
    },
    "icmp": {
      "probes": [],
      "stats": {}
    },
    "extensions": {}
  },
  "metadata": {
    "target": "90.230.66.1",
    "protocol": "udp",
    "ip_version": "4",
    "timestamp": "2025-05-14 21:43:25",
    "reached_target": false
  }
}