{
  "1": {
    "udp": {
      "probes": [
        {
          "rtt": 7.559776306152344,
          "from": "10.209.64.1",
          "reached": false
        }
      ],
      "stats": {
        "count": 1,
        "responses": 1,
        "loss": 0.0,
        "min": 7.559776306152344,
        "max": 7.559776306152344,
        "avg": 7.559776306152344
      }
    },
    "tcp": {
      "probes": [
        {
          "rtt": 7.20524787902832,
          "from": "10.209.64.1",
          "reached": false
        }
      ],
      "stats": {
        "count": 1,
        "responses": 1,
        "loss": 0.0,
        "min": 7.20524787902832,
        "max": 7.20524787902832,
        "avg": 7.20524787902832
      }
    },
    "icmp": {
      "probes": [
        {
          "rtt": 119.30203437805176,
          "from": "10.213.33.33",
          "reached": false
        }
      ],
      "stats": {
        "count": 1,
        "responses": 1,
        "loss": 0.0,
        "min": 119.30203437805176,
        "max": 119.30203437805176,
        "avg": 119.30203437805176
      }
    },
    "extensions": {}
  },
  "2": {
    "udp": {
      "probes": [
        {
          "rtt": 13.232231140136719,
          "from": "10.213.33.33",
          "reached": false
        }
      ],
      "stats": {
        "count": 1,
        "responses": 1,
        "loss": 0.0,
        "min": 13.232231140136719,
        "max": 13.232231140136719,
        "avg": 13.232231140136719
      }
    },
    "tcp": {
      "probes": [
        {
          "rtt": 128.10587882995605,
          "from": "10.213.32.41",
          "reached": false
        }
      ],
      "stats": {
        "count": 1,
        "responses": 1,
        "loss": 0.0,
        "min": 128.10587882995605,
        "max": 128.10587882995605,
        "avg": 128.10587882995605
      }
    },
    "icmp": {
      "probes": [
        {
          "rtt": 128.17692756652832,
          "from": "10.213.32.41",
          "reached": false
        }
      ],
      "stats": {
        "count": 1,
        "responses": 1,
        "loss": 0.0,
        "min": 128.17692756652832,
        "max": 128.17692756652832,
        "avg": 128.17692756652832
      }
    },
    "extensions": {}
  },
  "3": {
    "udp": {
      "probes": [
        {
          "rtt": 127.54988670349121,
          "from": "10.213.32.21",
          "reached": false
        }
      ],
      "stats": {
        "count": 1,
        "responses": 1,
        "loss": 0.0,
        "min": 127.54988670349121,
        "max": 127.54988670349121,
        "avg": 127.54988670349121
      }
    },
    "tcp": {
      "probes": [
        {
          "rtt": 127.47383117675781,
          "from": "10.213.32.21",
          "reached": false
        }
      ],
      "stats": {
        "count": 1,
        "responses": 1,
        "loss": 0.0,
        "min": 127.47383117675781,
        "max": 127.47383117675781,
        "avg": 127.47383117675781
      }
    },
    "icmp": {
      "probes": [
        {
          "rtt": 258.58092308044434,
          "from": "202.76.48.118",
          "reached": false
        }
      ],
      "stats": {
        "count": 1,
        "responses": 1,
        "loss": 0.0,
        "min": 258.58092308044434,
        "max": 258.58092308044434,
        "avg": 258.58092308044434
      }
    },
    "extensions": {}
  },
  "4": {
    "udp": {
      "probes": [
        {
          "rtt": 153.86009216308594,
          "from": "202.76.48.118",
          "reached": false
        }
      ],
      "stats": {
        "count": 1,
        "responses": 1,
        "loss": 0.0,
        "min": 153.86009216308594,
        "max": 153.86009216308594,
        "avg": 153.86009216308594
      }
    },
    "tcp": {
      "probes": [
        {
          "rtt": 244.2758083343506,
          "from": "202.76.18.76",
          "reached": false
        }
      ],
      "stats": {
        "count": 1,
        "responses": 1,
        "loss": 0.0,
        "min": 244.2758083343506,
        "max": 244.2758083343506,
        "avg": 244.2758083343506
      }
    },
    "icmp": {
      "probes": [
        {
          "rtt": 244.27127838134766,
          "from": "202.76.18.76",
          "reached": false
        }
      ],
      "stats": {
        "count": 1,
        "responses": 1,
        "loss": 0.0,
        "min": 244.27127838134766,
        "max": 244.27127838134766,
        "avg": 244.27127838134766
      }
    },
    "extensions": {}
  },
  "5": {
    "udp": {
      "probes": [
        {
          "rtt": 250.85902214050293,
          "from": "202.76.18.66",
          "reached": false
        }
      ],
      "stats": {
        "count": 1,
        "responses": 1,
        "loss": 0.0,
        "min": 250.85902214050293,
        "max": 250.85902214050293,
        "avg": 250.85902214050293
      }
    },
    "tcp": {
      "probes": [
        {
          "rtt": 250.81610679626465,
          "from": "202.76.18.66",
          "reached": false
        }
      ],
      "stats": {
        "count": 1,
        "responses": 1,
        "loss": 0.0,
        "min": 250.81610679626465,
        "max": 250.81610679626465,
        "avg": 250.81610679626465
      }
    },
    "icmp": {
      "probes": [
        {
          "rtt": 477.76222229003906,
          "from": "203.131.241.129",
          "reached": false
        }
      ],
      "stats": {
        "count": 1,
        "responses": 1,
        "loss": 0.0,
        "min": 477.76222229003906,
        "max": 477.76222229003906,
        "avg": 477.76222229003906
      }
    },
    "extensions": {}
  },
  "6": {
    "udp": {
      "probes": [
        {
          "rtt": 375.76794624328613,
          "from": "203.131.241.129",
          "reached": false
        }
      ],
      "stats": {
        "count": 1,
        "responses": 1,
        "loss": 0.0,
        "min": 375.76794624328613,
        "max": 375.76794624328613,
        "avg": 375.76794624328613
      }
    },
    "tcp": {
      "probes": [
        {
          "rtt": 375.46420097351074,
          "from": "129.250.4.71",
          "reached": false
        }
      ],
      "stats": {
        "count": 1,
        "responses": 1,
        "loss": 0.0,
        "min": 375.46420097351074,
        "max": 375.46420097351074,
        "avg": 375.46420097351074
      }
    },
    "icmp": {
      "probes": [
        {
          "rtt": 475.27408599853516,
          "from": "129.250.5.28",
          "reached": false
        }
      ],
      "stats": {
        "count": 1,
        "responses": 1,
        "loss": 0.0,
        "min": 475.27408599853516,
        "max": 475.27408599853516,
        "avg": 475.27408599853516
      }
    },
    "extensions": {}
  },
  "7": {
    "udp": {
      "probes": [
        {
          "rtt": 696.976900100708,
          "from": "129.250.4.142",
          "reached": false
        }
      ],
      "stats": {
        "count": 1,
        "responses": 1,
        "loss": 0.0,
        "min": 696.976900100708,
        "max": 696.976900100708,
        "avg": 696.976900100708
      }
    },
    "tcp": {
      "probes": [
        {
          "rtt": 696.5780258178711,
          "from": "129.250.4.142",
          "reached": false
        }
      ],
      "stats": {
        "count": 1,
        "responses": 1,
        "loss": 0.0,
        "min": 696.5780258178711,
        "max": 696.5780258178711,
        "avg": 696.5780258178711
      }
    },
    "icmp": {
      "probes": [
        {
          "rtt": 792.9947376251221,
          "from": "129.250.2.27",
          "reached": false
        }
      ],
      "stats": {
        "count": 1,
        "responses": 1,
        "loss": 0.0,
        "min": 792.9947376251221,
        "max": 792.9947376251221,
        "avg": 792.9947376251221
      }
    },
    "extensions": {}
  },
  "8": {
    "udp": {
      "probes": [
        {
          "rtt": 687.8271102905273,
          "from": "129.250.2.27",
          "reached": false
        }
      ],
      "stats": {
        "count": 1,
        "responses": 1,