{
  "1": {
    "udp": {
      "probes": [
        {
          "rtt": 5.837917327880859,
          "from": "10.209.64.1",
          "reached": false
        },
        {
          "rtt": 11.857986450195312,
          "from": "10.209.64.1",
          "reached": false
        }
      ],
      "stats": {
        "count": 2,
        "responses": 2,
        "loss": 0.0,
        "min": 5.837917327880859,
        "max": 11.857986450195312,
        "avg": 8.847951889038086
      }
    },
    "tcp": {
      "probes": [
        {
          "rtt": 4.148006439208984,
          "from": "10.209.64.1",
          "reached": false
        },
        {
          "rtt": 191.91288948059082,
          "from": "10.213.33.25",
          "reached": false
        }
      ],
      "stats": {
        "count": 2,
        "responses": 2,
        "loss": 0.0,
        "min": 4.148006439208984,
        "max": 191.91288948059082,
        "avg": 98.0304479598999
      }
    },
    "icmp": {
      "probes": [
        {
          "rtt": 137.1288299560547,
          "from": "10.213.33.33",
          "reached": false
        },
        {
          "rtt": 453.7339210510254,
          "from": "10.213.32.33",
          "reached": false
        }
      ],
      "stats": {
        "count": 2,
        "responses": 2,
        "loss": 0.0,
        "min": 137.1288299560547,
        "max": 453.7339210510254,
        "avg": 295.43137550354004
      }
    },
    "extensions": {}
  },
  "2": {
    "udp": {
      "probes": [
        {
          "rtt": 55.53793907165527,
          "from": "10.213.33.33",
          "reached": false
        }
      ],
      "stats": {
        "count": 1,
        "responses": 1,
        "loss": 0.0,
        "min": 55.53793907165527,
        "max": 55.53793907165527,
        "avg": 55.53793907165527
      }
    },
    "tcp": {
      "probes": [
        {
          "rtt": 32.373905181884766,
          "from": "10.213.33.33",
          "reached": false
        }
      ],
      "stats": {
        "count": 1,
        "responses": 1,
        "loss": 0.0,
        "min": 32.373905181884766,
        "max": 32.373905181884766,
        "avg": 32.373905181884766
      }
    },
    "icmp": {
      "probes": [
        {
          "rtt": 290.52209854125977,
          "from": "10.213.32.33",
          "reached": false
        }
      ],
      "stats": {
        "count": 1,
        "responses": 1,
        "loss": 0.0,
        "min": 290.52209854125977,
        "max": 290.52209854125977,
        "avg": 290.52209854125977
      }
    },
    "extensions": {}
  },
  "3": {
    "udp": {
      "probes": [
        {
          "rtt": 161.66996955871582,
          "from": "10.213.32.33",
          "reached": false
        }
      ],
      "stats": {
        "count": 1,
        "responses": 1,
        "loss": 0.0,
        "min": 161.66996955871582,
        "max": 161.66996955871582,
        "avg": 161.66996955871582
      }
    },
    "tcp": {
      "probes": [
        {
          "rtt": 137.7253532409668,
          "from": "10.213.32.33",
          "reached": false
        }
      ],
      "stats": {
        "count": 1,
        "responses": 1,
        "loss": 0.0,
        "min": 137.7253532409668,
        "max": 137.7253532409668,
        "avg": 137.7253532409668
      }
    },
    "icmp": {
      "probes": [],
      "stats": {}
    },
    "extensions": {}
  },
  "metadata": {
    "target": "120.194.222.1",
    "protocol": "udp",
    "ip_version": "4",
    "timestamp": "2025-05-14 21:32:02",
    "reached_target": false
  }
}