{
  "1": {
    "udp": {
      "probes": [
        {
          "rtt": 4.7607421875,
          "from": "10.209.64.1",
          "reached": false
        }
      ],
      "stats": {
        "count": 1,
        "responses": 1,
        "loss": 0.0,
        "min": 4.7607421875,
        "max": 4.7607421875,
        "avg": 4.7607421875
      }
    },
    "tcp": {
      "probes": [
        {
          "rtt": 4.744768142700195,
          "from": "10.209.64.1",
          "reached": false
        }
      ],
      "stats": {
        "count": 1,
        "responses": 1,
        "loss": 0.0,
        "min": 4.744768142700195,
        "max": 4.744768142700195,
        "avg": 4.744768142700195
      }
    },
    "icmp": {
      "probes": [
        {
          "rtt": 110.45122146606445,
          "from": "10.213.33.25",
          "reached": false
        }
      ],
      "stats": {
        "count": 1,
        "responses": 1,
        "loss": 0.0,
        "min": 110.45122146606445,
        "max": 110.45122146606445,
        "avg": 110.45122146606445
      }
    },
    "extensions": {}
  },
  "2": {
    "udp": {
      "probes": [
        {
          "rtt": 6.858110427856445,
          "from": "10.213.33.25",
          "reached": false
        }
      ],
      "stats": {
        "count": 1,
        "responses": 1,
        "loss": 0.0,
        "min": 6.858110427856445,
        "max": 6.858110427856445,
        "avg": 6.858110427856445
      }
    },
    "tcp": {
      "probes": [
        {
          "rtt": 116.91498756408691,
          "from": "10.213.32.33",
          "reached": false
        }
      ],
      "stats": {
        "count": 1,
        "responses": 1,
        "loss": 0.0,
        "min": 116.91498756408691,
        "max": 116.91498756408691,
        "avg": 116.91498756408691
      }
    },
    "icmp": {
      "probes": [
        {
          "rtt": 116.90497398376465,
          "from": "10.213.32.33",
          "reached": false
        }
      ],
      "stats": {
        "count": 1,
        "responses": 1,
        "loss": 0.0,
        "min": 116.90497398376465,
        "max": 116.90497398376465,
        "avg": 116.90497398376465
      }
    },
    "extensions": {}
  },
  "3": {
    "udp": {
      "probes": [
        {
          "rtt": 113.27385902404785,
          "from": "10.213.32.13",
          "reached": false
        }
      ],
      "stats": {
        "count": 1,
        "responses": 1,
        "loss": 0.0,
        "min": 113.27385902404785,
        "max": 113.27385902404785,
        "avg": 113.27385902404785
      }
    },
    "tcp": {
      "probes": [
        {
          "rtt": 113.23285102844238,
          "from": "10.213.32.13",
          "reached": false
        }
      ],
      "stats": {
        "count": 1,
        "responses": 1,
        "loss": 0.0,
        "min": 113.23285102844238,
        "max": 113.23285102844238,
        "avg": 113.23285102844238
      }
    },
    "icmp": {
      "probes": [
        {
          "rtt": 218.93906593322754,
          "from": "101.95.116.73",
          "reached": false
        }
      ],
      "stats": {
        "count": 1,
        "responses": 1,
        "loss": 0.0,
        "min": 218.93906593322754,
        "max": 218.93906593322754,
        "avg": 218.93906593322754
      }
    },
    "extensions": {}
  },
  "4": {
    "udp": {
      "probes": [
        {
          "rtt": 113.87085914611816,
          "from": "101.95.116.73",
          "reached": false
        }
      ],
      "stats": {
        "count": 1,
        "responses": 1,
        "loss": 0.0,
        "min": 113.87085914611816,
        "max": 113.87085914611816,
        "avg": 113.87085914611816
      }
    },
    "tcp": {
      "probes": [
        {
          "rtt": 218.88494491577148,
          "from": "101.95.89.65",
          "reached": false
        }
      ],
      "stats": {
        "count": 1,
        "responses": 1,
        "loss": 0.0,
        "min": 218.88494491577148,
        "max": 218.88494491577148,
        "avg": 218.88494491577148
      }
    },
    "icmp": {
      "probes": [
        {
          "rtt": 218.8129425048828,
          "from": "101.95.89.77",
          "reached": false
        }
      ],
      "stats": {
        "count": 1,
        "responses": 1,
        "loss": 0.0,
        "min": 218.8129425048828,
        "max": 218.8129425048828,
        "avg": 218.8129425048828
      }
    },
    "extensions": {}
  },
  "5": {
    "udp": {
      "probes": [
        {
          "rtt": 221.24910354614258,
          "from": "101.95.89.74",
          "reached": false
        }
      ],
      "stats": {
        "count": 1,
        "responses": 1,
        "loss": 0.0,
        "min": 221.24910354614258,
        "max": 221.24910354614258,
        "avg": 221.24910354614258
      }
    },
    "tcp": {
      "probes": [
        {
          "rtt": 221.13800048828125,
          "from": "101.95.89.74",
          "reached": false
        }
      ],
      "stats": {
        "count": 1,
        "responses": 1,
        "loss": 0.0,
        "min": 221.13800048828125,
        "max": 221.13800048828125,
        "avg": 221.13800048828125
      }
    },
    "icmp": {
      "probes": [
        {
          "rtt": 324.5270252227783,
          "from": "61.152.24.205",
          "reached": false
        }
      ],
      "stats": {
        "count": 1,
        "responses": 1,
        "loss": 0.0,
        "min": 324.5270252227783,
        "max": 324.5270252227783,
        "avg": 324.5270252227783
      }
    },
    "extensions": {}
  },
  "6": {
    "udp": {
      "probes": [
        {
          "rtt": 219.4807529449463,
          "from": "61.152.24.205",
          "reached": false
        }
      ],
      "stats": {
        "count": 1,
        "responses": 1,
        "loss": 0.0,
        "min": 219.4807529449463,
        "max": 219.4807529449463,
        "avg": 219.4807529449463
      }
    },
    "tcp": {
      "probes": [
        {
          "rtt": 323.86112213134766,
          "from": "59.43.80.145",
          "reached": false
        }
      ],
      "stats": {
        "count": 1,
        "responses": 1,
        "loss": 0.0,
        "min": 323.86112213134766,
        "max": 323.86112213134766,
        "avg": 323.86112213134766
      }
    },
    "icmp": {
      "probes": [
        {
          "rtt": 323.84324073791504,
          "from": "59.43.80.145",
          "reached": false
        }
      ],
      "stats": {
        "count": 1,
        "responses": 1,
        "loss": 0.0,
        "min": 323.84324073791504,
        "max": 323.84324073791504,
        "avg": 323.84324073791504
      }
    },
    "extensions": {}
  },
  "7": {
    "udp": {
      "probes": [
        {
          "rtt": 340.02685546875,
          "from": "202.97.53.109",
          "reached": false
        }
      ],
      "stats": {
        "count": 1,
        "responses": 1,
        "loss": 0.0,
        "min": 340.02685546875,
        "max": 340.02685546875,
        "avg": 340.02685546875
      }
    },
    "tcp": {
      "probes": [
        {
          "rtt": 340.0120735168457,
          "from": "202.97.53.109",
          "reached": false
        }
      ],
      "stats": {
        "count": 1,
        "responses": 1,
        "loss": 0.0,
        "min": 340.0120735168457,
        "max": 340.0120735168457,
        "avg": 340.0120735168457
      }
    },
    "icmp": {
      "probes": [
        {
          "rtt": 449.98812675476074,
          "from": "202.97.99.66",
          "reached": false
        }
      ],
      "stats": {
        "count": 1,
        "responses": 1,
        "loss": 0.0,
        "min": 449.98812675476074,
        "max": 449.98812675476074,
        "avg": 449.98812675476074
      }
    },
    "extensions": {}
  },
  "8": {
    "udp": {
      "probes": [
        {
          "rtt": 344.99311447143555,
          "from": "202.97.99.66",
          "reached": false
        }
      ],
      "stats": {
        "count": 1,
        "responses": 1,
        "loss": 0.0,