{
  "1": {
    "udp": {
      "probes": [
        {
          "rtt": 93.77098083496094,
          "from": "10.209.64.1",
          "reached": false
        }
      ],
      "stats": {
        "count": 1,
        "responses": 1,
        "loss": 0.0,
        "min": 93.77098083496094,
        "max": 93.77098083496094,
        "avg": 93.77098083496094
      }
    },
    "tcp": {
      "probes": [
        {
          "rtt": 133.73112678527832,
          "from": "10.209.64.1",
          "reached": false
        }
      ],
      "stats": {
        "count": 1,
        "responses": 1,
        "loss": 0.0,
        "min": 133.73112678527832,
        "max": 133.73112678527832,
        "avg": 133.73112678527832
      }
    },
    "icmp": {
      "probes": [
        {
          "rtt": 474.2579460144043,
          "from": "10.213.33.33",
          "reached": false
        }
      ],
      "stats": {
        "count": 1,
        "responses": 1,
        "loss": 0.0,
        "min": 474.2579460144043,
        "max": 474.2579460144043,
        "avg": 474.2579460144043
      }
    },
    "extensions": {}
  },
  "2": {
    "udp": {
      "probes": [
        {
          "rtt": 559.561014175415,
          "from": "10.213.32.41",
          "reached": false
        }
      ],
      "stats": {
        "count": 1,
        "responses": 1,
        "loss": 0.0,
        "min": 559.561014175415,
        "max": 559.561014175415,
        "avg": 559.561014175415
      }
    },
    "tcp": {
      "probes": [
        {
          "rtt": 1017.9510116577148,
          "from": "10.213.32.41",
          "reached": false
        }
      ],
      "stats": {
        "count": 1,
        "responses": 1,
        "loss": 0.0,
        "min": 1017.9510116577148,
        "max": 1017.9510116577148,
        "avg": 1017.9510116577148
      }
    },
    "icmp": {
      "probes": [
        {
          "rtt": 57286.19718551636,
          "from": "10.213.32.22",
          "reached": false
        }
      ],
      "stats": {
        "count": 1,
        "responses": 1,
        "loss": 0.0,
        "min": 57286.19718551636,
        "max": 57286.19718551636,
        "avg": 57286.19718551636
      }
    },
    "extensions": {}
  },
  "3": {
    "udp": {
      "probes": [
        {
          "rtt": 57232.53583908081,
          "from": "10.213.32.22",
          "reached": false
        }
      ],
      "stats": {
        "count": 1,
        "responses": 1,
        "loss": 0.0,
        "min": 57232.53583908081,
        "max": 57232.53583908081,
        "avg": 57232.53583908081
      }
    },
    "tcp": {
      "probes": [
        {
          "rtt": 65879.96006011963,
          "from": "203.85.128.94",
          "reached": false
        }
      ],
      "stats": {
        "count": 1,
        "responses": 1,
        "loss": 0.0,
        "min": 65879.96006011963,
        "max": 65879.96006011963,
        "avg": 65879.96006011963
      }
    },
    "icmp": {
      "probes": [
        {
          "rtt": 69778.77902984619,
          "from": "203.85.128.94",
          "reached": false
        }
      ],
      "stats": {
        "count": 1,
        "responses": 1,
        "loss": 0.0,
        "min": 69778.77902984619,
        "max": 69778.77902984619,
        "avg": 69778.77902984619
      }
    },
    "extensions": {}
  },
  "metadata": {
    "series": [
      "udp",
      "tcp",
      "icmp"
    ],
    "target": "117.254.236.1",
    "protocol": "udp",
    "ip_version": "4",
    "timestamp": "2025-05-15 16:59:49",
    "reached_target": false
  }
}