{
  "1": {
    "udp": {
      "probes": [
        {
          "rtt": 15624.794244766235,
          "from": "129.250.2.123",
          "reached": false
        }
      ],
      "stats": {
        "count": 1,
        "responses": 1,
        "loss": 0.0,
        "min": 15624.794244766235,
        "max": 15624.794244766235,
        "avg": 15624.794244766235
      }
    },
    "tcp": {
      "probes": [
        {
          "rtt": 15602.973937988281,
          "from": "129.250.2.123",
          "reached": false
        }
      ],
      "stats": {
        "count": 1,
        "responses": 1,
        "loss": 0.0,
        "min": 15602.973937988281,
        "max": 15602.973937988281,
        "avg": 15602.973937988281
      }
    },
    "icmp": {
      "probes": [
        {
          "rtt": 15603.688955307007,
          "from": "129.250.2.123",
          "reached": false
        }
      ],
      "stats": {
        "count": 1,
        "responses": 1,
        "loss": 0.0,
        "min": 15603.688955307007,
        "max": 15603.688955307007,
        "avg": 15603.688955307007
      }
    },
    "extensions": {}
  },
  "2": {
    "udp": {
      "probes": [
        {
          "rtt": 15487.939834594727,
          "from": "129.250.2.123",
          "reached": false
        }
      ],
      "stats": {
        "count": 1,
        "responses": 1,
        "loss": 0.0,
        "min": 15487.939834594727,
        "max": 15487.939834594727,
        "avg": 15487.939834594727
      }
    },
    "tcp": {
      "probes": [
        {
          "rtt": 15487.714052200317,
          "from": "129.250.2.123",
          "reached": false
        }
      ],
      "stats": {
        "count": 1,
        "responses": 1,
        "loss": 0.0,
        "min": 15487.714052200317,
        "max": 15487.714052200317,
        "avg": 15487.714052200317
      }
    },
    "icmp": {
      "probes": [
        {
          "rtt": 15487.699031829834,
          "from": "129.250.2.123",
          "reached": false
        }
      ],
      "stats": {
        "count": 1,
        "responses": 1,
        "loss": 0.0,
        "min": 15487.699031829834,
        "max": 15487.699031829834,
        "avg": 15487.699031829834
      }
    },
    "extensions": {}
  },
  "3": {
    "udp": {
      "probes": [
        {
          "rtt": 15383.020162582397,
          "from": "129.250.2.123",
          "reached": false
        }
      ],
      "stats": {
        "count": 1,
        "responses": 1,
        "loss": 0.0,
        "min": 15383.020162582397,
        "max": 15383.020162582397,
        "avg": 15383.020162582397
      }
    },
    "tcp": {
      "probes": [
        {
          "rtt": 15384.189128875732,
          "from": "129.250.2.123",
          "reached": false
        }
      ],
      "stats": {
        "count": 1,
        "responses": 1,
        "loss": 0.0,
        "min": 15384.189128875732,
        "max": 15384.189128875732,
        "avg": 15384.189128875732
      }
    },
    "icmp": {
      "probes": [
        {
          "rtt": 15384.340047836304,
          "from": "129.250.2.123",
          "reached": false
        }
      ],
      "stats": {
        "count": 1,
        "responses": 1,
        "loss": 0.0,
        "min": 15384.340047836304,
        "max": 15384.340047836304,
        "avg": 15384.340047836304
      }
    },
    "extensions": {}
  },
  "4": {
    "udp": {
      "probes": [
        {
          "rtt": 15279.498100280762,
          "from": "129.250.2.123",
          "reached": false
        }
      ],
      "stats": {
        "count": 1,
        "responses": 1,
        "loss": 0.0,
        "min": 15279.498100280762,
        "max": 15279.498100280762,
        "avg": 15279.498100280762
      }
    },
    "tcp": {
      "probes": [
        {
          "rtt": 15279.485940933228,
          "from": "129.250.2.123",
          "reached": false
        }
      ],
      "stats": {
        "count": 1,
        "responses": 1,
        "loss": 0.0,
        "min": 15279.485940933228,
        "max": 15279.485940933228,
        "avg": 15279.485940933228
      }
    },
    "icmp": {
      "probes": [
        {
          "rtt": 15279.765129089355,
          "from": "129.250.2.123",
          "reached": false
        }
      ],
      "stats": {
        "count": 1,
        "responses": 1,
        "loss": 0.0,
        "min": 15279.765129089355,
        "max": 15279.765129089355,
        "avg": 15279.765129089355
      }
    },
    "extensions": {}
  },
  "5": {
    "udp": {
      "probes": [
        {
          "rtt": 15174.741983413696,
          "from": "129.250.2.123",
          "reached": false
        }
      ],
      "stats": {
        "count": 1,
        "responses": 1,
        "loss": 0.0,
        "min": 15174.741983413696,
        "max": 15174.741983413696,
        "avg": 15174.741983413696
      }
    },
    "tcp": {
      "probes": [
        {
          "rtt": 15174.723148345947,
          "from": "129.250.2.123",
          "reached": false
        }
      ],
      "stats": {
        "count": 1,
        "responses": 1,
        "loss": 0.0,
        "min": 15174.723148345947,
        "max": 15174.723148345947,
        "avg": 15174.723148345947
      }
    },
    "icmp": {
      "probes": [
        {
          "rtt": 15174.705028533936,
          "from": "129.250.2.123",
          "reached": false
        }
      ],
      "stats": {
        "count": 1,
        "responses": 1,
        "loss": 0.0,
        "min": 15174.705028533936,
        "max": 15174.705028533936,
        "avg": 15174.705028533936
      }
    },
    "extensions": {}
  },
  "6": {
    "udp": {
      "probes": [
        {
          "rtt": 15074.08595085144,
          "from": "129.250.2.123",
          "reached": false
        }
      ],
      "stats": {
        "count": 1,
        "responses": 1,
        "loss": 0.0,
        "min": 15074.08595085144,
        "max": 15074.08595085144,
        "avg": 15074.08595085144
      }
    },
    "tcp": {
      "probes": [
        {
          "rtt": 15074.055910110474,
          "from": "129.250.2.123",
          "reached": false
        }
      ],
      "stats": {
        "count": 1,
        "responses": 1,
        "loss": 0.0,
        "min": 15074.055910110474,
        "max": 15074.055910110474,
        "avg": 15074.055910110474
      }
    },
    "icmp": {
      "probes": [
        {
          "rtt": 15073.978900909424,
          "from": "129.250.2.123",
          "reached": false
        }
      ],
      "stats": {
        "count": 1,
        "responses": 1,
        "loss": 0.0,
        "min": 15073.978900909424,
        "max": 15073.978900909424,
        "avg": 15073.978900909424
      }
    },
    "extensions": {}
  },
  "7": {
    "udp": {
      "probes": [
        {
          "rtt": 14971.711874008179,
          "from": "129.250.2.123",
          "reached": false
        }
      ],
      "stats": {
        "count": 1,
        "responses": 1,
        "loss": 0.0,
        "min": 14971.711874008179,
        "max": 14971.711874008179,
        "avg": 14971.711874008179
      }
    },
    "tcp": {
      "probes": [
        {
          "rtt": 14971.70090675354,
          "from": "129.250.2.123",
          "reached": false
        }
      ],
      "stats": {
        "count": 1,
        "responses": 1,
        "loss": 0.0,
        "min": 14971.70090675354,
        "max": 14971.70090675354,
        "avg": 14971.70090675354
      }
    },
    "icmp": {
      "probes": [
        {
          "rtt": 14971.690654754639,
          "from": "129.250.2.123",
          "reached": false
        }
      ],
      "stats": {
        "count": 1,
        "responses": 1,
        "loss": 0.0,
        "min": 14971.690654754639,
        "max": 14971.690654754639,
        "avg": 14971.690654754639
      }
    },
    "extensions": {}
  },
  "8": {
    "udp": {
      "probes": [
        {
          "rtt": 14869.993925094604,
          "from": "129.250.2.123",
          "reached": false
        }
      ],