{
  "1": {
    "udp": {
      "probes": [
        {
          "rtt": 10116.184949874878,
          "from": "10.213.33.33",
          "reached": false
        }
      ],
      "stats": {
        "count": 1,
        "responses": 1,
        "loss": 0.0,
        "min": 10116.184949874878,
        "max": 10116.184949874878,
        "avg": 10116.184949874878
      }
    },
    "tcp": {
      "probes": [
        {
          "rtt": 10828.357934951782,
          "from": "10.213.33.33",
          "reached": false
        }
      ],
      "stats": {
        "count": 1,
        "responses": 1,
        "loss": 0.0,
        "min": 10828.357934951782,
        "max": 10828.357934951782,
        "avg": 10828.357934951782
      }
    },
    "icmp": {
      "probes": [
        {
          "rtt": 10833.609819412231,
          "from": "10.213.33.33",
          "reached": false
        }
      ],
      "stats": {
        "count": 1,
        "responses": 1,
        "loss": 0.0,
        "min": 10833.609819412231,
        "max": 10833.609819412231,
        "avg": 10833.609819412231
      }
    },
    "extensions": {}
  },
  "2": {
    "udp": {
      "probes": [
        {
          "rtt": 10732.314825057983,
          "from": "10.213.33.33",
          "reached": false
        }
      ],
      "stats": {
        "count": 1,
        "responses": 1,
        "loss": 0.0,
        "min": 10732.314825057983,
        "max": 10732.314825057983,
        "avg": 10732.314825057983
      }
    },
    "tcp": {
      "probes": [],
      "stats": {}
    },
    "icmp": {
      "probes": [],
      "stats": {}
    },
    "extensions": {}
  },
  "metadata": {
    "series": [
      "udp",
      "tcp",
      "icmp"
    ],
    "target": "115.242.249.1",
    "protocol": "udp",
    "ip_version": "4",
    "timestamp": "2025-05-15 21:10:13",
    "reached_target": false
  }
}