{
  "1": {
    "udp": {
      "probes": [
        {
          "rtt": 257.8160762786865,
          "from": "10.209.64.1",
          "reached": false
        }
      ],
      "stats": {
        "count": 1,
        "responses": 1,
        "loss": 0.0,
        "min": 257.8160762786865,
        "max": 257.8160762786865,
        "avg": 257.8160762786865
      }
    },
    "tcp": {
      "probes": [
        {
          "rtt": 340.06500244140625,
          "from": "10.209.64.1",
          "reached": false
        }
      ],
      "stats": {
        "count": 1,
        "responses": 1,
        "loss": 0.0,
        "min": 340.06500244140625,
        "max": 340.06500244140625,
        "avg": 340.06500244140625
      }
    },
    "icmp": {
      "probes": [
        {
          "rtt": 2954.7340869903564,
          "from": "10.213.33.25",
          "reached": false
        }
      ],
      "stats": {
        "count": 1,
        "responses": 1,
        "loss": 0.0,
        "min": 2954.7340869903564,
        "max": 2954.7340869903564,
        "avg": 2954.7340869903564
      }
    },
    "extensions": {}
  },
  "2": {
    "udp": {
      "probes": [
        {
          "rtt": 20603.713035583496,
          "from": "10.213.32.41",
          "reached": false
        }
      ],
      "stats": {
        "count": 1,
        "responses": 1,
        "loss": 0.0,
        "min": 20603.713035583496,
        "max": 20603.713035583496,
        "avg": 20603.713035583496
      }
    },
    "tcp": {
      "probes": [
        {
          "rtt": 33422.48487472534,
          "from": "10.213.32.41",
          "reached": false
        }
      ],
      "stats": {
        "count": 1,
        "responses": 1,
        "loss": 0.0,
        "min": 33422.48487472534,
        "max": 33422.48487472534,
        "avg": 33422.48487472534
      }
    },
    "icmp": {
      "probes": [
        {
          "rtt": 33667.91915893555,
          "from": "10.213.32.22",
          "reached": false
        }
      ],
      "stats": {
        "count": 1,
        "responses": 1,
        "loss": 0.0,
        "min": 33667.91915893555,
        "max": 33667.91915893555,
        "avg": 33667.91915893555
      }
    },
    "extensions": {}
  },
  "3": {
    "udp": {
      "probes": [
        {
          "rtt": 33584.95783805847,
          "from": "10.213.32.22",
          "reached": false
        }
      ],
      "stats": {
        "count": 1,
        "responses": 1,
        "loss": 0.0,
        "min": 33584.95783805847,
        "max": 33584.95783805847,
        "avg": 33584.95783805847
      }
    },
    "tcp": {
      "probes": [],
      "stats": {}
    },
    "icmp": {
      "probes": [],
      "stats": {}
    },
    "extensions": {}
  },
  "metadata": {
    "series": [
      "udp",
      "tcp",
      "icmp"
    ],
    "target": "189.103.234.1",
    "protocol": "udp",
    "ip_version": "4",
    "timestamp": "2025-05-15 17:01:48",
    "reached_target": false
  }
}