{
  "1": {
    "udp": {
      "probes": [
        {
          "rtt": 23197.49903678894,
          "from": "220.228.23.10",
          "reached": false
        }
      ],
      "stats": {
        "count": 1,
        "responses": 1,
        "loss": 0.0,
        "min": 23197.49903678894,
        "max": 23197.49903678894,
        "avg": 23197.49903678894
      }
    },
    "tcp": {
      "probes": [
        {
          "rtt": 23151.158094406128,
          "from": "220.228.23.10",
          "reached": false
        }
      ],
      "stats": {
        "count": 1,
        "responses": 1,
        "loss": 0.0,
        "min": 23151.158094406128,
        "max": 23151.158094406128,
        "avg": 23151.158094406128
      }
    },
    "icmp": {
      "probes": [
        {
          "rtt": 23146.785974502563,
          "from": "220.228.23.10",
          "reached": false
        }
      ],
      "stats": {
        "count": 1,
        "responses": 1,
        "loss": 0.0,
        "min": 23146.785974502563,
        "max": 23146.785974502563,
        "avg": 23146.785974502563
      }
    },
    "extensions": {}
  },
  "2": {
    "udp": {
      "probes": [
        {
          "rtt": 23002.3090839386,
          "from": "220.228.23.10",
          "reached": false
        }
      ],
      "stats": {
        "count": 1,
        "responses": 1,
        "loss": 0.0,
        "min": 23002.3090839386,
        "max": 23002.3090839386,
        "avg": 23002.3090839386
      }
    },
    "tcp": {
      "probes": [
        {
          "rtt": 23002.18892097473,
          "from": "220.228.23.10",
          "reached": false
        }
      ],
      "stats": {
        "count": 1,
        "responses": 1,
        "loss": 0.0,
        "min": 23002.18892097473,
        "max": 23002.18892097473,
        "avg": 23002.18892097473
      }
    },
    "icmp": {
      "probes": [
        {
          "rtt": 23002.168655395508,
          "from": "220.228.23.10",
          "reached": false
        }
      ],
      "stats": {
        "count": 1,
        "responses": 1,
        "loss": 0.0,
        "min": 23002.168655395508,
        "max": 23002.168655395508,
        "avg": 23002.168655395508
      }
    },
    "extensions": {}
  },
  "3": {
    "udp": {
      "probes": [
        {
          "rtt": 22897.54009246826,
          "from": "220.228.23.10",
          "reached": false
        }
      ],
      "stats": {
        "count": 1,
        "responses": 1,
        "loss": 0.0,
        "min": 22897.54009246826,
        "max": 22897.54009246826,
        "avg": 22897.54009246826
      }
    },
    "tcp": {
      "probes": [
        {
          "rtt": 22897.306203842163,
          "from": "220.228.23.10",
          "reached": false
        }
      ],
      "stats": {
        "count": 1,
        "responses": 1,
        "loss": 0.0,
        "min": 22897.306203842163,
        "max": 22897.306203842163,
        "avg": 22897.306203842163
      }
    },
    "icmp": {
      "probes": [
        {
          "rtt": 22897.297859191895,
          "from": "220.228.23.10",
          "reached": false
        }
      ],
      "stats": {
        "count": 1,
        "responses": 1,
        "loss": 0.0,
        "min": 22897.297859191895,
        "max": 22897.297859191895,
        "avg": 22897.297859191895
      }
    },
    "extensions": {}
  },
  "4": {
    "udp": {
      "probes": [
        {
          "rtt": 22794.10696029663,
          "from": "220.228.23.10",
          "reached": false
        }
      ],
      "stats": {
        "count": 1,
        "responses": 1,
        "loss": 0.0,
        "min": 22794.10696029663,
        "max": 22794.10696029663,
        "avg": 22794.10696029663
      }
    },
    "tcp": {
      "probes": [
        {
          "rtt": 22793.969869613647,
          "from": "220.228.23.10",
          "reached": false
        }
      ],
      "stats": {
        "count": 1,
        "responses": 1,
        "loss": 0.0,
        "min": 22793.969869613647,
        "max": 22793.969869613647,
        "avg": 22793.969869613647
      }
    },
    "icmp": {
      "probes": [],
      "stats": {}
    },
    "extensions": {}
  },
  "metadata": {
    "series": [
      "udp",
      "tcp",
      "icmp"
    ],
    "target": "61.56.225.1",
    "protocol": "udp",
    "ip_version": "4",
    "timestamp": "2025-05-15 21:15:58",
    "reached_target": false
  }
}