{
  "1": {
    "udp": {
      "probes": [
        {
          "rtt": 267.75121688842773,
          "from": "10.209.64.1",
          "reached": false
        }
      ],
      "stats": {
        "count": 1,
        "responses": 1,
        "loss": 0.0,
        "min": 267.75121688842773,
        "max": 267.75121688842773,
        "avg": 267.75121688842773
      }
    },
    "tcp": {
      "probes": [
        {
          "rtt": 889.3740177154541,
          "from": "10.209.64.1",
          "reached": false
        }
      ],
      "stats": {
        "count": 1,
        "responses": 1,
        "loss": 0.0,
        "min": 889.3740177154541,
        "max": 889.3740177154541,
        "avg": 889.3740177154541
      }
    },
    "icmp": {
      "probes": [
        {
          "rtt": 3960.3018760681152,
          "from": "10.213.33.33",
          "reached": false
        }
      ],
      "stats": {
        "count": 1,
        "responses": 1,
        "loss": 0.0,
        "min": 3960.3018760681152,
        "max": 3960.3018760681152,
        "avg": 3960.3018760681152
      }
    },
    "extensions": {}
  },
  "2": {
    "udp": {
      "probes": [
        {
          "rtt": 6109.884977340698,
          "from": "10.213.33.33",
          "reached": false
        }
      ],
      "stats": {
        "count": 1,
        "responses": 1,
        "loss": 0.0,
        "min": 6109.884977340698,
        "max": 6109.884977340698,
        "avg": 6109.884977340698
      }
    },
    "tcp": {
      "probes": [
        {
          "rtt": 15536.491870880127,
          "from": "10.213.32.41",
          "reached": false
        }
      ],
      "stats": {
        "count": 1,
        "responses": 1,
        "loss": 0.0,
        "min": 15536.491870880127,
        "max": 15536.491870880127,
        "avg": 15536.491870880127
      }
    },
    "icmp": {
      "probes": [
        {
          "rtt": 15547.97911643982,
          "from": "10.213.32.41",
          "reached": false
        }
      ],
      "stats": {
        "count": 1,
        "responses": 1,
        "loss": 0.0,
        "min": 15547.97911643982,
        "max": 15547.97911643982,
        "avg": 15547.97911643982
      }
    },
    "extensions": {}
  },
  "metadata": {
    "series": [
      "udp",
      "tcp",
      "icmp"
    ],
    "target": "77.60.242.1",
    "protocol": "udp",
    "ip_version": "4",
    "timestamp": "2025-05-15 21:10:13",
    "reached_target": false
  }
}