{
  "1": {
    "udp": {
      "probes": [
        {
          "rtt": 18118.322134017944,
          "from": "120.88.53.18",
          "reached": false
        }
      ],
      "stats": {
        "count": 1,
        "responses": 1,
        "loss": 0.0,
        "min": 18118.322134017944,
        "max": 18118.322134017944,
        "avg": 18118.322134017944
      }
    },
    "tcp": {
      "probes": [
        {
          "rtt": 18050.65393447876,
          "from": "120.88.53.18",
          "reached": false
        }
      ],
      "stats": {
        "count": 1,
        "responses": 1,
        "loss": 0.0,
        "min": 18050.65393447876,
        "max": 18050.65393447876,
        "avg": 18050.65393447876
      }
    },
    "icmp": {
      "probes": [
        {
          "rtt": 18041.4080619812,
          "from": "120.88.53.18",
          "reached": false
        }
      ],
      "stats": {
        "count": 1,
        "responses": 1,
        "loss": 0.0,
        "min": 18041.4080619812,
        "max": 18041.4080619812,
        "avg": 18041.4080619812
      }
    },
    "extensions": {}
  },
  "2": {
    "udp": {
      "probes": [
        {
          "rtt": 17890.78402519226,
          "from": "120.88.53.18",
          "reached": false
        }
      ],
      "stats": {
        "count": 1,
        "responses": 1,
        "loss": 0.0,
        "min": 17890.78402519226,
        "max": 17890.78402519226,
        "avg": 17890.78402519226
      }
    },
    "tcp": {
      "probes": [
        {
          "rtt": 17889.559984207153,
          "from": "120.88.53.18",
          "reached": false
        }
      ],
      "stats": {
        "count": 1,
        "responses": 1,
        "loss": 0.0,
        "min": 17889.559984207153,
        "max": 17889.559984207153,
        "avg": 17889.559984207153
      }
    },
    "icmp": {
      "probes": [
        {
          "rtt": 17889.330863952637,
          "from": "120.88.53.18",
          "reached": false
        }
      ],
      "stats": {
        "count": 1,
        "responses": 1,
        "loss": 0.0,
        "min": 17889.330863952637,
        "max": 17889.330863952637,
        "avg": 17889.330863952637
      }
    },
    "extensions": {}
  },
  "3": {
    "udp": {
      "probes": [
        {
          "rtt": 17783.973217010498,
          "from": "120.88.53.18",
          "reached": false
        }
      ],
      "stats": {
        "count": 1,
        "responses": 1,
        "loss": 0.0,
        "min": 17783.973217010498,
        "max": 17783.973217010498,
        "avg": 17783.973217010498
      }
    },
    "tcp": {
      "probes": [
        {
          "rtt": 17783.390998840332,
          "from": "120.88.53.18",
          "reached": false
        }
      ],
      "stats": {
        "count": 1,
        "responses": 1,
        "loss": 0.0,
        "min": 17783.390998840332,
        "max": 17783.390998840332,
        "avg": 17783.390998840332
      }
    },
    "icmp": {
      "probes": [
        {
          "rtt": 17783.661127090454,
          "from": "120.88.53.18",
          "reached": false
        }
      ],
      "stats": {
        "count": 1,
        "responses": 1,
        "loss": 0.0,
        "min": 17783.661127090454,
        "max": 17783.661127090454,
        "avg": 17783.661127090454
      }
    },
    "extensions": {}
  },
  "4": {
    "udp": {
      "probes": [
        {
          "rtt": 17681.010961532593,
          "from": "120.88.53.18",
          "reached": false
        }
      ],
      "stats": {
        "count": 1,
        "responses": 1,
        "loss": 0.0,
        "min": 17681.010961532593,
        "max": 17681.010961532593,
        "avg": 17681.010961532593
      }
    },
    "tcp": {
      "probes": [
        {
          "rtt": 17680.774927139282,
          "from": "120.88.53.18",
          "reached": false
        }
      ],
      "stats": {
        "count": 1,
        "responses": 1,
        "loss": 0.0,
        "min": 17680.774927139282,
        "max": 17680.774927139282,
        "avg": 17680.774927139282
      }
    },
    "icmp": {
      "probes": [
        {
          "rtt": 17680.78112602234,
          "from": "120.88.53.18",
          "reached": false
        }
      ],
      "stats": {
        "count": 1,
        "responses": 1,
        "loss": 0.0,
        "min": 17680.78112602234,
        "max": 17680.78112602234,
        "avg": 17680.78112602234
      }
    },
    "extensions": {}
  },
  "5": {
    "udp": {
      "probes": [
        {
          "rtt": 17576.60484313965,
          "from": "120.88.53.18",
          "reached": false
        }
      ],
      "stats": {
        "count": 1,
        "responses": 1,
        "loss": 0.0,
        "min": 17576.60484313965,
        "max": 17576.60484313965,
        "avg": 17576.60484313965
      }
    },
    "tcp": {
      "probes": [
        {
          "rtt": 17576.63917541504,
          "from": "120.88.53.18",
          "reached": false
        }
      ],
      "stats": {
        "count": 1,
        "responses": 1,
        "loss": 0.0,
        "min": 17576.63917541504,
        "max": 17576.63917541504,
        "avg": 17576.63917541504
      }
    },
    "icmp": {
      "probes": [
        {
          "rtt": 17576.56192779541,
          "from": "120.88.53.18",
          "reached": false
        }
      ],
      "stats": {
        "count": 1,
        "responses": 1,
        "loss": 0.0,
        "min": 17576.56192779541,
        "max": 17576.56192779541,
        "avg": 17576.56192779541
      }
    },
    "extensions": {}
  },
  "6": {
    "udp": {
      "probes": [
        {
          "rtt": 17475.223064422607,
          "from": "120.88.53.18",
          "reached": false
        }
      ],
      "stats": {
        "count": 1,
        "responses": 1,
        "loss": 0.0,
        "min": 17475.223064422607,
        "max": 17475.223064422607,
        "avg": 17475.223064422607
      }
    },
    "tcp": {
      "probes": [
        {
          "rtt": 17475.137948989868,
          "from": "120.88.53.18",
          "reached": false
        }
      ],
      "stats": {
        "count": 1,
        "responses": 1,
        "loss": 0.0,
        "min": 17475.137948989868,
        "max": 17475.137948989868,
        "avg": 17475.137948989868
      }
    },
    "icmp": {
      "probes": [
        {
          "rtt": 17475.196838378906,
          "from": "120.88.53.18",
          "reached": false
        }
      ],
      "stats": {
        "count": 1,
        "responses": 1,
        "loss": 0.0,
        "min": 17475.196838378906,
        "max": 17475.196838378906,
        "avg": 17475.196838378906
      }
    },
    "extensions": {}
  },
  "7": {
    "udp": {
      "probes": [
        {
          "rtt": 17372.08890914917,
          "from": "120.88.53.18",
          "reached": false
        }
      ],
      "stats": {
        "count": 1,
        "responses": 1,
        "loss": 0.0,
        "min": 17372.08890914917,
        "max": 17372.08890914917,
        "avg": 17372.08890914917
      }
    },
    "tcp": {
      "probes": [
        {
          "rtt": 17371.742963790894,
          "from": "120.88.53.18",
          "reached": false
        }
      ],
      "stats": {
        "count": 1,
        "responses": 1,
        "loss": 0.0,
        "min": 17371.742963790894,
        "max": 17371.742963790894,
        "avg": 17371.742963790894
      }
    },
    "icmp": {
      "probes": [
        {
          "rtt": 17371.803045272827,
          "from": "120.88.53.18",
          "reached": false
        }
      ],
      "stats": {
        "count": 1,
        "responses": 1,
        "loss": 0.0,
        "min": 17371.803045272827,
        "max": 17371.803045272827,
        "avg": 17371.803045272827
      }
    },
    "extensions": {}
  },
  "8": {
    "udp": {
      "probes": [
        {
          "rtt": 17268.68510246277,
          "from": "120.88.53.18",
          "reached": false
        }
      ],
      "stats": {
        "count": 1,
        "responses": 1,