{
  "1": {
    "udp": {
      "probes": [
        {
          "rtt": 17740.072011947632,
          "from": "120.88.53.22",
          "reached": false
        }
      ],
      "stats": {
        "count": 1,
        "responses": 1,
        "loss": 0.0,
        "min": 17740.072011947632,
        "max": 17740.072011947632,
        "avg": 17740.072011947632
      }
    },
    "tcp": {
      "probes": [
        {
          "rtt": 17672.324180603027,
          "from": "120.88.53.22",
          "reached": false
        }
      ],
      "stats": {
        "count": 1,
        "responses": 1,
        "loss": 0.0,
        "min": 17672.324180603027,
        "max": 17672.324180603027,
        "avg": 17672.324180603027
      }
    },
    "icmp": {
      "probes": [
        {
          "rtt": 17661.306858062744,
          "from": "120.88.53.22",
          "reached": false
        }
      ],
      "stats": {
        "count": 1,
        "responses": 1,
        "loss": 0.0,
        "min": 17661.306858062744,
        "max": 17661.306858062744,
        "avg": 17661.306858062744
      }
    },
    "extensions": {}
  },
  "2": {
    "udp": {
      "probes": [
        {
          "rtt": 17511.024951934814,
          "from": "120.88.53.22",
          "reached": false
        }
      ],
      "stats": {
        "count": 1,
        "responses": 1,
        "loss": 0.0,
        "min": 17511.024951934814,
        "max": 17511.024951934814,
        "avg": 17511.024951934814
      }
    },
    "tcp": {
      "probes": [
        {
          "rtt": 17510.727882385254,
          "from": "120.88.53.22",
          "reached": false
        }
      ],
      "stats": {
        "count": 1,
        "responses": 1,
        "loss": 0.0,
        "min": 17510.727882385254,
        "max": 17510.727882385254,
        "avg": 17510.727882385254
      }
    },
    "icmp": {
      "probes": [
        {
          "rtt": 17510.711908340454,
          "from": "120.88.53.22",
          "reached": false
        }
      ],
      "stats": {
        "count": 1,
        "responses": 1,
        "loss": 0.0,
        "min": 17510.711908340454,
        "max": 17510.711908340454,
        "avg": 17510.711908340454
      }
    },
    "extensions": {}
  },
  "3": {
    "udp": {
      "probes": [
        {
          "rtt": 17406.923055648804,
          "from": "120.88.53.22",
          "reached": false
        }
      ],
      "stats": {
        "count": 1,
        "responses": 1,
        "loss": 0.0,
        "min": 17406.923055648804,
        "max": 17406.923055648804,
        "avg": 17406.923055648804
      }
    },
    "tcp": {
      "probes": [
        {
          "rtt": 17406.904935836792,
          "from": "120.88.53.22",
          "reached": false
        }
      ],
      "stats": {
        "count": 1,
        "responses": 1,
        "loss": 0.0,
        "min": 17406.904935836792,
        "max": 17406.904935836792,
        "avg": 17406.904935836792
      }
    },
    "icmp": {
      "probes": [
        {
          "rtt": 17406.898260116577,
          "from": "120.88.53.22",
          "reached": false
        }
      ],
      "stats": {
        "count": 1,
        "responses": 1,
        "loss": 0.0,
        "min": 17406.898260116577,
        "max": 17406.898260116577,
        "avg": 17406.898260116577
      }
    },
    "extensions": {}
  },
  "4": {
    "udp": {
      "probes": [
        {
          "rtt": 17305.963039398193,
          "from": "120.88.53.22",
          "reached": false
        }
      ],
      "stats": {
        "count": 1,
        "responses": 1,
        "loss": 0.0,
        "min": 17305.963039398193,
        "max": 17305.963039398193,
        "avg": 17305.963039398193
      }
    },
    "tcp": {
      "probes": [
        {
          "rtt": 17305.952072143555,
          "from": "120.88.53.22",
          "reached": false
        }
      ],
      "stats": {
        "count": 1,
        "responses": 1,
        "loss": 0.0,
        "min": 17305.952072143555,
        "max": 17305.952072143555,
        "avg": 17305.952072143555
      }
    },
    "icmp": {
      "probes": [
        {
          "rtt": 17305.941104888916,
          "from": "120.88.53.22",
          "reached": false
        }
      ],
      "stats": {
        "count": 1,
        "responses": 1,
        "loss": 0.0,
        "min": 17305.941104888916,
        "max": 17305.941104888916,
        "avg": 17305.941104888916
      }
    },
    "extensions": {}
  },
  "5": {
    "udp": {
      "probes": [
        {
          "rtt": 17201.169967651367,
          "from": "120.88.53.22",
          "reached": false
        }
      ],
      "stats": {
        "count": 1,
        "responses": 1,
        "loss": 0.0,
        "min": 17201.169967651367,
        "max": 17201.169967651367,
        "avg": 17201.169967651367
      }
    },
    "tcp": {
      "probes": [
        {
          "rtt": 17200.89292526245,
          "from": "120.88.53.22",
          "reached": false
        }
      ],
      "stats": {
        "count": 1,
        "responses": 1,
        "loss": 0.0,
        "min": 17200.89292526245,
        "max": 17200.89292526245,
        "avg": 17200.89292526245
      }
    },
    "icmp": {
      "probes": [
        {
          "rtt": 17200.639963150024,
          "from": "120.88.53.22",
          "reached": false
        }
      ],
      "stats": {
        "count": 1,
        "responses": 1,
        "loss": 0.0,
        "min": 17200.639963150024,
        "max": 17200.639963150024,
        "avg": 17200.639963150024
      }
    },
    "extensions": {}
  },
  "6": {
    "udp": {
      "probes": [
        {
          "rtt": 17096.338987350464,
          "from": "120.88.53.22",
          "reached": false
        }
      ],
      "stats": {
        "count": 1,
        "responses": 1,
        "loss": 0.0,
        "min": 17096.338987350464,
        "max": 17096.338987350464,
        "avg": 17096.338987350464
      }
    },
    "tcp": {
      "probes": [
        {
          "rtt": 17096.26579284668,
          "from": "120.88.53.22",
          "reached": false
        }
      ],
      "stats": {
        "count": 1,
        "responses": 1,
        "loss": 0.0,
        "min": 17096.26579284668,
        "max": 17096.26579284668,
        "avg": 17096.26579284668
      }
    },
    "icmp": {
      "probes": [
        {
          "rtt": 17096.259832382202,
          "from": "120.88.53.22",
          "reached": false
        }
      ],
      "stats": {
        "count": 1,
        "responses": 1,
        "loss": 0.0,
        "min": 17096.259832382202,
        "max": 17096.259832382202,
        "avg": 17096.259832382202
      }
    },
    "extensions": {}
  },
  "7": {
    "udp": {
      "probes": [
        {
          "rtt": 16992.05183982849,
          "from": "120.88.53.22",
          "reached": false
        }
      ],
      "stats": {
        "count": 1,
        "responses": 1,
        "loss": 0.0,
        "min": 16992.05183982849,
        "max": 16992.05183982849,
        "avg": 16992.05183982849
      }
    },
    "tcp": {
      "probes": [
        {
          "rtt": 16991.78194999695,
          "from": "120.88.53.22",
          "reached": false
        }
      ],
      "stats": {
        "count": 1,
        "responses": 1,
        "loss": 0.0,
        "min": 16991.78194999695,
        "max": 16991.78194999695,
        "avg": 16991.78194999695
      }
    },
    "icmp": {
      "probes": [
        {
          "rtt": 16991.769075393677,
          "from": "120.88.53.22",
          "reached": false
        }
      ],
      "stats": {
        "count": 1,
        "responses": 1,
        "loss": 0.0,
        "min": 16991.769075393677,
        "max": 16991.769075393677,
        "avg": 16991.769075393677
      }
    },
    "extensions": {}
  },
  "8": {
    "udp": {
      "probes": [
        {
          "rtt": 16890.891075134277,
          "from": "120.88.53.22",
          "reached": false
        }
      ],
      "stats": {
        "count": 1,