{
  "1": {
    "udp": {
      "probes": [
        {
          "rtt": 11997.612953186035,
          "from": "10.213.33.25",
          "reached": false
        }
      ],
      "stats": {
        "count": 1,
        "responses": 1,
        "loss": 0.0,
        "min": 11997.612953186035,
        "max": 11997.612953186035,
        "avg": 11997.612953186035
      }
    },
    "tcp": {
      "probes": [
        {
          "rtt": 11972.819805145264,
          "from": "10.213.33.25",
          "reached": false
        }
      ],
      "stats": {
        "count": 1,
        "responses": 1,
        "loss": 0.0,
        "min": 11972.819805145264,
        "max": 11972.819805145264,
        "avg": 11972.819805145264
      }
    },
    "icmp": {
      "probes": [
        {
          "rtt": 11988.09790611267,
          "from": "10.213.33.25",
          "reached": false
        }
      ],
      "stats": {
        "count": 1,
        "responses": 1,
        "loss": 0.0,
        "min": 11988.09790611267,
        "max": 11988.09790611267,
        "avg": 11988.09790611267
      }
    },
    "extensions": {}
  },
  "2": {
    "udp": {
      "probes": [
        {
          "rtt": 11874.596118927002,
          "from": "10.213.33.25",
          "reached": false
        }
      ],
      "stats": {
        "count": 1,
        "responses": 1,
        "loss": 0.0,
        "min": 11874.596118927002,
        "max": 11874.596118927002,
        "avg": 11874.596118927002
      }
    },
    "tcp": {
      "probes": [],
      "stats": {}
    },
    "icmp": {
      "probes": [],
      "stats": {}
    },
    "extensions": {}
  },
  "metadata": {
    "series": [
      "udp",
      "tcp",
      "icmp"
    ],
    "target": "190.0.41.1",
    "protocol": "udp",
    "ip_version": "4",
    "timestamp": "2025-05-15 21:10:13",
    "reached_target": false
  }
}