{
  "1": {
    "udp": {
      "probes": [
        {
          "rtt": 30527.605056762695,
          "from": "172.28.136.2",
          "reached": false
        }
      ],
      "stats": {
        "count": 1,
        "responses": 1,
        "loss": 0.0,
        "min": 30527.605056762695,
        "max": 30527.605056762695,
        "avg": 30527.605056762695
      }
    },
    "tcp": {
      "probes": [
        {
          "rtt": 30289.175033569336,
          "from": "172.28.136.2",
          "reached": false
        }
      ],
      "stats": {
        "count": 1,
        "responses": 1,
        "loss": 0.0,
        "min": 30289.175033569336,
        "max": 30289.175033569336,
        "avg": 30289.175033569336
      }
    },
    "icmp": {
      "probes": [
        {
          "rtt": 30288.49697113037,
          "from": "172.28.136.2",
          "reached": false
        }
      ],
      "stats": {
        "count": 1,
        "responses": 1,
        "loss": 0.0,
        "min": 30288.49697113037,
        "max": 30288.49697113037,
        "avg": 30288.49697113037
      }
    },
    "extensions": {}
  },
  "2": {
    "udp": {
      "probes": [
        {
          "rtt": 30154.59418296814,
          "from": "172.28.136.2",
          "reached": false
        }
      ],
      "stats": {
        "count": 1,
        "responses": 1,
        "loss": 0.0,
        "min": 30154.59418296814,
        "max": 30154.59418296814,
        "avg": 30154.59418296814
      }
    },
    "tcp": {
      "probes": [
        {
          "rtt": 30154.67405319214,
          "from": "172.28.136.2",
          "reached": false
        }
      ],
      "stats": {
        "count": 1,
        "responses": 1,
        "loss": 0.0,
        "min": 30154.67405319214,
        "max": 30154.67405319214,
        "avg": 30154.67405319214
      }
    },
    "icmp": {
      "probes": [
        {
          "rtt": 30154.860019683838,
          "from": "172.28.136.2",
          "reached": false
        }
      ],
      "stats": {
        "count": 1,
        "responses": 1,
        "loss": 0.0,
        "min": 30154.860019683838,
        "max": 30154.860019683838,
        "avg": 30154.860019683838
      }
    },
    "extensions": {}
  },
  "3": {
    "udp": {
      "probes": [
        {
          "rtt": 30003.75199317932,
          "from": "172.28.136.2",
          "reached": false
        }
      ],
      "stats": {
        "count": 1,
        "responses": 1,
        "loss": 0.0,
        "min": 30003.75199317932,
        "max": 30003.75199317932,
        "avg": 30003.75199317932
      }
    },
    "tcp": {
      "probes": [
        {
          "rtt": 29996.60611152649,
          "from": "172.28.136.2",
          "reached": false
        }
      ],
      "stats": {
        "count": 1,
        "responses": 1,
        "loss": 0.0,
        "min": 29996.60611152649,
        "max": 29996.60611152649,
        "avg": 29996.60611152649
      }
    },
    "icmp": {
      "probes": [
        {
          "rtt": 29996.804237365723,
          "from": "172.28.136.2",
          "reached": false
        }
      ],
      "stats": {
        "count": 1,
        "responses": 1,
        "loss": 0.0,
        "min": 29996.804237365723,
        "max": 29996.804237365723,
        "avg": 29996.804237365723
      }
    },
    "extensions": {}
  },
  "4": {
    "udp": {
      "probes": [
        {
          "rtt": 29838.66810798645,
          "from": "172.28.136.2",
          "reached": false
        }
      ],
      "stats": {
        "count": 1,
        "responses": 1,
        "loss": 0.0,
        "min": 29838.66810798645,
        "max": 29838.66810798645,
        "avg": 29838.66810798645
      }
    },
    "tcp": {
      "probes": [
        {
          "rtt": 29837.72087097168,
          "from": "172.28.136.2",
          "reached": false
        }
      ],
      "stats": {
        "count": 1,
        "responses": 1,
        "loss": 0.0,
        "min": 29837.72087097168,
        "max": 29837.72087097168,
        "avg": 29837.72087097168
      }
    },
    "icmp": {
      "probes": [
        {
          "rtt": 29837.722063064575,
          "from": "172.28.136.2",
          "reached": false
        }
      ],
      "stats": {
        "count": 1,
        "responses": 1,
        "loss": 0.0,
        "min": 29837.722063064575,
        "max": 29837.722063064575,
        "avg": 29837.722063064575
      }
    },
    "extensions": {}
  },
  "5": {
    "udp": {
      "probes": [
        {
          "rtt": 29731.271982192993,
          "from": "172.28.136.2",
          "reached": false
        }
      ],
      "stats": {
        "count": 1,
        "responses": 1,
        "loss": 0.0,
        "min": 29731.271982192993,
        "max": 29731.271982192993,
        "avg": 29731.271982192993
      }
    },
    "tcp": {
      "probes": [
        {
          "rtt": 29731.258153915405,
          "from": "172.28.136.2",
          "reached": false
        }
      ],
      "stats": {
        "count": 1,
        "responses": 1,
        "loss": 0.0,
        "min": 29731.258153915405,
        "max": 29731.258153915405,
        "avg": 29731.258153915405
      }
    },
    "icmp": {
      "probes": [
        {
          "rtt": 29731.31799697876,
          "from": "172.28.136.2",
          "reached": false
        }
      ],
      "stats": {
        "count": 1,
        "responses": 1,
        "loss": 0.0,
        "min": 29731.31799697876,
        "max": 29731.31799697876,
        "avg": 29731.31799697876
      }
    },
    "extensions": {}
  },
  "6": {
    "udp": {
      "probes": [
        {
          "rtt": 29627.54774093628,
          "from": "172.28.136.2",
          "reached": false
        }
      ],
      "stats": {
        "count": 1,
        "responses": 1,
        "loss": 0.0,
        "min": 29627.54774093628,
        "max": 29627.54774093628,
        "avg": 29627.54774093628
      }
    },
    "tcp": {
      "probes": [
        {
          "rtt": 29627.405166625977,
          "from": "172.28.136.2",
          "reached": false
        }
      ],
      "stats": {
        "count": 1,
        "responses": 1,
        "loss": 0.0,
        "min": 29627.405166625977,
        "max": 29627.405166625977,
        "avg": 29627.405166625977
      }
    },
    "icmp": {
      "probes": [
        {
          "rtt": 29627.419233322144,
          "from": "172.28.136.2",
          "reached": false
        }
      ],
      "stats": {
        "count": 1,
        "responses": 1,
        "loss": 0.0,
        "min": 29627.419233322144,
        "max": 29627.419233322144,
        "avg": 29627.419233322144
      }
    },
    "extensions": {}
  },
  "7": {
    "udp": {
      "probes": [
        {
          "rtt": 14721.660852432251,
          "from": "172.28.136.2",
          "reached": false
        }
      ],
      "stats": {
        "count": 1,
        "responses": 1,
        "loss": 0.0,
        "min": 14721.660852432251,
        "max": 14721.660852432251,
        "avg": 14721.660852432251
      }
    },
    "tcp": {
      "probes": [
        {
          "rtt": 13621.763229370117,
          "from": "172.28.136.2",
          "reached": false
        }
      ],
      "stats": {
        "count": 1,
        "responses": 1,
        "loss": 0.0,
        "min": 13621.763229370117,
        "max": 13621.763229370117,
        "avg": 13621.763229370117
      }
    },
    "icmp": {
      "probes": [
        {
          "rtt": 13621.04320526123,
          "from": "172.28.136.2",
          "reached": false
        }
      ],
      "stats": {
        "count": 1,
        "responses": 1,
        "loss": 0.0,
        "min": 13621.04320526123,
        "max": 13621.04320526123,
        "avg": 13621.04320526123
      }
    },
    "extensions": {}
  },
  "8": {
    "udp": {
      "probes": [
        {
          "rtt": 13515.4128074646,
          "from": "172.28.136.2",
          "reached": false
        }
      ],
      "stats": {
        "count": 1,
        "responses": 1,
        "loss": 0.0,