{
  "1": {
    "udp": {
      "probes": [
        {
          "rtt": 9454.65087890625,
          "from": "10.213.33.33",
          "reached": false
        }
      ],
      "stats": {
        "count": 1,
        "responses": 1,
        "loss": 0.0,
        "min": 9454.65087890625,
        "max": 9454.65087890625,
        "avg": 9454.65087890625
      }
    },
    "tcp": {
      "probes": [
        {
          "rtt": 10125.611066818237,
          "from": "10.213.33.33",
          "reached": false
        }
      ],
      "stats": {
        "count": 1,
        "responses": 1,
        "loss": 0.0,
        "min": 10125.611066818237,
        "max": 10125.611066818237,
        "avg": 10125.611066818237
      }
    },
    "icmp": {
      "probes": [
        {
          "rtt": 10879.09197807312,
          "from": "10.213.33.33",
          "reached": false
        }
      ],
      "stats": {
        "count": 1,
        "responses": 1,
        "loss": 0.0,
        "min": 10879.09197807312,
        "max": 10879.09197807312,
        "avg": 10879.09197807312
      }
    },
    "extensions": {}
  },
  "2": {
    "udp": {
      "probes": [
        {
          "rtt": 10775.86317062378,
          "from": "10.213.33.33",
          "reached": false
        }
      ],
      "stats": {
        "count": 1,
        "responses": 1,
        "loss": 0.0,
        "min": 10775.86317062378,
        "max": 10775.86317062378,
        "avg": 10775.86317062378
      }
    },
    "tcp": {
      "probes": [],
      "stats": {}
    },
    "icmp": {
      "probes": [],
      "stats": {}
    },
    "extensions": {}
  },
  "metadata": {
    "series": [
      "udp",
      "tcp",
      "icmp"
    ],
    "target": "189.158.135.1",
    "protocol": "udp",
    "ip_version": "4",
    "timestamp": "2025-05-15 21:10:04",
    "reached_target": false
  }
}