{
  "1": {
    "udp": {
      "probes": [
        {
          "rtt": 19307.52205848694,
          "from": "129.250.2.27",
          "reached": false
        }
      ],
      "stats": {
        "count": 1,
        "responses": 1,
        "loss": 0.0,
        "min": 19307.52205848694,
        "max": 19307.52205848694,
        "avg": 19307.52205848694
      }
    },
    "tcp": {
      "probes": [
        {
          "rtt": 19258.9750289917,
          "from": "129.250.2.27",
          "reached": false
        }
      ],
      "stats": {
        "count": 1,
        "responses": 1,
        "loss": 0.0,
        "min": 19258.9750289917,
        "max": 19258.9750289917,
        "avg": 19258.9750289917
      }
    },
    "icmp": {
      "probes": [
        {
          "rtt": 19244.038820266724,
          "from": "129.250.2.27",
          "reached": false
        }
      ],
      "stats": {
        "count": 1,
        "responses": 1,
        "loss": 0.0,
        "min": 19244.038820266724,
        "max": 19244.038820266724,
        "avg": 19244.038820266724
      }
    },
    "extensions": {}
  },
  "2": {
    "udp": {
      "probes": [
        {
          "rtt": 19082.364320755005,
          "from": "129.250.2.27",
          "reached": false
        }
      ],
      "stats": {
        "count": 1,
        "responses": 1,
        "loss": 0.0,
        "min": 19082.364320755005,
        "max": 19082.364320755005,
        "avg": 19082.364320755005
      }
    },
    "tcp": {
      "probes": [
        {
          "rtt": 19081.324815750122,
          "from": "129.250.2.27",
          "reached": false
        }
      ],
      "stats": {
        "count": 1,
        "responses": 1,
        "loss": 0.0,
        "min": 19081.324815750122,
        "max": 19081.324815750122,
        "avg": 19081.324815750122
      }
    },
    "icmp": {
      "probes": [
        {
          "rtt": 19077.47793197632,
          "from": "129.250.2.27",
          "reached": false
        }
      ],
      "stats": {
        "count": 1,
        "responses": 1,
        "loss": 0.0,
        "min": 19077.47793197632,
        "max": 19077.47793197632,
        "avg": 19077.47793197632
      }
    },
    "extensions": {}
  },
  "3": {
    "udp": {
      "probes": [
        {
          "rtt": 18938.38906288147,
          "from": "129.250.2.27",
          "reached": false
        }
      ],
      "stats": {
        "count": 1,
        "responses": 1,
        "loss": 0.0,
        "min": 18938.38906288147,
        "max": 18938.38906288147,
        "avg": 18938.38906288147
      }
    },
    "tcp": {
      "probes": [
        {
          "rtt": 18935.455083847046,
          "from": "129.250.2.27",
          "reached": false
        }
      ],
      "stats": {
        "count": 1,
        "responses": 1,
        "loss": 0.0,
        "min": 18935.455083847046,
        "max": 18935.455083847046,
        "avg": 18935.455083847046
      }
    },
    "icmp": {
      "probes": [
        {
          "rtt": 18928.30491065979,
          "from": "129.250.2.27",
          "reached": false
        }
      ],
      "stats": {
        "count": 1,
        "responses": 1,
        "loss": 0.0,
        "min": 18928.30491065979,
        "max": 18928.30491065979,
        "avg": 18928.30491065979
      }
    },
    "extensions": {}
  },
  "4": {
    "udp": {
      "probes": [
        {
          "rtt": 18823.500871658325,
          "from": "129.250.2.27",
          "reached": false
        }
      ],
      "stats": {
        "count": 1,
        "responses": 1,
        "loss": 0.0,
        "min": 18823.500871658325,
        "max": 18823.500871658325,
        "avg": 18823.500871658325
      }
    },
    "tcp": {
      "probes": [
        {
          "rtt": 18823.049068450928,
          "from": "129.250.2.27",
          "reached": false
        }
      ],
      "stats": {
        "count": 1,
        "responses": 1,
        "loss": 0.0,
        "min": 18823.049068450928,
        "max": 18823.049068450928,
        "avg": 18823.049068450928
      }
    },
    "icmp": {
      "probes": [
        {
          "rtt": 18823.57907295227,
          "from": "129.250.2.27",
          "reached": false
        }
      ],
      "stats": {
        "count": 1,
        "responses": 1,
        "loss": 0.0,
        "min": 18823.57907295227,
        "max": 18823.57907295227,
        "avg": 18823.57907295227
      }
    },
    "extensions": {}
  },
  "5": {
    "udp": {
      "probes": [
        {
          "rtt": 18720.76416015625,
          "from": "129.250.2.27",
          "reached": false
        }
      ],
      "stats": {
        "count": 1,
        "responses": 1,
        "loss": 0.0,
        "min": 18720.76416015625,
        "max": 18720.76416015625,
        "avg": 18720.76416015625
      }
    },
    "tcp": {
      "probes": [
        {
          "rtt": 18721.668004989624,
          "from": "129.250.2.27",
          "reached": false
        }
      ],
      "stats": {
        "count": 1,
        "responses": 1,
        "loss": 0.0,
        "min": 18721.668004989624,
        "max": 18721.668004989624,
        "avg": 18721.668004989624
      }
    },
    "icmp": {
      "probes": [
        {
          "rtt": 18721.58908843994,
          "from": "129.250.2.27",
          "reached": false
        }
      ],
      "stats": {
        "count": 1,
        "responses": 1,
        "loss": 0.0,
        "min": 18721.58908843994,
        "max": 18721.58908843994,
        "avg": 18721.58908843994
      }
    },
    "extensions": {}
  },
  "6": {
    "udp": {
      "probes": [
        {
          "rtt": 18616.77312850952,
          "from": "129.250.2.27",
          "reached": false
        }
      ],
      "stats": {
        "count": 1,
        "responses": 1,
        "loss": 0.0,
        "min": 18616.77312850952,
        "max": 18616.77312850952,
        "avg": 18616.77312850952
      }
    },
    "tcp": {
      "probes": [
        {
          "rtt": 18616.77384376526,
          "from": "129.250.2.27",
          "reached": false
        }
      ],
      "stats": {
        "count": 1,
        "responses": 1,
        "loss": 0.0,
        "min": 18616.77384376526,
        "max": 18616.77384376526,
        "avg": 18616.77384376526
      }
    },
    "icmp": {
      "probes": [
        {
          "rtt": 18617.523908615112,
          "from": "129.250.2.27",
          "reached": false
        }
      ],
      "stats": {
        "count": 1,
        "responses": 1,
        "loss": 0.0,
        "min": 18617.523908615112,
        "max": 18617.523908615112,
        "avg": 18617.523908615112
      }
    },
    "extensions": {}
  },
  "7": {
    "udp": {
      "probes": [
        {
          "rtt": 18512.98713684082,
          "from": "129.250.2.27",
          "reached": false
        }
      ],
      "stats": {
        "count": 1,
        "responses": 1,
        "loss": 0.0,
        "min": 18512.98713684082,
        "max": 18512.98713684082,
        "avg": 18512.98713684082
      }
    },
    "tcp": {
      "probes": [
        {
          "rtt": 18512.945890426636,
          "from": "129.250.2.27",
          "reached": false
        }
      ],
      "stats": {
        "count": 1,
        "responses": 1,
        "loss": 0.0,
        "min": 18512.945890426636,
        "max": 18512.945890426636,
        "avg": 18512.945890426636
      }
    },
    "icmp": {
      "probes": [
        {
          "rtt": 18512.94994354248,
          "from": "129.250.2.27",
          "reached": false
        }
      ],
      "stats": {
        "count": 1,
        "responses": 1,
        "loss": 0.0,
        "min": 18512.94994354248,
        "max": 18512.94994354248,
        "avg": 18512.94994354248
      }
    },
    "extensions": {}
  },
  "8": {
    "udp": {
      "probes": [
        {
          "rtt": 18408.255100250244,
          "from": "129.250.2.27",
          "reached": false
        }
      ],
      "stats": {
        "count": 1,
        "responses": 1,
        "loss": 0.0,