{
  "1": {
    "udp": {
      "probes": [
        {
          "rtt": 14871.541023254395,
          "from": "103.22.203.75",
          "reached": false
        }
      ],
      "stats": {
        "count": 1,
        "responses": 1,
        "loss": 0.0,
        "min": 14871.541023254395,
        "max": 14871.541023254395,
        "avg": 14871.541023254395
      }
    },
    "tcp": {
      "probes": [
        {
          "rtt": 14820.410013198853,
          "from": "103.22.203.75",
          "reached": false
        }
      ],
      "stats": {
        "count": 1,
        "responses": 1,
        "loss": 0.0,
        "min": 14820.410013198853,
        "max": 14820.410013198853,
        "avg": 14820.410013198853
      }
    },
    "icmp": {
      "probes": [
        {
          "rtt": 14819.051027297974,
          "from": "103.22.203.75",
          "reached": false
        }
      ],
      "stats": {
        "count": 1,
        "responses": 1,
        "loss": 0.0,
        "min": 14819.051027297974,
        "max": 14819.051027297974,
        "avg": 14819.051027297974
      }
    },
    "extensions": {}
  },
  "2": {
    "udp": {
      "probes": [
        {
          "rtt": 14685.541868209839,
          "from": "103.22.203.75",
          "reached": false
        }
      ],
      "stats": {
        "count": 1,
        "responses": 1,
        "loss": 0.0,
        "min": 14685.541868209839,
        "max": 14685.541868209839,
        "avg": 14685.541868209839
      }
    },
    "tcp": {
      "probes": [
        {
          "rtt": 14685.111045837402,
          "from": "103.22.203.75",
          "reached": false
        }
      ],
      "stats": {
        "count": 1,
        "responses": 1,
        "loss": 0.0,
        "min": 14685.111045837402,
        "max": 14685.111045837402,
        "avg": 14685.111045837402
      }
    },
    "icmp": {
      "probes": [
        {
          "rtt": 14685.106992721558,
          "from": "103.22.203.75",
          "reached": false
        }
      ],
      "stats": {
        "count": 1,
        "responses": 1,
        "loss": 0.0,
        "min": 14685.106992721558,
        "max": 14685.106992721558,
        "avg": 14685.106992721558
      }
    },
    "extensions": {}
  },
  "3": {
    "udp": {
      "probes": [
        {
          "rtt": 14581.092834472656,
          "from": "103.22.203.75",
          "reached": false
        }
      ],
      "stats": {
        "count": 1,
        "responses": 1,
        "loss": 0.0,
        "min": 14581.092834472656,
        "max": 14581.092834472656,
        "avg": 14581.092834472656
      }
    },
    "tcp": {
      "probes": [
        {
          "rtt": 14580.447912216187,
          "from": "103.22.203.75",
          "reached": false
        }
      ],
      "stats": {
        "count": 1,
        "responses": 1,
        "loss": 0.0,
        "min": 14580.447912216187,
        "max": 14580.447912216187,
        "avg": 14580.447912216187
      }
    },
    "icmp": {
      "probes": [
        {
          "rtt": 14580.442190170288,
          "from": "103.22.203.75",
          "reached": false
        }
      ],
      "stats": {
        "count": 1,
        "responses": 1,
        "loss": 0.0,
        "min": 14580.442190170288,
        "max": 14580.442190170288,
        "avg": 14580.442190170288
      }
    },
    "extensions": {}
  },
  "4": {
    "udp": {
      "probes": [
        {
          "rtt": 14476.132154464722,
          "from": "103.22.203.75",
          "reached": false
        }
      ],
      "stats": {
        "count": 1,
        "responses": 1,
        "loss": 0.0,
        "min": 14476.132154464722,
        "max": 14476.132154464722,
        "avg": 14476.132154464722
      }
    },
    "tcp": {
      "probes": [
        {
          "rtt": 14476.109027862549,
          "from": "103.22.203.75",
          "reached": false
        }
      ],
      "stats": {
        "count": 1,
        "responses": 1,
        "loss": 0.0,
        "min": 14476.109027862549,
        "max": 14476.109027862549,
        "avg": 14476.109027862549
      }
    },
    "icmp": {
      "probes": [
        {
          "rtt": 14476.101160049438,
          "from": "103.22.203.75",
          "reached": false
        }
      ],
      "stats": {
        "count": 1,
        "responses": 1,
        "loss": 0.0,
        "min": 14476.101160049438,
        "max": 14476.101160049438,
        "avg": 14476.101160049438
      }
    },
    "extensions": {}
  },
  "5": {
    "udp": {
      "probes": [
        {
          "rtt": 14375.03170967102,
          "from": "103.22.203.75",
          "reached": false
        }
      ],
      "stats": {
        "count": 1,
        "responses": 1,
        "loss": 0.0,
        "min": 14375.03170967102,
        "max": 14375.03170967102,
        "avg": 14375.03170967102
      }
    },
    "tcp": {
      "probes": [
        {
          "rtt": 14373.651027679443,
          "from": "103.22.203.75",
          "reached": false
        }
      ],
      "stats": {
        "count": 1,
        "responses": 1,
        "loss": 0.0,
        "min": 14373.651027679443,
        "max": 14373.651027679443,
        "avg": 14373.651027679443
      }
    },
    "icmp": {
      "probes": [
        {
          "rtt": 14373.600959777832,
          "from": "103.22.203.75",
          "reached": false
        }
      ],
      "stats": {
        "count": 1,
        "responses": 1,
        "loss": 0.0,
        "min": 14373.600959777832,
        "max": 14373.600959777832,
        "avg": 14373.600959777832
      }
    },
    "extensions": {}
  },
  "6": {
    "udp": {
      "probes": [
        {
          "rtt": 14268.953084945679,
          "from": "103.22.203.75",
          "reached": false
        }
      ],
      "stats": {
        "count": 1,
        "responses": 1,
        "loss": 0.0,
        "min": 14268.953084945679,
        "max": 14268.953084945679,
        "avg": 14268.953084945679
      }
    },
    "tcp": {
      "probes": [
        {
          "rtt": 14268.869876861572,
          "from": "103.22.203.75",
          "reached": false
        }
      ],
      "stats": {
        "count": 1,
        "responses": 1,
        "loss": 0.0,
        "min": 14268.869876861572,
        "max": 14268.869876861572,
        "avg": 14268.869876861572
      }
    },
    "icmp": {
      "probes": [
        {
          "rtt": 14268.396854400635,
          "from": "103.22.203.75",
          "reached": false
        }
      ],
      "stats": {
        "count": 1,
        "responses": 1,
        "loss": 0.0,
        "min": 14268.396854400635,
        "max": 14268.396854400635,
        "avg": 14268.396854400635
      }
    },
    "extensions": {}
  },
  "7": {
    "udp": {
      "probes": [
        {
          "rtt": 14165.974855422974,
          "from": "103.22.203.75",
          "reached": false
        }
      ],
      "stats": {
        "count": 1,
        "responses": 1,
        "loss": 0.0,
        "min": 14165.974855422974,
        "max": 14165.974855422974,
        "avg": 14165.974855422974
      }
    },
    "tcp": {
      "probes": [
        {
          "rtt": 14165.20094871521,
          "from": "103.22.203.75",
          "reached": false
        }
      ],
      "stats": {
        "count": 1,
        "responses": 1,
        "loss": 0.0,
        "min": 14165.20094871521,
        "max": 14165.20094871521,
        "avg": 14165.20094871521
      }
    },
    "icmp": {
      "probes": [
        {
          "rtt": 14164.66498374939,
          "from": "103.22.203.75",
          "reached": false
        }
      ],
      "stats": {
        "count": 1,
        "responses": 1,
        "loss": 0.0,
        "min": 14164.66498374939,
        "max": 14164.66498374939,
        "avg": 14164.66498374939
      }
    },
    "extensions": {}
  },
  "8": {
    "udp": {
      "probes": [
        {
          "rtt": 14060.648202896118,
          "from": "103.22.203.75",
          "reached": false
        }
      ],