{
  "1": {
    "udp": {
      "probes": [
        {
          "rtt": 41846.04001045227,
          "from": "203.208.146.218",
          "reached": false
        }
      ],
      "stats": {
        "count": 1,
        "responses": 1,
        "loss": 0.0,
        "min": 41846.04001045227,
        "max": 41846.04001045227,
        "avg": 41846.04001045227
      }
    },
    "tcp": {
      "probes": [
        {
          "rtt": 45615.6280040741,
          "from": "203.208.146.218",
          "reached": false
        }
      ],
      "stats": {
        "count": 1,
        "responses": 1,
        "loss": 0.0,
        "min": 45615.6280040741,
        "max": 45615.6280040741,
        "avg": 45615.6280040741
      }
    },
    "icmp": {
      "probes": [
        {
          "rtt": 50727.97703742981,
          "from": "61.88.33.14",
          "reached": false
        }
      ],
      "stats": {
        "count": 1,
        "responses": 1,
        "loss": 0.0,
        "min": 50727.97703742981,
        "max": 50727.97703742981,
        "avg": 50727.97703742981
      }
    },
    "extensions": {}
  },
  "2": {
    "udp": {
      "probes": [
        {
          "rtt": 50571.35200500488,
          "from": "61.88.33.14",
          "reached": false
        }
      ],
      "stats": {
        "count": 1,
        "responses": 1,
        "loss": 0.0,
        "min": 50571.35200500488,
        "max": 50571.35200500488,
        "avg": 50571.35200500488
      }
    },
    "tcp": {
      "probes": [],
      "stats": {}
    },
    "icmp": {
      "probes": [],
      "stats": {}
    },
    "extensions": {}
  },
  "metadata": {
    "series": [
      "udp",
      "tcp",
      "icmp"
    ],
    "target": "49.181.198.1",
    "protocol": "udp",
    "ip_version": "4",
    "timestamp": "2025-05-15 21:10:45",
    "reached_target": false
  }
}