{
  "1": {
    "udp": {
      "probes": [
        {
          "rtt": 14599.262952804565,
          "from": "112.174.91.49",
          "reached": false
        }
      ],
      "stats": {
        "count": 1,
        "responses": 1,
        "loss": 0.0,
        "min": 14599.262952804565,
        "max": 14599.262952804565,
        "avg": 14599.262952804565
      }
    },
    "tcp": {
      "probes": [
        {
          "rtt": 14596.478939056396,
          "from": "112.174.91.49",
          "reached": false
        }
      ],
      "stats": {
        "count": 1,
        "responses": 1,
        "loss": 0.0,
        "min": 14596.478939056396,
        "max": 14596.478939056396,
        "avg": 14596.478939056396
      }
    },
    "icmp": {
      "probes": [
        {
          "rtt": 14593.482971191406,
          "from": "112.174.91.49",
          "reached": false
        }
      ],
      "stats": {
        "count": 1,
        "responses": 1,
        "loss": 0.0,
        "min": 14593.482971191406,
        "max": 14593.482971191406,
        "avg": 14593.482971191406
      }
    },
    "extensions": {}
  },
  "2": {
    "udp": {
      "probes": [
        {
          "rtt": 14484.833002090454,
          "from": "112.174.91.49",
          "reached": false
        }
      ],
      "stats": {
        "count": 1,
        "responses": 1,
        "loss": 0.0,
        "min": 14484.833002090454,
        "max": 14484.833002090454,
        "avg": 14484.833002090454
      }
    },
    "tcp": {
      "probes": [
        {
          "rtt": 14484.822034835815,
          "from": "112.174.91.49",
          "reached": false
        }
      ],
      "stats": {
        "count": 1,
        "responses": 1,
        "loss": 0.0,
        "min": 14484.822034835815,
        "max": 14484.822034835815,
        "avg": 14484.822034835815
      }
    },
    "icmp": {
      "probes": [
        {
          "rtt": 14484.798908233643,
          "from": "112.174.91.49",
          "reached": false
        }
      ],
      "stats": {
        "count": 1,
        "responses": 1,
        "loss": 0.0,
        "min": 14484.798908233643,
        "max": 14484.798908233643,
        "avg": 14484.798908233643
      }
    },
    "extensions": {}
  },
  "3": {
    "udp": {
      "probes": [
        {
          "rtt": 14379.788875579834,
          "from": "112.174.91.49",
          "reached": false
        }
      ],
      "stats": {
        "count": 1,
        "responses": 1,
        "loss": 0.0,
        "min": 14379.788875579834,
        "max": 14379.788875579834,
        "avg": 14379.788875579834
      }
    },
    "tcp": {
      "probes": [
        {
          "rtt": 14379.785060882568,
          "from": "112.174.91.49",
          "reached": false
        }
      ],
      "stats": {
        "count": 1,
        "responses": 1,
        "loss": 0.0,
        "min": 14379.785060882568,
        "max": 14379.785060882568,
        "avg": 14379.785060882568
      }
    },
    "icmp": {
      "probes": [
        {
          "rtt": 14379.775047302246,
          "from": "112.174.91.49",
          "reached": false
        }
      ],
      "stats": {
        "count": 1,
        "responses": 1,
        "loss": 0.0,
        "min": 14379.775047302246,
        "max": 14379.775047302246,
        "avg": 14379.775047302246
      }
    },
    "extensions": {}
  },
  "4": {
    "udp": {
      "probes": [
        {
          "rtt": 14274.752140045166,
          "from": "112.174.91.49",
          "reached": false
        }
      ],
      "stats": {
        "count": 1,
        "responses": 1,
        "loss": 0.0,
        "min": 14274.752140045166,
        "max": 14274.752140045166,
        "avg": 14274.752140045166
      }
    },
    "tcp": {
      "probes": [
        {
          "rtt": 14274.746894836426,
          "from": "112.174.91.49",
          "reached": false
        }
      ],
      "stats": {
        "count": 1,
        "responses": 1,
        "loss": 0.0,
        "min": 14274.746894836426,
        "max": 14274.746894836426,
        "avg": 14274.746894836426
      }
    },
    "icmp": {
      "probes": [
        {
          "rtt": 14274.739027023315,
          "from": "112.174.91.49",
          "reached": false
        }
      ],
      "stats": {
        "count": 1,
        "responses": 1,
        "loss": 0.0,
        "min": 14274.739027023315,
        "max": 14274.739027023315,
        "avg": 14274.739027023315
      }
    },
    "extensions": {}
  },
  "5": {
    "udp": {
      "probes": [
        {
          "rtt": 14174.155950546265,
          "from": "112.174.91.49",
          "reached": false
        }
      ],
      "stats": {
        "count": 1,
        "responses": 1,
        "loss": 0.0,
        "min": 14174.155950546265,
        "max": 14174.155950546265,
        "avg": 14174.155950546265
      }
    },
    "tcp": {
      "probes": [
        {
          "rtt": 14174.119234085083,
          "from": "112.174.91.49",
          "reached": false
        }
      ],
      "stats": {
        "count": 1,
        "responses": 1,
        "loss": 0.0,
        "min": 14174.119234085083,
        "max": 14174.119234085083,
        "avg": 14174.119234085083
      }
    },
    "icmp": {
      "probes": [
        {
          "rtt": 14174.113035202026,
          "from": "112.174.91.49",
          "reached": false
        }
      ],
      "stats": {
        "count": 1,
        "responses": 1,
        "loss": 0.0,
        "min": 14174.113035202026,
        "max": 14174.113035202026,
        "avg": 14174.113035202026
      }
    },
    "extensions": {}
  },
  "6": {
    "udp": {
      "probes": [
        {
          "rtt": 14069.655895233154,
          "from": "112.174.91.49",
          "reached": false
        }
      ],
      "stats": {
        "count": 1,
        "responses": 1,
        "loss": 0.0,
        "min": 14069.655895233154,
        "max": 14069.655895233154,
        "avg": 14069.655895233154
      }
    },
    "tcp": {
      "probes": [
        {
          "rtt": 14069.627285003662,
          "from": "112.174.91.49",
          "reached": false
        }
      ],
      "stats": {
        "count": 1,
        "responses": 1,
        "loss": 0.0,
        "min": 14069.627285003662,
        "max": 14069.627285003662,
        "avg": 14069.627285003662
      }
    },
    "icmp": {
      "probes": [
        {
          "rtt": 14069.598913192749,
          "from": "112.174.91.49",
          "reached": false
        }
      ],
      "stats": {
        "count": 1,
        "responses": 1,
        "loss": 0.0,
        "min": 14069.598913192749,
        "max": 14069.598913192749,
        "avg": 14069.598913192749
      }
    },
    "extensions": {}
  },
  "7": {
    "udp": {
      "probes": [
        {
          "rtt": 13964.618921279907,
          "from": "112.174.91.49",
          "reached": false
        }
      ],
      "stats": {
        "count": 1,
        "responses": 1,
        "loss": 0.0,
        "min": 13964.618921279907,
        "max": 13964.618921279907,
        "avg": 13964.618921279907
      }
    },
    "tcp": {
      "probes": [
        {
          "rtt": 13964.606046676636,
          "from": "112.174.91.49",
          "reached": false
        }
      ],
      "stats": {
        "count": 1,
        "responses": 1,
        "loss": 0.0,
        "min": 13964.606046676636,
        "max": 13964.606046676636,
        "avg": 13964.606046676636
      }
    },
    "icmp": {
      "probes": [
        {
          "rtt": 13964.588165283203,
          "from": "112.174.91.49",
          "reached": false
        }
      ],
      "stats": {
        "count": 1,
        "responses": 1,
        "loss": 0.0,
        "min": 13964.588165283203,
        "max": 13964.588165283203,
        "avg": 13964.588165283203
      }
    },
    "extensions": {}
  },
  "8": {
    "udp": {
      "probes": [
        {
          "rtt": 13859.662055969238,
          "from": "112.174.91.49",
          "reached": false
        }
      ],