{
  "1": {
    "udp": {
      "probes": [
        {
          "rtt": 9207.328081130981,
          "from": "36.110.203.70",
          "reached": false
        }
      ],
      "stats": {
        "count": 1,
        "responses": 1,
        "loss": 0.0,
        "min": 9207.328081130981,
        "max": 9207.328081130981,
        "avg": 9207.328081130981
      }
    },
    "tcp": {
      "probes": [
        {
          "rtt": 9206.06279373169,
          "from": "36.110.203.70",
          "reached": false
        }
      ],
      "stats": {
        "count": 1,
        "responses": 1,
        "loss": 0.0,
        "min": 9206.06279373169,
        "max": 9206.06279373169,
        "avg": 9206.06279373169
      }
    },
    "icmp": {
      "probes": [
        {
          "rtt": 9209.008693695068,
          "from": "36.110.203.70",
          "reached": false
        }
      ],
      "stats": {
        "count": 1,
        "responses": 1,
        "loss": 0.0,
        "min": 9209.008693695068,
        "max": 9209.008693695068,
        "avg": 9209.008693695068
      }
    },
    "extensions": {}
  },
  "2": {
    "udp": {
      "probes": [
        {
          "rtt": 9032.35411643982,
          "from": "36.110.203.70",
          "reached": false
        }
      ],
      "stats": {
        "count": 1,
        "responses": 1,
        "loss": 0.0,
        "min": 9032.35411643982,
        "max": 9032.35411643982,
        "avg": 9032.35411643982
      }
    },
    "tcp": {
      "probes": [
        {
          "rtt": 9032.356262207031,
          "from": "36.110.203.70",
          "reached": false
        }
      ],
      "stats": {
        "count": 1,
        "responses": 1,
        "loss": 0.0,
        "min": 9032.356262207031,
        "max": 9032.356262207031,
        "avg": 9032.356262207031
      }
    },
    "icmp": {
      "probes": [
        {
          "rtt": 9032.345056533813,
          "from": "36.110.203.70",
          "reached": false
        }
      ],
      "stats": {
        "count": 1,
        "responses": 1,
        "loss": 0.0,
        "min": 9032.345056533813,
        "max": 9032.345056533813,
        "avg": 9032.345056533813
      }
    },
    "extensions": {}
  },
  "3": {
    "udp": {
      "probes": [
        {
          "rtt": 8927.480936050415,
          "from": "36.110.203.70",
          "reached": false
        }
      ],
      "stats": {
        "count": 1,
        "responses": 1,
        "loss": 0.0,
        "min": 8927.480936050415,
        "max": 8927.480936050415,
        "avg": 8927.480936050415
      }
    },
    "tcp": {
      "probes": [
        {
          "rtt": 8928.447008132935,
          "from": "36.110.203.70",
          "reached": false
        }
      ],
      "stats": {
        "count": 1,
        "responses": 1,
        "loss": 0.0,
        "min": 8928.447008132935,
        "max": 8928.447008132935,
        "avg": 8928.447008132935
      }
    },
    "icmp": {
      "probes": [
        {
          "rtt": 8929.72183227539,
          "from": "36.110.203.70",
          "reached": false
        }
      ],
      "stats": {
        "count": 1,
        "responses": 1,
        "loss": 0.0,
        "min": 8929.72183227539,
        "max": 8929.72183227539,
        "avg": 8929.72183227539
      }
    },
    "extensions": {}
  },
  "4": {
    "udp": {
      "probes": [
        {
          "rtt": 8827.269077301025,
          "from": "36.110.203.70",
          "reached": false
        }
      ],
      "stats": {
        "count": 1,
        "responses": 1,
        "loss": 0.0,
        "min": 8827.269077301025,
        "max": 8827.269077301025,
        "avg": 8827.269077301025
      }
    },
    "tcp": {
      "probes": [
        {
          "rtt": 8827.258825302124,
          "from": "36.110.203.70",
          "reached": false
        }
      ],
      "stats": {
        "count": 1,
        "responses": 1,
        "loss": 0.0,
        "min": 8827.258825302124,
        "max": 8827.258825302124,
        "avg": 8827.258825302124
      }
    },
    "icmp": {
      "probes": [
        {
          "rtt": 8828.569173812866,
          "from": "36.110.203.70",
          "reached": false
        }
      ],
      "stats": {
        "count": 1,
        "responses": 1,
        "loss": 0.0,
        "min": 8828.569173812866,
        "max": 8828.569173812866,
        "avg": 8828.569173812866
      }
    },
    "extensions": {}
  },
  "5": {
    "udp": {
      "probes": [
        {
          "rtt": 8725.239038467407,
          "from": "36.110.203.70",
          "reached": false
        }
      ],
      "stats": {
        "count": 1,
        "responses": 1,
        "loss": 0.0,
        "min": 8725.239038467407,
        "max": 8725.239038467407,
        "avg": 8725.239038467407
      }
    },
    "tcp": {
      "probes": [
        {
          "rtt": 8725.207090377808,
          "from": "36.110.203.70",
          "reached": false
        }
      ],
      "stats": {
        "count": 1,
        "responses": 1,
        "loss": 0.0,
        "min": 8725.207090377808,
        "max": 8725.207090377808,
        "avg": 8725.207090377808
      }
    },
    "icmp": {
      "probes": [
        {
          "rtt": 8725.207090377808,
          "from": "36.110.203.70",
          "reached": false
        }
      ],
      "stats": {
        "count": 1,
        "responses": 1,
        "loss": 0.0,
        "min": 8725.207090377808,
        "max": 8725.207090377808,
        "avg": 8725.207090377808
      }
    },
    "extensions": {}
  },
  "6": {
    "udp": {
      "probes": [
        {
          "rtt": 8622.36213684082,
          "from": "36.110.203.70",
          "reached": false
        }
      ],
      "stats": {
        "count": 1,
        "responses": 1,
        "loss": 0.0,
        "min": 8622.36213684082,
        "max": 8622.36213684082,
        "avg": 8622.36213684082
      }
    },
    "tcp": {
      "probes": [
        {
          "rtt": 8622.369050979614,
          "from": "36.110.203.70",
          "reached": false
        }
      ],
      "stats": {
        "count": 1,
        "responses": 1,
        "loss": 0.0,
        "min": 8622.369050979614,
        "max": 8622.369050979614,
        "avg": 8622.369050979614
      }
    },
    "icmp": {
      "probes": [
        {
          "rtt": 8622.368812561035,
          "from": "36.110.203.70",
          "reached": false
        }
      ],
      "stats": {
        "count": 1,
        "responses": 1,
        "loss": 0.0,
        "min": 8622.368812561035,
        "max": 8622.368812561035,
        "avg": 8622.368812561035
      }
    },
    "extensions": {}
  },
  "7": {
    "udp": {
      "probes": [
        {
          "rtt": 8520.792961120605,
          "from": "36.110.203.70",
          "reached": false
        }
      ],
      "stats": {
        "count": 1,
        "responses": 1,
        "loss": 0.0,
        "min": 8520.792961120605,
        "max": 8520.792961120605,
        "avg": 8520.792961120605
      }
    },
    "tcp": {
      "probes": [
        {
          "rtt": 8520.795822143555,
          "from": "36.110.203.70",
          "reached": false
        }
      ],
      "stats": {
        "count": 1,
        "responses": 1,
        "loss": 0.0,
        "min": 8520.795822143555,
        "max": 8520.795822143555,
        "avg": 8520.795822143555
      }
    },
    "icmp": {
      "probes": [
        {
          "rtt": 8520.796775817871,
          "from": "36.110.203.70",
          "reached": false
        }
      ],
      "stats": {
        "count": 1,
        "responses": 1,
        "loss": 0.0,
        "min": 8520.796775817871,
        "max": 8520.796775817871,
        "avg": 8520.796775817871
      }
    },
    "extensions": {}
  },
  "8": {
    "udp": {
      "probes": [
        {
          "rtt": 8417.13571548462,
          "from": "36.110.203.70",
          "reached": false
        }
      ],
      "stats": {
        "count": 1,
        "responses": 1,
        "loss": 0.0,
        "min": 8417.13571548462,