{
  "1": {
    "udp": {
      "probes": [
        {
          "rtt": 15304.013967514038,
          "from": "10.213.33.25",
          "reached": false
        }
      ],
      "stats": {
        "count": 1,
        "responses": 1,
        "loss": 0.0,
        "min": 15304.013967514038,
        "max": 15304.013967514038,
        "avg": 15304.013967514038
      }
    },
    "tcp": {
      "probes": [
        {
          "rtt": 15292.778968811035,
          "from": "10.213.33.25",
          "reached": false
        }
      ],
      "stats": {
        "count": 1,
        "responses": 1,
        "loss": 0.0,
        "min": 15292.778968811035,
        "max": 15292.778968811035,
        "avg": 15292.778968811035
      }
    },
    "icmp": {
      "probes": [
        {
          "rtt": 15309.005975723267,
          "from": "10.213.33.25",
          "reached": false
        }
      ],
      "stats": {
        "count": 1,
        "responses": 1,
        "loss": 0.0,
        "min": 15309.005975723267,
        "max": 15309.005975723267,
        "avg": 15309.005975723267
      }
    },
    "extensions": {}
  },
  "2": {
    "udp": {
      "probes": [
        {
          "rtt": 15208.538293838501,
          "from": "10.213.33.25",
          "reached": false
        }
      ],
      "stats": {
        "count": 1,
        "responses": 1,
        "loss": 0.0,
        "min": 15208.538293838501,
        "max": 15208.538293838501,
        "avg": 15208.538293838501
      }
    },
    "tcp": {
      "probes": [],
      "stats": {}
    },
    "icmp": {
      "probes": [],
      "stats": {}
    },
    "extensions": {}
  },
  "metadata": {
    "series": [
      "udp",
      "tcp",
      "icmp"
    ],
    "target": "103.168.114.1",
    "protocol": "udp",
    "ip_version": "4",
    "timestamp": "2025-05-15 21:10:15",
    "reached_target": false
  }
}