{
  "1": {
    "udp": {
      "probes": [
        {
          "rtt": 23143.420934677124,
          "from": "4.35.156.66",
          "reached": false
        }
      ],
      "stats": {
        "count": 1,
        "responses": 1,
        "loss": 0.0,
        "min": 23143.420934677124,
        "max": 23143.420934677124,
        "avg": 23143.420934677124
      }
    },
    "tcp": {
      "probes": [
        {
          "rtt": 23093.68896484375,
          "from": "4.35.156.66",
          "reached": false
        }
      ],
      "stats": {
        "count": 1,
        "responses": 1,
        "loss": 0.0,
        "min": 23093.68896484375,
        "max": 23093.68896484375,
        "avg": 23093.68896484375
      }
    },
    "icmp": {
      "probes": [
        {
          "rtt": 23078.89699935913,
          "from": "4.35.156.66",
          "reached": false
        }
      ],
      "stats": {
        "count": 1,
        "responses": 1,
        "loss": 0.0,
        "min": 23078.89699935913,
        "max": 23078.89699935913,
        "avg": 23078.89699935913
      }
    },
    "extensions": {}
  },
  "2": {
    "udp": {
      "probes": [
        {
          "rtt": 22916.536808013916,
          "from": "4.35.156.66",
          "reached": false
        }
      ],
      "stats": {
        "count": 1,
        "responses": 1,
        "loss": 0.0,
        "min": 22916.536808013916,
        "max": 22916.536808013916,
        "avg": 22916.536808013916
      }
    },
    "tcp": {
      "probes": [
        {
          "rtt": 22916.006326675415,
          "from": "4.35.156.66",
          "reached": false
        }
      ],
      "stats": {
        "count": 1,
        "responses": 1,
        "loss": 0.0,
        "min": 22916.006326675415,
        "max": 22916.006326675415,
        "avg": 22916.006326675415
      }
    },
    "icmp": {
      "probes": [
        {
          "rtt": 22911.888122558594,
          "from": "4.35.156.66",
          "reached": false
        }
      ],
      "stats": {
        "count": 1,
        "responses": 1,
        "loss": 0.0,
        "min": 22911.888122558594,
        "max": 22911.888122558594,
        "avg": 22911.888122558594
      }
    },
    "extensions": {}
  },
  "3": {
    "udp": {
      "probes": [
        {
          "rtt": 22772.610902786255,
          "from": "4.35.156.66",
          "reached": false
        }
      ],
      "stats": {
        "count": 1,
        "responses": 1,
        "loss": 0.0,
        "min": 22772.610902786255,
        "max": 22772.610902786255,
        "avg": 22772.610902786255
      }
    },
    "tcp": {
      "probes": [
        {
          "rtt": 22769.691944122314,
          "from": "4.35.156.66",
          "reached": false
        }
      ],
      "stats": {
        "count": 1,
        "responses": 1,
        "loss": 0.0,
        "min": 22769.691944122314,
        "max": 22769.691944122314,
        "avg": 22769.691944122314
      }
    },
    "icmp": {
      "probes": [
        {
          "rtt": 22762.57824897766,
          "from": "4.35.156.66",
          "reached": false
        }
      ],
      "stats": {
        "count": 1,
        "responses": 1,
        "loss": 0.0,
        "min": 22762.57824897766,
        "max": 22762.57824897766,
        "avg": 22762.57824897766
      }
    },
    "extensions": {}
  },
  "4": {
    "udp": {
      "probes": [
        {
          "rtt": 22657.850742340088,
          "from": "4.35.156.66",
          "reached": false
        }
      ],
      "stats": {
        "count": 1,
        "responses": 1,
        "loss": 0.0,
        "min": 22657.850742340088,
        "max": 22657.850742340088,
        "avg": 22657.850742340088
      }
    },
    "tcp": {
      "probes": [
        {
          "rtt": 22657.38296508789,
          "from": "4.35.156.66",
          "reached": false
        }
      ],
      "stats": {
        "count": 1,
        "responses": 1,
        "loss": 0.0,
        "min": 22657.38296508789,
        "max": 22657.38296508789,
        "avg": 22657.38296508789
      }
    },
    "icmp": {
      "probes": [
        {
          "rtt": 22657.381057739258,
          "from": "4.35.156.66",
          "reached": false
        }
      ],
      "stats": {
        "count": 1,
        "responses": 1,
        "loss": 0.0,
        "min": 22657.381057739258,
        "max": 22657.381057739258,
        "avg": 22657.381057739258
      }
    },
    "extensions": {}
  },
  "5": {
    "udp": {
      "probes": [
        {
          "rtt": 22551.337957382202,
          "from": "4.35.156.66",
          "reached": false
        }
      ],
      "stats": {
        "count": 1,
        "responses": 1,
        "loss": 0.0,
        "min": 22551.337957382202,
        "max": 22551.337957382202,
        "avg": 22551.337957382202
      }
    },
    "tcp": {
      "probes": [
        {
          "rtt": 22551.315307617188,
          "from": "4.35.156.66",
          "reached": false
        }
      ],
      "stats": {
        "count": 1,
        "responses": 1,
        "loss": 0.0,
        "min": 22551.315307617188,
        "max": 22551.315307617188,
        "avg": 22551.315307617188
      }
    },
    "icmp": {
      "probes": [
        {
          "rtt": 22551.295042037964,
          "from": "4.35.156.66",
          "reached": false
        }
      ],
      "stats": {
        "count": 1,
        "responses": 1,
        "loss": 0.0,
        "min": 22551.295042037964,
        "max": 22551.295042037964,
        "avg": 22551.295042037964
      }
    },
    "extensions": {}
  },
  "6": {
    "udp": {
      "probes": [
        {
          "rtt": 22450.62208175659,
          "from": "4.35.156.66",
          "reached": false
        }
      ],
      "stats": {
        "count": 1,
        "responses": 1,
        "loss": 0.0,
        "min": 22450.62208175659,
        "max": 22450.62208175659,
        "avg": 22450.62208175659
      }
    },
    "tcp": {
      "probes": [
        {
          "rtt": 22450.57511329651,
          "from": "4.35.156.66",
          "reached": false
        }
      ],
      "stats": {
        "count": 1,
        "responses": 1,
        "loss": 0.0,
        "min": 22450.57511329651,
        "max": 22450.57511329651,
        "avg": 22450.57511329651
      }
    },
    "icmp": {
      "probes": [
        {
          "rtt": 22450.57511329651,
          "from": "4.35.156.66",
          "reached": false
        }
      ],
      "stats": {
        "count": 1,
        "responses": 1,
        "loss": 0.0,
        "min": 22450.57511329651,
        "max": 22450.57511329651,
        "avg": 22450.57511329651
      }
    },
    "extensions": {}
  },
  "7": {
    "udp": {
      "probes": [
        {
          "rtt": 22346.751928329468,
          "from": "4.35.156.66",
          "reached": false
        }
      ],
      "stats": {
        "count": 1,
        "responses": 1,
        "loss": 0.0,
        "min": 22346.751928329468,
        "max": 22346.751928329468,
        "avg": 22346.751928329468
      }
    },
    "tcp": {
      "probes": [
        {
          "rtt": 22346.256256103516,
          "from": "4.35.156.66",
          "reached": false
        }
      ],
      "stats": {
        "count": 1,
        "responses": 1,
        "loss": 0.0,
        "min": 22346.256256103516,
        "max": 22346.256256103516,
        "avg": 22346.256256103516
      }
    },
    "icmp": {
      "probes": [
        {
          "rtt": 22346.08221054077,
          "from": "4.35.156.66",
          "reached": false
        }
      ],
      "stats": {
        "count": 1,
        "responses": 1,
        "loss": 0.0,
        "min": 22346.08221054077,
        "max": 22346.08221054077,
        "avg": 22346.08221054077
      }
    },
    "extensions": {}
  },
  "8": {
    "udp": {
      "probes": [
        {
          "rtt": 22244.668006896973,
          "from": "4.35.156.66",
          "reached": false
        }
      ],
      "stats": {
        "count": 1,
        "responses": 1,
        "loss": 0.0,