{
  "1": {
    "udp": {
      "probes": [
        {
          "rtt": 13676.199913024902,
          "from": "202.76.18.72",
          "reached": false
        }
      ],
      "stats": {
        "count": 1,
        "responses": 1,
        "loss": 0.0,
        "min": 13676.199913024902,
        "max": 13676.199913024902,
        "avg": 13676.199913024902
      }
    },
    "tcp": {
      "probes": [
        {
          "rtt": 13636.579751968384,
          "from": "202.76.18.72",
          "reached": false
        }
      ],
      "stats": {
        "count": 1,
        "responses": 1,
        "loss": 0.0,
        "min": 13636.579751968384,
        "max": 13636.579751968384,
        "avg": 13636.579751968384
      }
    },
    "icmp": {
      "probes": [
        {
          "rtt": 24700.94108581543,
          "from": "203.85.128.94",
          "reached": false
        }
      ],
      "stats": {
        "count": 1,
        "responses": 1,
        "loss": 0.0,
        "min": 24700.94108581543,
        "max": 24700.94108581543,
        "avg": 24700.94108581543
      }
    },
    "extensions": {}
  },
  "2": {
    "udp": {
      "probes": [
        {
          "rtt": 24590.837955474854,
          "from": "203.85.128.94",
          "reached": false
        }
      ],
      "stats": {
        "count": 1,
        "responses": 1,
        "loss": 0.0,
        "min": 24590.837955474854,
        "max": 24590.837955474854,
        "avg": 24590.837955474854
      }
    },
    "tcp": {
      "probes": [
        {
          "rtt": 24592.6411151886,
          "from": "203.85.128.94",
          "reached": false
        }
      ],
      "stats": {
        "count": 1,
        "responses": 1,
        "loss": 0.0,
        "min": 24592.6411151886,
        "max": 24592.6411151886,
        "avg": 24592.6411151886
      }
    },
    "icmp": {
      "probes": [
        {
          "rtt": 24596.30799293518,
          "from": "203.85.128.94",
          "reached": false
        }
      ],
      "stats": {
        "count": 1,
        "responses": 1,
        "loss": 0.0,
        "min": 24596.30799293518,
        "max": 24596.30799293518,
        "avg": 24596.30799293518
      }
    },
    "extensions": {}
  },
  "3": {
    "udp": {
      "probes": [
        {
          "rtt": 24228.742837905884,
          "from": "203.85.128.94",
          "reached": false
        }
      ],
      "stats": {
        "count": 1,
        "responses": 1,
        "loss": 0.0,
        "min": 24228.742837905884,
        "max": 24228.742837905884,
        "avg": 24228.742837905884
      }
    },
    "tcp": {
      "probes": [
        {
          "rtt": 24227.057933807373,
          "from": "203.85.128.94",
          "reached": false
        }
      ],
      "stats": {
        "count": 1,
        "responses": 1,
        "loss": 0.0,
        "min": 24227.057933807373,
        "max": 24227.057933807373,
        "avg": 24227.057933807373
      }
    },
    "icmp": {
      "probes": [
        {
          "rtt": 24228.214979171753,
          "from": "203.85.128.94",
          "reached": false
        }
      ],
      "stats": {
        "count": 1,
        "responses": 1,
        "loss": 0.0,
        "min": 24228.214979171753,
        "max": 24228.214979171753,
        "avg": 24228.214979171753
      }
    },
    "extensions": {}
  },
  "4": {
    "udp": {
      "probes": [
        {
          "rtt": 23967.689990997314,
          "from": "203.85.128.94",
          "reached": false
        }
      ],
      "stats": {
        "count": 1,
        "responses": 1,
        "loss": 0.0,
        "min": 23967.689990997314,
        "max": 23967.689990997314,
        "avg": 23967.689990997314
      }
    },
    "tcp": {
      "probes": [
        {
          "rtt": 19829.155921936035,
          "from": "203.85.128.94",
          "reached": false
        }
      ],
      "stats": {
        "count": 1,
        "responses": 1,
        "loss": 0.0,
        "min": 19829.155921936035,
        "max": 19829.155921936035,
        "avg": 19829.155921936035
      }
    },
    "icmp": {
      "probes": [
        {
          "rtt": 19862.28609085083,
          "from": "203.85.128.94",
          "reached": false
        }
      ],
      "stats": {
        "count": 1,
        "responses": 1,
        "loss": 0.0,
        "min": 19862.28609085083,
        "max": 19862.28609085083,
        "avg": 19862.28609085083
      }
    },
    "extensions": {}
  },
  "metadata": {
    "series": [
      "udp",
      "tcp",
      "icmp"
    ],
    "target": "190.108.73.1",
    "protocol": "udp",
    "ip_version": "4",
    "timestamp": "2025-05-15 17:04:21",
    "reached_target": false
  }
}