{
  "1": {
    "udp": {
      "probes": [
        {
          "rtt": 11899.271011352539,
          "from": "221.183.66.221",
          "reached": false
        }
      ],
      "stats": {
        "count": 1,
        "responses": 1,
        "loss": 0.0,
        "min": 11899.271011352539,
        "max": 11899.271011352539,
        "avg": 11899.271011352539
      }
    },
    "tcp": {
      "probes": [
        {
          "rtt": 11896.960973739624,
          "from": "221.183.66.221",
          "reached": false
        }
      ],
      "stats": {
        "count": 1,
        "responses": 1,
        "loss": 0.0,
        "min": 11896.960973739624,
        "max": 11896.960973739624,
        "avg": 11896.960973739624
      }
    },
    "icmp": {
      "probes": [
        {
          "rtt": 11896.944999694824,
          "from": "221.183.66.221",
          "reached": false
        }
      ],
      "stats": {
        "count": 1,
        "responses": 1,
        "loss": 0.0,
        "min": 11896.944999694824,
        "max": 11896.944999694824,
        "avg": 11896.944999694824
      }
    },
    "extensions": {}
  },
  "2": {
    "udp": {
      "probes": [
        {
          "rtt": 11791.005849838257,
          "from": "221.183.66.221",
          "reached": false
        }
      ],
      "stats": {
        "count": 1,
        "responses": 1,
        "loss": 0.0,
        "min": 11791.005849838257,
        "max": 11791.005849838257,
        "avg": 11791.005849838257
      }
    },
    "tcp": {
      "probes": [
        {
          "rtt": 11791.00227355957,
          "from": "221.183.66.221",
          "reached": false
        }
      ],
      "stats": {
        "count": 1,
        "responses": 1,
        "loss": 0.0,
        "min": 11791.00227355957,
        "max": 11791.00227355957,
        "avg": 11791.00227355957
      }
    },
    "icmp": {
      "probes": [
        {
          "rtt": 11790.986061096191,
          "from": "221.183.66.221",
          "reached": false
        }
      ],
      "stats": {
        "count": 1,
        "responses": 1,
        "loss": 0.0,
        "min": 11790.986061096191,
        "max": 11790.986061096191,
        "avg": 11790.986061096191
      }
    },
    "extensions": {}
  },
  "3": {
    "udp": {
      "probes": [
        {
          "rtt": 11690.213203430176,
          "from": "221.183.66.221",
          "reached": false
        }
      ],
      "stats": {
        "count": 1,
        "responses": 1,
        "loss": 0.0,
        "min": 11690.213203430176,
        "max": 11690.213203430176,
        "avg": 11690.213203430176
      }
    },
    "tcp": {
      "probes": [
        {
          "rtt": 11690.209150314331,
          "from": "221.183.66.221",
          "reached": false
        }
      ],
      "stats": {
        "count": 1,
        "responses": 1,
        "loss": 0.0,
        "min": 11690.209150314331,
        "max": 11690.209150314331,
        "avg": 11690.209150314331
      }
    },
    "icmp": {
      "probes": [
        {
          "rtt": 11690.199136734009,
          "from": "221.183.66.221",
          "reached": false
        }
      ],
      "stats": {
        "count": 1,
        "responses": 1,
        "loss": 0.0,
        "min": 11690.199136734009,
        "max": 11690.199136734009,
        "avg": 11690.199136734009
      }
    },
    "extensions": {}
  },
  "4": {
    "udp": {
      "probes": [
        {
          "rtt": 11585.184335708618,
          "from": "221.183.66.221",
          "reached": false
        }
      ],
      "stats": {
        "count": 1,
        "responses": 1,
        "loss": 0.0,
        "min": 11585.184335708618,
        "max": 11585.184335708618,
        "avg": 11585.184335708618
      }
    },
    "tcp": {
      "probes": [
        {
          "rtt": 11585.169076919556,
          "from": "221.183.66.221",
          "reached": false
        }
      ],
      "stats": {
        "count": 1,
        "responses": 1,
        "loss": 0.0,
        "min": 11585.169076919556,
        "max": 11585.169076919556,
        "avg": 11585.169076919556
      }
    },
    "icmp": {
      "probes": [
        {
          "rtt": 11585.165977478027,
          "from": "221.183.66.221",
          "reached": false
        }
      ],
      "stats": {
        "count": 1,
        "responses": 1,
        "loss": 0.0,
        "min": 11585.165977478027,
        "max": 11585.165977478027,
        "avg": 11585.165977478027
      }
    },
    "extensions": {}
  },
  "5": {
    "udp": {
      "probes": [
        {
          "rtt": 11481.284856796265,
          "from": "221.183.66.221",
          "reached": false
        }
      ],
      "stats": {
        "count": 1,
        "responses": 1,
        "loss": 0.0,
        "min": 11481.284856796265,
        "max": 11481.284856796265,
        "avg": 11481.284856796265
      }
    },
    "tcp": {
      "probes": [
        {
          "rtt": 11481.244087219238,
          "from": "221.183.66.221",
          "reached": false
        }
      ],
      "stats": {
        "count": 1,
        "responses": 1,
        "loss": 0.0,
        "min": 11481.244087219238,
        "max": 11481.244087219238,
        "avg": 11481.244087219238
      }
    },
    "icmp": {
      "probes": [
        {
          "rtt": 11481.230020523071,
          "from": "221.183.66.221",
          "reached": false
        }
      ],
      "stats": {
        "count": 1,
        "responses": 1,
        "loss": 0.0,
        "min": 11481.230020523071,
        "max": 11481.230020523071,
        "avg": 11481.230020523071
      }
    },
    "extensions": {}
  },
  "6": {
    "udp": {
      "probes": [
        {
          "rtt": 11376.789808273315,
          "from": "221.183.66.221",
          "reached": false
        }
      ],
      "stats": {
        "count": 1,
        "responses": 1,
        "loss": 0.0,
        "min": 11376.789808273315,
        "max": 11376.789808273315,
        "avg": 11376.789808273315
      }
    },
    "tcp": {
      "probes": [
        {
          "rtt": 11376.782894134521,
          "from": "221.183.66.221",
          "reached": false
        }
      ],
      "stats": {
        "count": 1,
        "responses": 1,
        "loss": 0.0,
        "min": 11376.782894134521,
        "max": 11376.782894134521,
        "avg": 11376.782894134521
      }
    },
    "icmp": {
      "probes": [
        {
          "rtt": 11376.773118972778,
          "from": "221.183.66.221",
          "reached": false
        }
      ],
      "stats": {
        "count": 1,
        "responses": 1,
        "loss": 0.0,
        "min": 11376.773118972778,
        "max": 11376.773118972778,
        "avg": 11376.773118972778
      }
    },
    "extensions": {}
  },
  "7": {
    "udp": {
      "probes": [
        {
          "rtt": 11271.749258041382,
          "from": "221.183.66.221",
          "reached": false
        }
      ],
      "stats": {
        "count": 1,
        "responses": 1,
        "loss": 0.0,
        "min": 11271.749258041382,
        "max": 11271.749258041382,
        "avg": 11271.749258041382
      }
    },
    "tcp": {
      "probes": [
        {
          "rtt": 11271.743059158325,
          "from": "221.183.66.221",
          "reached": false
        }
      ],
      "stats": {
        "count": 1,
        "responses": 1,
        "loss": 0.0,
        "min": 11271.743059158325,
        "max": 11271.743059158325,
        "avg": 11271.743059158325
      }
    },
    "icmp": {
      "probes": [
        {
          "rtt": 11271.729946136475,
          "from": "221.183.66.221",
          "reached": false
        }
      ],
      "stats": {
        "count": 1,
        "responses": 1,
        "loss": 0.0,
        "min": 11271.729946136475,
        "max": 11271.729946136475,
        "avg": 11271.729946136475
      }
    },
    "extensions": {}
  },
  "8": {
    "udp": {
      "probes": [
        {
          "rtt": 11168.277978897095,
          "from": "221.183.66.221",
          "reached": false
        }
      ],