{
  "1": {
    "udp": {
      "probes": [
        {
          "rtt": 17821.009874343872,
          "from": "112.174.91.253",
          "reached": false
        }
      ],
      "stats": {
        "count": 1,
        "responses": 1,
        "loss": 0.0,
        "min": 17821.009874343872,
        "max": 17821.009874343872,
        "avg": 17821.009874343872
      }
    },
    "tcp": {
      "probes": [
        {
          "rtt": 17734.10725593567,
          "from": "112.174.91.253",
          "reached": false
        }
      ],
      "stats": {
        "count": 1,
        "responses": 1,
        "loss": 0.0,
        "min": 17734.10725593567,
        "max": 17734.10725593567,
        "avg": 17734.10725593567
      }
    },
    "icmp": {
      "probes": [
        {
          "rtt": 17723.95086288452,
          "from": "112.174.91.253",
          "reached": false
        }
      ],
      "stats": {
        "count": 1,
        "responses": 1,
        "loss": 0.0,
        "min": 17723.95086288452,
        "max": 17723.95086288452,
        "avg": 17723.95086288452
      }
    },
    "extensions": {}
  },
  "2": {
    "udp": {
      "probes": [
        {
          "rtt": 17573.6300945282,
          "from": "112.174.91.253",
          "reached": false
        }
      ],
      "stats": {
        "count": 1,
        "responses": 1,
        "loss": 0.0,
        "min": 17573.6300945282,
        "max": 17573.6300945282,
        "avg": 17573.6300945282
      }
    },
    "tcp": {
      "probes": [
        {
          "rtt": 17573.60887527466,
          "from": "112.174.91.253",
          "reached": false
        }
      ],
      "stats": {
        "count": 1,
        "responses": 1,
        "loss": 0.0,
        "min": 17573.60887527466,
        "max": 17573.60887527466,
        "avg": 17573.60887527466
      }
    },
    "icmp": {
      "probes": [
        {
          "rtt": 17573.59290122986,
          "from": "112.174.91.253",
          "reached": false
        }
      ],
      "stats": {
        "count": 1,
        "responses": 1,
        "loss": 0.0,
        "min": 17573.59290122986,
        "max": 17573.59290122986,
        "avg": 17573.59290122986
      }
    },
    "extensions": {}
  },
  "3": {
    "udp": {
      "probes": [
        {
          "rtt": 17469.609260559082,
          "from": "112.174.91.253",
          "reached": false
        }
      ],
      "stats": {
        "count": 1,
        "responses": 1,
        "loss": 0.0,
        "min": 17469.609260559082,
        "max": 17469.609260559082,
        "avg": 17469.609260559082
      }
    },
    "tcp": {
      "probes": [
        {
          "rtt": 17469.53010559082,
          "from": "112.174.91.253",
          "reached": false
        }
      ],
      "stats": {
        "count": 1,
        "responses": 1,
        "loss": 0.0,
        "min": 17469.53010559082,
        "max": 17469.53010559082,
        "avg": 17469.53010559082
      }
    },
    "icmp": {
      "probes": [
        {
          "rtt": 17469.502925872803,
          "from": "112.174.91.253",
          "reached": false
        }
      ],
      "stats": {
        "count": 1,
        "responses": 1,
        "loss": 0.0,
        "min": 17469.502925872803,
        "max": 17469.502925872803,
        "avg": 17469.502925872803
      }
    },
    "extensions": {}
  },
  "4": {
    "udp": {
      "probes": [
        {
          "rtt": 17365.149974822998,
          "from": "112.174.91.253",
          "reached": false
        }
      ],
      "stats": {
        "count": 1,
        "responses": 1,
        "loss": 0.0,
        "min": 17365.149974822998,
        "max": 17365.149974822998,
        "avg": 17365.149974822998
      }
    },
    "tcp": {
      "probes": [
        {
          "rtt": 17365.06175994873,
          "from": "112.174.91.253",
          "reached": false
        }
      ],
      "stats": {
        "count": 1,
        "responses": 1,
        "loss": 0.0,
        "min": 17365.06175994873,
        "max": 17365.06175994873,
        "avg": 17365.06175994873
      }
    },
    "icmp": {
      "probes": [
        {
          "rtt": 17365.04316329956,
          "from": "112.174.91.253",
          "reached": false
        }
      ],
      "stats": {
        "count": 1,
        "responses": 1,
        "loss": 0.0,
        "min": 17365.04316329956,
        "max": 17365.04316329956,
        "avg": 17365.04316329956
      }
    },
    "extensions": {}
  },
  "5": {
    "udp": {
      "probes": [
        {
          "rtt": 17264.12606239319,
          "from": "112.174.91.253",
          "reached": false
        }
      ],
      "stats": {
        "count": 1,
        "responses": 1,
        "loss": 0.0,
        "min": 17264.12606239319,
        "max": 17264.12606239319,
        "avg": 17264.12606239319
      }
    },
    "tcp": {
      "probes": [
        {
          "rtt": 17264.074087142944,
          "from": "112.174.91.253",
          "reached": false
        }
      ],
      "stats": {
        "count": 1,
        "responses": 1,
        "loss": 0.0,
        "min": 17264.074087142944,
        "max": 17264.074087142944,
        "avg": 17264.074087142944
      }
    },
    "icmp": {
      "probes": [
        {
          "rtt": 17264.057159423828,
          "from": "112.174.91.253",
          "reached": false
        }
      ],
      "stats": {
        "count": 1,
        "responses": 1,
        "loss": 0.0,
        "min": 17264.057159423828,
        "max": 17264.057159423828,
        "avg": 17264.057159423828
      }
    },
    "extensions": {}
  },
  "6": {
    "udp": {
      "probes": [
        {
          "rtt": 17159.034252166748,
          "from": "112.174.91.253",
          "reached": false
        }
      ],
      "stats": {
        "count": 1,
        "responses": 1,
        "loss": 0.0,
        "min": 17159.034252166748,
        "max": 17159.034252166748,
        "avg": 17159.034252166748
      }
    },
    "tcp": {
      "probes": [
        {
          "rtt": 17159.016132354736,
          "from": "112.174.91.253",
          "reached": false
        }
      ],
      "stats": {
        "count": 1,
        "responses": 1,
        "loss": 0.0,
        "min": 17159.016132354736,
        "max": 17159.016132354736,
        "avg": 17159.016132354736
      }
    },
    "icmp": {
      "probes": [
        {
          "rtt": 17158.859968185425,
          "from": "112.174.91.253",
          "reached": false
        }
      ],
      "stats": {
        "count": 1,
        "responses": 1,
        "loss": 0.0,
        "min": 17158.859968185425,
        "max": 17158.859968185425,
        "avg": 17158.859968185425
      }
    },
    "extensions": {}
  },
  "7": {
    "udp": {
      "probes": [
        {
          "rtt": 17057.10196495056,
          "from": "112.174.91.253",
          "reached": false
        }
      ],
      "stats": {
        "count": 1,
        "responses": 1,
        "loss": 0.0,
        "min": 17057.10196495056,
        "max": 17057.10196495056,
        "avg": 17057.10196495056
      }
    },
    "tcp": {
      "probes": [
        {
          "rtt": 17056.92172050476,
          "from": "112.174.91.253",
          "reached": false
        }
      ],
      "stats": {
        "count": 1,
        "responses": 1,
        "loss": 0.0,
        "min": 17056.92172050476,
        "max": 17056.92172050476,
        "avg": 17056.92172050476
      }
    },
    "icmp": {
      "probes": [
        {
          "rtt": 17056.886911392212,
          "from": "112.174.91.253",
          "reached": false
        }
      ],
      "stats": {
        "count": 1,
        "responses": 1,
        "loss": 0.0,
        "min": 17056.886911392212,
        "max": 17056.886911392212,
        "avg": 17056.886911392212
      }
    },
    "extensions": {}
  },
  "8": {
    "udp": {
      "probes": [
        {
          "rtt": 16952.950954437256,
          "from": "112.174.91.253",
          "reached": false
        }
      ],
      "stats": {
        "count": 1,