{
  "1": {
    "udp": {
      "probes": [
        {
          "rtt": 260.36810874938965,
          "from": "10.209.64.1",
          "reached": false
        }
      ],
      "stats": {
        "count": 1,
        "responses": 1,
        "loss": 0.0,
        "min": 260.36810874938965,
        "max": 260.36810874938965,
        "avg": 260.36810874938965
      }
    },
    "tcp": {
      "probes": [
        {
          "rtt": 324.9809741973877,
          "from": "10.213.33.33",
          "reached": false
        }
      ],
      "stats": {
        "count": 1,
        "responses": 1,
        "loss": 0.0,
        "min": 324.9809741973877,
        "max": 324.9809741973877,
        "avg": 324.9809741973877
      }
    },
    "icmp": {
      "probes": [
        {
          "rtt": 338.0589485168457,
          "from": "10.213.33.33",
          "reached": false
        }
      ],
      "stats": {
        "count": 1,
        "responses": 1,
        "loss": 0.0,
        "min": 338.0589485168457,
        "max": 338.0589485168457,
        "avg": 338.0589485168457
      }
    },
    "extensions": {}
  },
  "2": {
    "udp": {
      "probes": [
        {
          "rtt": 20549.96919631958,
          "from": "10.213.32.41",
          "reached": false
        }
      ],
      "stats": {
        "count": 1,
        "responses": 1,
        "loss": 0.0,
        "min": 20549.96919631958,
        "max": 20549.96919631958,
        "avg": 20549.96919631958
      }
    },
    "tcp": {
      "probes": [
        {
          "rtt": 20555.316925048828,
          "from": "10.213.32.41",
          "reached": false
        }
      ],
      "stats": {
        "count": 1,
        "responses": 1,
        "loss": 0.0,
        "min": 20555.316925048828,
        "max": 20555.316925048828,
        "avg": 20555.316925048828
      }
    },
    "icmp": {
      "probes": [
        {
          "rtt": 33462.41807937622,
          "from": "10.213.32.22",
          "reached": false
        }
      ],
      "stats": {
        "count": 1,
        "responses": 1,
        "loss": 0.0,
        "min": 33462.41807937622,
        "max": 33462.41807937622,
        "avg": 33462.41807937622
      }
    },
    "extensions": {}
  },
  "3": {
    "udp": {
      "probes": [
        {
          "rtt": 33445.271015167236,
          "from": "10.213.32.22",
          "reached": false
        }
      ],
      "stats": {
        "count": 1,
        "responses": 1,
        "loss": 0.0,
        "min": 33445.271015167236,
        "max": 33445.271015167236,
        "avg": 33445.271015167236
      }
    },
    "tcp": {
      "probes": [],
      "stats": {}
    },
    "icmp": {
      "probes": [],
      "stats": {}
    },
    "extensions": {}
  },
  "metadata": {
    "series": [
      "udp",
      "tcp",
      "icmp"
    ],
    "target": "89.160.113.1",
    "protocol": "udp",
    "ip_version": "4",
    "timestamp": "2025-05-15 17:01:53",
    "reached_target": false
  }
}