{
  "1": {
    "udp": {
      "probes": [
        {
          "rtt": 4612.667083740234,
          "from": "4.69.206.174",
          "reached": false
        }
      ],
      "stats": {
        "count": 1,
        "responses": 1,
        "loss": 0.0,
        "min": 4612.667083740234,
        "max": 4612.667083740234,
        "avg": 4612.667083740234
      }
    },
    "tcp": {
      "probes": [
        {
          "rtt": 4610.942840576172,
          "from": "4.69.206.174",
          "reached": false
        }
      ],
      "stats": {
        "count": 1,
        "responses": 1,
        "loss": 0.0,
        "min": 4610.942840576172,
        "max": 4610.942840576172,
        "avg": 4610.942840576172
      }
    },
    "icmp": {
      "probes": [
        {
          "rtt": 4610.774993896484,
          "from": "4.69.206.174",
          "reached": false
        }
      ],
      "stats": {
        "count": 1,
        "responses": 1,
        "loss": 0.0,
        "min": 4610.774993896484,
        "max": 4610.774993896484,
        "avg": 4610.774993896484
      }
    },
    "extensions": {}
  },
  "2": {
    "udp": {
      "probes": [
        {
          "rtt": 4448.908090591431,
          "from": "4.69.206.174",
          "reached": false
        }
      ],
      "stats": {
        "count": 1,
        "responses": 1,
        "loss": 0.0,
        "min": 4448.908090591431,
        "max": 4448.908090591431,
        "avg": 4448.908090591431
      }
    },
    "tcp": {
      "probes": [
        {
          "rtt": 4448.913097381592,
          "from": "4.69.206.174",
          "reached": false
        }
      ],
      "stats": {
        "count": 1,
        "responses": 1,
        "loss": 0.0,
        "min": 4448.913097381592,
        "max": 4448.913097381592,
        "avg": 4448.913097381592
      }
    },
    "icmp": {
      "probes": [
        {
          "rtt": 4448.919057846069,
          "from": "4.69.206.174",
          "reached": false
        }
      ],
      "stats": {
        "count": 1,
        "responses": 1,
        "loss": 0.0,
        "min": 4448.919057846069,
        "max": 4448.919057846069,
        "avg": 4448.919057846069
      }
    },
    "extensions": {}
  },
  "3": {
    "udp": {
      "probes": [
        {
          "rtt": 4346.718311309814,
          "from": "4.69.206.174",
          "reached": false
        }
      ],
      "stats": {
        "count": 1,
        "responses": 1,
        "loss": 0.0,
        "min": 4346.718311309814,
        "max": 4346.718311309814,
        "avg": 4346.718311309814
      }
    },
    "tcp": {
      "probes": [
        {
          "rtt": 4347.810983657837,
          "from": "4.69.206.174",
          "reached": false
        }
      ],
      "stats": {
        "count": 1,
        "responses": 1,
        "loss": 0.0,
        "min": 4347.810983657837,
        "max": 4347.810983657837,
        "avg": 4347.810983657837
      }
    },
    "icmp": {
      "probes": [
        {
          "rtt": 4347.813844680786,
          "from": "4.69.206.174",
          "reached": false
        }
      ],
      "stats": {
        "count": 1,
        "responses": 1,
        "loss": 0.0,
        "min": 4347.813844680786,
        "max": 4347.813844680786,
        "avg": 4347.813844680786
      }
    },
    "extensions": {}
  },
  "4": {
    "udp": {
      "probes": [
        {
          "rtt": 4695.702075958252,
          "from": "4.69.206.174",
          "reached": false
        }
      ],
      "stats": {
        "count": 1,
        "responses": 1,
        "loss": 0.0,
        "min": 4695.702075958252,
        "max": 4695.702075958252,
        "avg": 4695.702075958252
      }
    },
    "tcp": {
      "probes": [
        {
          "rtt": 4696.940183639526,
          "from": "4.69.206.174",
          "reached": false
        }
      ],
      "stats": {
        "count": 1,
        "responses": 1,
        "loss": 0.0,
        "min": 4696.940183639526,
        "max": 4696.940183639526,
        "avg": 4696.940183639526
      }
    },
    "icmp": {
      "probes": [
        {
          "rtt": 4698.454141616821,
          "from": "4.69.206.174",
          "reached": false
        }
      ],
      "stats": {
        "count": 1,
        "responses": 1,
        "loss": 0.0,
        "min": 4698.454141616821,
        "max": 4698.454141616821,
        "avg": 4698.454141616821
      }
    },
    "extensions": {}
  },
  "5": {
    "udp": {
      "probes": [
        {
          "rtt": 4600.879907608032,
          "from": "4.69.206.174",
          "reached": false
        }
      ],
      "stats": {
        "count": 1,
        "responses": 1,
        "loss": 0.0,
        "min": 4600.879907608032,
        "max": 4600.879907608032,
        "avg": 4600.879907608032
      }
    },
    "tcp": {
      "probes": [
        {
          "rtt": 4602.113962173462,
          "from": "4.69.206.174",
          "reached": false
        }
      ],
      "stats": {
        "count": 1,
        "responses": 1,
        "loss": 0.0,
        "min": 4602.113962173462,
        "max": 4602.113962173462,
        "avg": 4602.113962173462
      }
    },
    "icmp": {
      "probes": [
        {
          "rtt": 4605.583906173706,
          "from": "4.69.206.174",
          "reached": false
        }
      ],
      "stats": {
        "count": 1,
        "responses": 1,
        "loss": 0.0,
        "min": 4605.583906173706,
        "max": 4605.583906173706,
        "avg": 4605.583906173706
      }
    },
    "extensions": {}
  },
  "6": {
    "udp": {
      "probes": [
        {
          "rtt": 4502.636194229126,
          "from": "4.69.206.174",
          "reached": false
        }
      ],
      "stats": {
        "count": 1,
        "responses": 1,
        "loss": 0.0,
        "min": 4502.636194229126,
        "max": 4502.636194229126,
        "avg": 4502.636194229126
      }
    },
    "tcp": {
      "probes": [
        {
          "rtt": 4502.608060836792,
          "from": "4.69.206.174",
          "reached": false
        }
      ],
      "stats": {
        "count": 1,
        "responses": 1,
        "loss": 0.0,
        "min": 4502.608060836792,
        "max": 4502.608060836792,
        "avg": 4502.608060836792
      }
    },
    "icmp": {
      "probes": [
        {
          "rtt": 4502.576112747192,
          "from": "4.69.206.174",
          "reached": false
        }
      ],
      "stats": {
        "count": 1,
        "responses": 1,
        "loss": 0.0,
        "min": 4502.576112747192,
        "max": 4502.576112747192,
        "avg": 4502.576112747192
      }
    },
    "extensions": {}
  },
  "7": {
    "udp": {
      "probes": [
        {
          "rtt": 4400.51794052124,
          "from": "4.69.206.174",
          "reached": false
        }
      ],
      "stats": {
        "count": 1,
        "responses": 1,
        "loss": 0.0,
        "min": 4400.51794052124,
        "max": 4400.51794052124,
        "avg": 4400.51794052124
      }
    },
    "tcp": {
      "probes": [
        {
          "rtt": 4402.143955230713,
          "from": "4.69.206.174",
          "reached": false
        }
      ],
      "stats": {
        "count": 1,
        "responses": 1,
        "loss": 0.0,
        "min": 4402.143955230713,
        "max": 4402.143955230713,
        "avg": 4402.143955230713
      }
    },
    "icmp": {
      "probes": [
        {
          "rtt": 4402.129888534546,
          "from": "4.69.206.174",
          "reached": false
        }
      ],
      "stats": {
        "count": 1,
        "responses": 1,
        "loss": 0.0,
        "min": 4402.129888534546,
        "max": 4402.129888534546,
        "avg": 4402.129888534546
      }
    },
    "extensions": {}
  },
  "8": {
    "udp": {
      "probes": [
        {
          "rtt": 4299.264907836914,
          "from": "4.69.206.174",
          "reached": false
        }
      ],
      "stats": {
        "count": 1,
        "responses": 1,
        "loss": 0.0,
        "min": 4299.264907836914,