{
  "1": {
    "udp": {
      "probes": [
        {
          "rtt": 19661.749839782715,
          "from": "129.250.2.27",
          "reached": false
        }
      ],
      "stats": {
        "count": 1,
        "responses": 1,
        "loss": 0.0,
        "min": 19661.749839782715,
        "max": 19661.749839782715,
        "avg": 19661.749839782715
      }
    },
    "tcp": {
      "probes": [
        {
          "rtt": 19612.016201019287,
          "from": "129.250.2.27",
          "reached": false
        }
      ],
      "stats": {
        "count": 1,
        "responses": 1,
        "loss": 0.0,
        "min": 19612.016201019287,
        "max": 19612.016201019287,
        "avg": 19612.016201019287
      }
    },
    "icmp": {
      "probes": [
        {
          "rtt": 19612.457275390625,
          "from": "129.250.2.27",
          "reached": false
        }
      ],
      "stats": {
        "count": 1,
        "responses": 1,
        "loss": 0.0,
        "min": 19612.457275390625,
        "max": 19612.457275390625,
        "avg": 19612.457275390625
      }
    },
    "extensions": {}
  },
  "2": {
    "udp": {
      "probes": [
        {
          "rtt": 19503.019094467163,
          "from": "129.250.2.27",
          "reached": false
        }
      ],
      "stats": {
        "count": 1,
        "responses": 1,
        "loss": 0.0,
        "min": 19503.019094467163,
        "max": 19503.019094467163,
        "avg": 19503.019094467163
      }
    },
    "tcp": {
      "probes": [
        {
          "rtt": 19503.291130065918,
          "from": "129.250.2.27",
          "reached": false
        }
      ],
      "stats": {
        "count": 1,
        "responses": 1,
        "loss": 0.0,
        "min": 19503.291130065918,
        "max": 19503.291130065918,
        "avg": 19503.291130065918
      }
    },
    "icmp": {
      "probes": [
        {
          "rtt": 19503.9222240448,
          "from": "129.250.2.27",
          "reached": false
        }
      ],
      "stats": {
        "count": 1,
        "responses": 1,
        "loss": 0.0,
        "min": 19503.9222240448,
        "max": 19503.9222240448,
        "avg": 19503.9222240448
      }
    },
    "extensions": {}
  },
  "3": {
    "udp": {
      "probes": [
        {
          "rtt": 19399.673223495483,
          "from": "129.250.2.27",
          "reached": false
        }
      ],
      "stats": {
        "count": 1,
        "responses": 1,
        "loss": 0.0,
        "min": 19399.673223495483,
        "max": 19399.673223495483,
        "avg": 19399.673223495483
      }
    },
    "tcp": {
      "probes": [
        {
          "rtt": 19399.672746658325,
          "from": "129.250.2.27",
          "reached": false
        }
      ],
      "stats": {
        "count": 1,
        "responses": 1,
        "loss": 0.0,
        "min": 19399.672746658325,
        "max": 19399.672746658325,
        "avg": 19399.672746658325
      }
    },
    "icmp": {
      "probes": [
        {
          "rtt": 19399.67107772827,
          "from": "129.250.2.27",
          "reached": false
        }
      ],
      "stats": {
        "count": 1,
        "responses": 1,
        "loss": 0.0,
        "min": 19399.67107772827,
        "max": 19399.67107772827,
        "avg": 19399.67107772827
      }
    },
    "extensions": {}
  },
  "4": {
    "udp": {
      "probes": [
        {
          "rtt": 19296.76079750061,
          "from": "129.250.2.27",
          "reached": false
        }
      ],
      "stats": {
        "count": 1,
        "responses": 1,
        "loss": 0.0,
        "min": 19296.76079750061,
        "max": 19296.76079750061,
        "avg": 19296.76079750061
      }
    },
    "tcp": {
      "probes": [
        {
          "rtt": 19297.579050064087,
          "from": "129.250.2.27",
          "reached": false
        }
      ],
      "stats": {
        "count": 1,
        "responses": 1,
        "loss": 0.0,
        "min": 19297.579050064087,
        "max": 19297.579050064087,
        "avg": 19297.579050064087
      }
    },
    "icmp": {
      "probes": [
        {
          "rtt": 19297.935962677002,
          "from": "129.250.2.27",
          "reached": false
        }
      ],
      "stats": {
        "count": 1,
        "responses": 1,
        "loss": 0.0,
        "min": 19297.935962677002,
        "max": 19297.935962677002,
        "avg": 19297.935962677002
      }
    },
    "extensions": {}
  },
  "5": {
    "udp": {
      "probes": [
        {
          "rtt": 19196.881771087646,
          "from": "129.250.2.27",
          "reached": false
        }
      ],
      "stats": {
        "count": 1,
        "responses": 1,
        "loss": 0.0,
        "min": 19196.881771087646,
        "max": 19196.881771087646,
        "avg": 19196.881771087646
      }
    },
    "tcp": {
      "probes": [
        {
          "rtt": 19196.895837783813,
          "from": "129.250.2.27",
          "reached": false
        }
      ],
      "stats": {
        "count": 1,
        "responses": 1,
        "loss": 0.0,
        "min": 19196.895837783813,
        "max": 19196.895837783813,
        "avg": 19196.895837783813
      }
    },
    "icmp": {
      "probes": [
        {
          "rtt": 19197.185039520264,
          "from": "129.250.2.27",
          "reached": false
        }
      ],
      "stats": {
        "count": 1,
        "responses": 1,
        "loss": 0.0,
        "min": 19197.185039520264,
        "max": 19197.185039520264,
        "avg": 19197.185039520264
      }
    },
    "extensions": {}
  },
  "6": {
    "udp": {
      "probes": [
        {
          "rtt": 19097.091913223267,
          "from": "129.250.2.27",
          "reached": false
        }
      ],
      "stats": {
        "count": 1,
        "responses": 1,
        "loss": 0.0,
        "min": 19097.091913223267,
        "max": 19097.091913223267,
        "avg": 19097.091913223267
      }
    },
    "tcp": {
      "probes": [
        {
          "rtt": 19096.96102142334,
          "from": "129.250.2.27",
          "reached": false
        }
      ],
      "stats": {
        "count": 1,
        "responses": 1,
        "loss": 0.0,
        "min": 19096.96102142334,
        "max": 19096.96102142334,
        "avg": 19096.96102142334
      }
    },
    "icmp": {
      "probes": [
        {
          "rtt": 19098.854303359985,
          "from": "129.250.2.27",
          "reached": false
        }
      ],
      "stats": {
        "count": 1,
        "responses": 1,
        "loss": 0.0,
        "min": 19098.854303359985,
        "max": 19098.854303359985,
        "avg": 19098.854303359985
      }
    },
    "extensions": {}
  },
  "7": {
    "udp": {
      "probes": [
        {
          "rtt": 18993.79587173462,
          "from": "129.250.2.27",
          "reached": false
        }
      ],
      "stats": {
        "count": 1,
        "responses": 1,
        "loss": 0.0,
        "min": 18993.79587173462,
        "max": 18993.79587173462,
        "avg": 18993.79587173462
      }
    },
    "tcp": {
      "probes": [
        {
          "rtt": 18993.762969970703,
          "from": "129.250.2.27",
          "reached": false
        }
      ],
      "stats": {
        "count": 1,
        "responses": 1,
        "loss": 0.0,
        "min": 18993.762969970703,
        "max": 18993.762969970703,
        "avg": 18993.762969970703
      }
    },
    "icmp": {
      "probes": [
        {
          "rtt": 18993.759870529175,
          "from": "129.250.2.27",
          "reached": false
        }
      ],
      "stats": {
        "count": 1,
        "responses": 1,
        "loss": 0.0,
        "min": 18993.759870529175,
        "max": 18993.759870529175,
        "avg": 18993.759870529175
      }
    },
    "extensions": {}
  },
  "8": {
    "udp": {
      "probes": [
        {
          "rtt": 18888.73600959778,
          "from": "129.250.2.27",
          "reached": false
        }
      ],
      "stats": {
        "count": 1,
        "responses": 1,