{
  "1": {
    "udp": {
      "probes": [
        {
          "rtt": 39003.04317474365,
          "from": "129.250.2.27",
          "reached": false
        }
      ],
      "stats": {
        "count": 1,
        "responses": 1,
        "loss": 0.0,
        "min": 39003.04317474365,
        "max": 39003.04317474365,
        "avg": 39003.04317474365
      }
    },
    "tcp": {
      "probes": [
        {
          "rtt": 39000.72908401489,
          "from": "129.250.2.27",
          "reached": false
        }
      ],
      "stats": {
        "count": 1,
        "responses": 1,
        "loss": 0.0,
        "min": 39000.72908401489,
        "max": 39000.72908401489,
        "avg": 39000.72908401489
      }
    },
    "icmp": {
      "probes": [
        {
          "rtt": 39000.730991363525,
          "from": "129.250.2.27",
          "reached": false
        }
      ],
      "stats": {
        "count": 1,
        "responses": 1,
        "loss": 0.0,
        "min": 39000.730991363525,
        "max": 39000.730991363525,
        "avg": 39000.730991363525
      }
    },
    "extensions": {}
  },
  "2": {
    "udp": {
      "probes": [
        {
          "rtt": 38891.04199409485,
          "from": "129.250.2.27",
          "reached": false
        }
      ],
      "stats": {
        "count": 1,
        "responses": 1,
        "loss": 0.0,
        "min": 38891.04199409485,
        "max": 38891.04199409485,
        "avg": 38891.04199409485
      }
    },
    "tcp": {
      "probes": [
        {
          "rtt": 38891.20078086853,
          "from": "129.250.2.27",
          "reached": false
        }
      ],
      "stats": {
        "count": 1,
        "responses": 1,
        "loss": 0.0,
        "min": 38891.20078086853,
        "max": 38891.20078086853,
        "avg": 38891.20078086853
      }
    },
    "icmp": {
      "probes": [
        {
          "rtt": 38891.36099815369,
          "from": "129.250.2.27",
          "reached": false
        }
      ],
      "stats": {
        "count": 1,
        "responses": 1,
        "loss": 0.0,
        "min": 38891.36099815369,
        "max": 38891.36099815369,
        "avg": 38891.36099815369
      }
    },
    "extensions": {}
  },
  "3": {
    "udp": {
      "probes": [
        {
          "rtt": 38788.07711601257,
          "from": "129.250.2.27",
          "reached": false
        }
      ],
      "stats": {
        "count": 1,
        "responses": 1,
        "loss": 0.0,
        "min": 38788.07711601257,
        "max": 38788.07711601257,
        "avg": 38788.07711601257
      }
    },
    "tcp": {
      "probes": [
        {
          "rtt": 38788.47694396973,
          "from": "129.250.2.27",
          "reached": false
        }
      ],
      "stats": {
        "count": 1,
        "responses": 1,
        "loss": 0.0,
        "min": 38788.47694396973,
        "max": 38788.47694396973,
        "avg": 38788.47694396973
      }
    },
    "icmp": {
      "probes": [
        {
          "rtt": 38788.68079185486,
          "from": "129.250.2.27",
          "reached": false
        }
      ],
      "stats": {
        "count": 1,
        "responses": 1,
        "loss": 0.0,
        "min": 38788.68079185486,
        "max": 38788.68079185486,
        "avg": 38788.68079185486
      }
    },
    "extensions": {}
  },
  "4": {
    "udp": {
      "probes": [
        {
          "rtt": 38685.51206588745,
          "from": "129.250.2.27",
          "reached": false
        }
      ],
      "stats": {
        "count": 1,
        "responses": 1,
        "loss": 0.0,
        "min": 38685.51206588745,
        "max": 38685.51206588745,
        "avg": 38685.51206588745
      }
    },
    "tcp": {
      "probes": [
        {
          "rtt": 38679.12197113037,
          "from": "129.250.2.27",
          "reached": false
        }
      ],
      "stats": {
        "count": 1,
        "responses": 1,
        "loss": 0.0,
        "min": 38679.12197113037,
        "max": 38679.12197113037,
        "avg": 38679.12197113037
      }
    },
    "icmp": {
      "probes": [
        {
          "rtt": 38678.5888671875,
          "from": "129.250.2.27",
          "reached": false
        }
      ],
      "stats": {
        "count": 1,
        "responses": 1,
        "loss": 0.0,
        "min": 38678.5888671875,
        "max": 38678.5888671875,
        "avg": 38678.5888671875
      }
    },
    "extensions": {}
  },
  "5": {
    "udp": {
      "probes": [
        {
          "rtt": 38538.010120391846,
          "from": "129.250.2.27",
          "reached": false
        }
      ],
      "stats": {
        "count": 1,
        "responses": 1,
        "loss": 0.0,
        "min": 38538.010120391846,
        "max": 38538.010120391846,
        "avg": 38538.010120391846
      }
    },
    "tcp": {
      "probes": [
        {
          "rtt": 38538.49220275879,
          "from": "129.250.2.27",
          "reached": false
        }
      ],
      "stats": {
        "count": 1,
        "responses": 1,
        "loss": 0.0,
        "min": 38538.49220275879,
        "max": 38538.49220275879,
        "avg": 38538.49220275879
      }
    },
    "icmp": {
      "probes": [
        {
          "rtt": 38538.55490684509,
          "from": "129.250.2.27",
          "reached": false
        }
      ],
      "stats": {
        "count": 1,
        "responses": 1,
        "loss": 0.0,
        "min": 38538.55490684509,
        "max": 38538.55490684509,
        "avg": 38538.55490684509
      }
    },
    "extensions": {}
  },
  "6": {
    "udp": {
      "probes": [
        {
          "rtt": 38431.188344955444,
          "from": "129.250.2.27",
          "reached": false
        }
      ],
      "stats": {
        "count": 1,
        "responses": 1,
        "loss": 0.0,
        "min": 38431.188344955444,
        "max": 38431.188344955444,
        "avg": 38431.188344955444
      }
    },
    "tcp": {
      "probes": [
        {
          "rtt": 38432.071924209595,
          "from": "129.250.2.27",
          "reached": false
        }
      ],
      "stats": {
        "count": 1,
        "responses": 1,
        "loss": 0.0,
        "min": 38432.071924209595,
        "max": 38432.071924209595,
        "avg": 38432.071924209595
      }
    },
    "icmp": {
      "probes": [
        {
          "rtt": 38429.6019077301,
          "from": "129.250.2.27",
          "reached": false
        }
      ],
      "stats": {
        "count": 1,
        "responses": 1,
        "loss": 0.0,
        "min": 38429.6019077301,
        "max": 38429.6019077301,
        "avg": 38429.6019077301
      }
    },
    "extensions": {}
  },
  "7": {
    "udp": {
      "probes": [
        {
          "rtt": 38325.62184333801,
          "from": "129.250.2.27",
          "reached": false
        }
      ],
      "stats": {
        "count": 1,
        "responses": 1,
        "loss": 0.0,
        "min": 38325.62184333801,
        "max": 38325.62184333801,
        "avg": 38325.62184333801
      }
    },
    "tcp": {
      "probes": [
        {
          "rtt": 38325.76298713684,
          "from": "129.250.2.27",
          "reached": false
        }
      ],
      "stats": {
        "count": 1,
        "responses": 1,
        "loss": 0.0,
        "min": 38325.76298713684,
        "max": 38325.76298713684,
        "avg": 38325.76298713684
      }
    },
    "icmp": {
      "probes": [
        {
          "rtt": 38326.006174087524,
          "from": "129.250.2.27",
          "reached": false
        }
      ],
      "stats": {
        "count": 1,
        "responses": 1,
        "loss": 0.0,
        "min": 38326.006174087524,
        "max": 38326.006174087524,
        "avg": 38326.006174087524
      }
    },
    "extensions": {}
  },
  "8": {
    "udp": {
      "probes": [
        {
          "rtt": 38174.726724624634,
          "from": "129.250.2.27",
          "reached": false
        }
      ],
      "stats": {
        "count": 1,
        "responses": 1,
        "loss": 0.0,