{
  "1": {
    "udp": {
      "probes": [
        {
          "rtt": 1237.076997756958,
          "from": "10.213.33.25",
          "reached": false
        }
      ],
      "stats": {
        "count": 1,
        "responses": 1,
        "loss": 0.0,
        "min": 1237.076997756958,
        "max": 1237.076997756958,
        "avg": 1237.076997756958
      }
    },
    "tcp": {
      "probes": [
        {
          "rtt": 1248.7967014312744,
          "from": "10.213.33.25",
          "reached": false
        }
      ],
      "stats": {
        "count": 1,
        "responses": 1,
        "loss": 0.0,
        "min": 1248.7967014312744,
        "max": 1248.7967014312744,
        "avg": 1248.7967014312744
      }
    },
    "icmp": {
      "probes": [
        {
          "rtt": 18970.956087112427,
          "from": "10.213.32.41",
          "reached": false
        }
      ],
      "stats": {
        "count": 1,
        "responses": 1,
        "loss": 0.0,
        "min": 18970.956087112427,
        "max": 18970.956087112427,
        "avg": 18970.956087112427
      }
    },
    "extensions": {}
  },
  "2": {
    "udp": {
      "probes": [
        {
          "rtt": 19677.534103393555,
          "from": "10.213.32.41",
          "reached": false
        }
      ],
      "stats": {
        "count": 1,
        "responses": 1,
        "loss": 0.0,
        "min": 19677.534103393555,
        "max": 19677.534103393555,
        "avg": 19677.534103393555
      }
    },
    "tcp": {
      "probes": [
        {
          "rtt": 33601.901054382324,
          "from": "10.213.32.22",
          "reached": false
        }
      ],
      "stats": {
        "count": 1,
        "responses": 1,
        "loss": 0.0,
        "min": 33601.901054382324,
        "max": 33601.901054382324,
        "avg": 33601.901054382324
      }
    },
    "icmp": {
      "probes": [
        {
          "rtt": 33686.45787239075,
          "from": "10.213.32.22",
          "reached": false
        }
      ],
      "stats": {
        "count": 1,
        "responses": 1,
        "loss": 0.0,
        "min": 33686.45787239075,
        "max": 33686.45787239075,
        "avg": 33686.45787239075
      }
    },
    "extensions": {}
  },
  "metadata": {
    "series": [
      "udp",
      "tcp",
      "icmp"
    ],
    "target": "156.67.99.1",
    "protocol": "udp",
    "ip_version": "4",
    "timestamp": "2025-05-15 17:01:49",
    "reached_target": false
  }
}