{
  "1": {
    "udp": {
      "probes": [
        {
          "rtt": 28038.801193237305,
          "from": "129.250.5.247",
          "reached": false
        }
      ],
      "stats": {
        "count": 1,
        "responses": 1,
        "loss": 0.0,
        "min": 28038.801193237305,
        "max": 28038.801193237305,
        "avg": 28038.801193237305
      }
    },
    "tcp": {
      "probes": [
        {
          "rtt": 28002.88701057434,
          "from": "129.250.5.247",
          "reached": false
        }
      ],
      "stats": {
        "count": 1,
        "responses": 1,
        "loss": 0.0,
        "min": 28002.88701057434,
        "max": 28002.88701057434,
        "avg": 28002.88701057434
      }
    },
    "icmp": {
      "probes": [
        {
          "rtt": 27998.239994049072,
          "from": "129.250.5.247",
          "reached": false
        }
      ],
      "stats": {
        "count": 1,
        "responses": 1,
        "loss": 0.0,
        "min": 27998.239994049072,
        "max": 27998.239994049072,
        "avg": 27998.239994049072
      }
    },
    "extensions": {}
  },
  "2": {
    "udp": {
      "probes": [
        {
          "rtt": 27854.25090789795,
          "from": "129.250.5.247",
          "reached": false
        }
      ],
      "stats": {
        "count": 1,
        "responses": 1,
        "loss": 0.0,
        "min": 27854.25090789795,
        "max": 27854.25090789795,
        "avg": 27854.25090789795
      }
    },
    "tcp": {
      "probes": [
        {
          "rtt": 27854.204177856445,
          "from": "129.250.5.247",
          "reached": false
        }
      ],
      "stats": {
        "count": 1,
        "responses": 1,
        "loss": 0.0,
        "min": 27854.204177856445,
        "max": 27854.204177856445,
        "avg": 27854.204177856445
      }
    },
    "icmp": {
      "probes": [
        {
          "rtt": 27854.1738986969,
          "from": "129.250.5.247",
          "reached": false
        }
      ],
      "stats": {
        "count": 1,
        "responses": 1,
        "loss": 0.0,
        "min": 27854.1738986969,
        "max": 27854.1738986969,
        "avg": 27854.1738986969
      }
    },
    "extensions": {}
  },
  "3": {
    "udp": {
      "probes": [
        {
          "rtt": 27749.754905700684,
          "from": "129.250.5.247",
          "reached": false
        }
      ],
      "stats": {
        "count": 1,
        "responses": 1,
        "loss": 0.0,
        "min": 27749.754905700684,
        "max": 27749.754905700684,
        "avg": 27749.754905700684
      }
    },
    "tcp": {
      "probes": [
        {
          "rtt": 27749.433755874634,
          "from": "129.250.5.247",
          "reached": false
        }
      ],
      "stats": {
        "count": 1,
        "responses": 1,
        "loss": 0.0,
        "min": 27749.433755874634,
        "max": 27749.433755874634,
        "avg": 27749.433755874634
      }
    },
    "icmp": {
      "probes": [
        {
          "rtt": 27749.42684173584,
          "from": "129.250.5.247",
          "reached": false
        }
      ],
      "stats": {
        "count": 1,
        "responses": 1,
        "loss": 0.0,
        "min": 27749.42684173584,
        "max": 27749.42684173584,
        "avg": 27749.42684173584
      }
    },
    "extensions": {}
  },
  "4": {
    "udp": {
      "probes": [
        {
          "rtt": 27649.287939071655,
          "from": "129.250.5.247",
          "reached": false
        }
      ],
      "stats": {
        "count": 1,
        "responses": 1,
        "loss": 0.0,
        "min": 27649.287939071655,
        "max": 27649.287939071655,
        "avg": 27649.287939071655
      }
    },
    "tcp": {
      "probes": [
        {
          "rtt": 27649.24716949463,
          "from": "129.250.5.247",
          "reached": false
        }
      ],
      "stats": {
        "count": 1,
        "responses": 1,
        "loss": 0.0,
        "min": 27649.24716949463,
        "max": 27649.24716949463,
        "avg": 27649.24716949463
      }
    },
    "icmp": {
      "probes": [
        {
          "rtt": 27649.232149124146,
          "from": "129.250.5.247",
          "reached": false
        }
      ],
      "stats": {
        "count": 1,
        "responses": 1,
        "loss": 0.0,
        "min": 27649.232149124146,
        "max": 27649.232149124146,
        "avg": 27649.232149124146
      }
    },
    "extensions": {}
  },
  "5": {
    "udp": {
      "probes": [
        {
          "rtt": 27546.639919281006,
          "from": "129.250.5.247",
          "reached": false
        }
      ],
      "stats": {
        "count": 1,
        "responses": 1,
        "loss": 0.0,
        "min": 27546.639919281006,
        "max": 27546.639919281006,
        "avg": 27546.639919281006
      }
    },
    "tcp": {
      "probes": [
        {
          "rtt": 27546.345949172974,
          "from": "129.250.5.247",
          "reached": false
        }
      ],
      "stats": {
        "count": 1,
        "responses": 1,
        "loss": 0.0,
        "min": 27546.345949172974,
        "max": 27546.345949172974,
        "avg": 27546.345949172974
      }
    },
    "icmp": {
      "probes": [
        {
          "rtt": 27546.297073364258,
          "from": "129.250.5.247",
          "reached": false
        }
      ],
      "stats": {
        "count": 1,
        "responses": 1,
        "loss": 0.0,
        "min": 27546.297073364258,
        "max": 27546.297073364258,
        "avg": 27546.297073364258
      }
    },
    "extensions": {}
  },
  "6": {
    "udp": {
      "probes": [
        {
          "rtt": 27441.386938095093,
          "from": "129.250.5.247",
          "reached": false
        }
      ],
      "stats": {
        "count": 1,
        "responses": 1,
        "loss": 0.0,
        "min": 27441.386938095093,
        "max": 27441.386938095093,
        "avg": 27441.386938095093
      }
    },
    "tcp": {
      "probes": [
        {
          "rtt": 27441.37406349182,
          "from": "129.250.5.247",
          "reached": false
        }
      ],
      "stats": {
        "count": 1,
        "responses": 1,
        "loss": 0.0,
        "min": 27441.37406349182,
        "max": 27441.37406349182,
        "avg": 27441.37406349182
      }
    },
    "icmp": {
      "probes": [
        {
          "rtt": 27441.35808944702,
          "from": "129.250.5.247",
          "reached": false
        }
      ],
      "stats": {
        "count": 1,
        "responses": 1,
        "loss": 0.0,
        "min": 27441.35808944702,
        "max": 27441.35808944702,
        "avg": 27441.35808944702
      }
    },
    "extensions": {}
  },
  "7": {
    "udp": {
      "probes": [
        {
          "rtt": 27340.6400680542,
          "from": "129.250.5.247",
          "reached": false
        }
      ],
      "stats": {
        "count": 1,
        "responses": 1,
        "loss": 0.0,
        "min": 27340.6400680542,
        "max": 27340.6400680542,
        "avg": 27340.6400680542
      }
    },
    "tcp": {
      "probes": [
        {
          "rtt": 27340.58117866516,
          "from": "129.250.5.247",
          "reached": false
        }
      ],
      "stats": {
        "count": 1,
        "responses": 1,
        "loss": 0.0,
        "min": 27340.58117866516,
        "max": 27340.58117866516,
        "avg": 27340.58117866516
      }
    },
    "icmp": {
      "probes": [
        {
          "rtt": 27340.538263320923,
          "from": "129.250.5.247",
          "reached": false
        }
      ],
      "stats": {
        "count": 1,
        "responses": 1,
        "loss": 0.0,
        "min": 27340.538263320923,
        "max": 27340.538263320923,
        "avg": 27340.538263320923
      }
    },
    "extensions": {}
  },
  "8": {
    "udp": {
      "probes": [
        {
          "rtt": 27237.255096435547,
          "from": "129.250.5.247",
          "reached": false
        }
      ],
      "stats": {
        "count": 1,
        "responses": 1,