{
  "1": {
    "udp": {
      "probes": [
        {
          "rtt": 12015.22421836853,
          "from": "10.213.33.25",
          "reached": false
        }
      ],
      "stats": {
        "count": 1,
        "responses": 1,
        "loss": 0.0,
        "min": 12015.22421836853,
        "max": 12015.22421836853,
        "avg": 12015.22421836853
      }
    },
    "tcp": {
      "probes": [
        {
          "rtt": 12019.834041595459,
          "from": "10.213.33.25",
          "reached": false
        }
      ],
      "stats": {
        "count": 1,
        "responses": 1,
        "loss": 0.0,
        "min": 12019.834041595459,
        "max": 12019.834041595459,
        "avg": 12019.834041595459
      }
    },
    "icmp": {
      "probes": [
        {
          "rtt": 12020.355939865112,
          "from": "10.213.33.25",
          "reached": false
        }
      ],
      "stats": {
        "count": 1,
        "responses": 1,
        "loss": 0.0,
        "min": 12020.355939865112,
        "max": 12020.355939865112,
        "avg": 12020.355939865112
      }
    },
    "extensions": {}
  },
  "2": {
    "udp": {
      "probes": [
        {
          "rtt": 11893.669128417969,
          "from": "10.213.33.25",
          "reached": false
        }
      ],
      "stats": {
        "count": 1,
        "responses": 1,
        "loss": 0.0,
        "min": 11893.669128417969,
        "max": 11893.669128417969,
        "avg": 11893.669128417969
      }
    },
    "tcp": {
      "probes": [],
      "stats": {}
    },
    "icmp": {
      "probes": [],
      "stats": {}
    },
    "extensions": {}
  },
  "metadata": {
    "series": [
      "udp",
      "tcp",
      "icmp"
    ],
    "target": "123.201.125.1",
    "protocol": "udp",
    "ip_version": "4",
    "timestamp": "2025-05-15 21:10:13",
    "reached_target": false
  }
}