{
  "1": {
    "udp": {
      "probes": [
        {
          "rtt": 8691.609859466553,
          "from": "129.250.5.227",
          "reached": false
        }
      ],
      "stats": {
        "count": 1,
        "responses": 1,
        "loss": 0.0,
        "min": 8691.609859466553,
        "max": 8691.609859466553,
        "avg": 8691.609859466553
      }
    },
    "tcp": {
      "probes": [
        {
          "rtt": 8631.579875946045,
          "from": "129.250.5.227",
          "reached": false
        }
      ],
      "stats": {
        "count": 1,
        "responses": 1,
        "loss": 0.0,
        "min": 8631.579875946045,
        "max": 8631.579875946045,
        "avg": 8631.579875946045
      }
    },
    "icmp": {
      "probes": [
        {
          "rtt": 8634.497880935669,
          "from": "129.250.5.227",
          "reached": false
        }
      ],
      "stats": {
        "count": 1,
        "responses": 1,
        "loss": 0.0,
        "min": 8634.497880935669,
        "max": 8634.497880935669,
        "avg": 8634.497880935669
      }
    },
    "extensions": {}
  },
  "2": {
    "udp": {
      "probes": [
        {
          "rtt": 8509.486198425293,
          "from": "129.250.5.227",
          "reached": false
        }
      ],
      "stats": {
        "count": 1,
        "responses": 1,
        "loss": 0.0,
        "min": 8509.486198425293,
        "max": 8509.486198425293,
        "avg": 8509.486198425293
      }
    },
    "tcp": {
      "probes": [
        {
          "rtt": 8509.68337059021,
          "from": "129.250.5.227",
          "reached": false
        }
      ],
      "stats": {
        "count": 1,
        "responses": 1,
        "loss": 0.0,
        "min": 8509.68337059021,
        "max": 8509.68337059021,
        "avg": 8509.68337059021
      }
    },
    "icmp": {
      "probes": [
        {
          "rtt": 8512.625217437744,
          "from": "129.250.5.227",
          "reached": false
        }
      ],
      "stats": {
        "count": 1,
        "responses": 1,
        "loss": 0.0,
        "min": 8512.625217437744,
        "max": 8512.625217437744,
        "avg": 8512.625217437744
      }
    },
    "extensions": {}
  },
  "3": {
    "udp": {
      "probes": [
        {
          "rtt": 8413.52391242981,
          "from": "129.250.5.227",
          "reached": false
        }
      ],
      "stats": {
        "count": 1,
        "responses": 1,
        "loss": 0.0,
        "min": 8413.52391242981,
        "max": 8413.52391242981,
        "avg": 8413.52391242981
      }
    },
    "tcp": {
      "probes": [
        {
          "rtt": 8413.65933418274,
          "from": "129.250.5.227",
          "reached": false
        }
      ],
      "stats": {
        "count": 1,
        "responses": 1,
        "loss": 0.0,
        "min": 8413.65933418274,
        "max": 8413.65933418274,
        "avg": 8413.65933418274
      }
    },
    "icmp": {
      "probes": [
        {
          "rtt": 8413.646697998047,
          "from": "129.250.5.227",
          "reached": false
        }
      ],
      "stats": {
        "count": 1,
        "responses": 1,
        "loss": 0.0,
        "min": 8413.646697998047,
        "max": 8413.646697998047,
        "avg": 8413.646697998047
      }
    },
    "extensions": {}
  },
  "4": {
    "udp": {
      "probes": [
        {
          "rtt": 8308.564901351929,
          "from": "129.250.5.227",
          "reached": false
        }
      ],
      "stats": {
        "count": 1,
        "responses": 1,
        "loss": 0.0,
        "min": 8308.564901351929,
        "max": 8308.564901351929,
        "avg": 8308.564901351929
      }
    },
    "tcp": {
      "probes": [
        {
          "rtt": 8308.56704711914,
          "from": "129.250.5.227",
          "reached": false
        }
      ],
      "stats": {
        "count": 1,
        "responses": 1,
        "loss": 0.0,
        "min": 8308.56704711914,
        "max": 8308.56704711914,
        "avg": 8308.56704711914
      }
    },
    "icmp": {
      "probes": [
        {
          "rtt": 8308.564901351929,
          "from": "129.250.5.227",
          "reached": false
        }
      ],
      "stats": {
        "count": 1,
        "responses": 1,
        "loss": 0.0,
        "min": 8308.564901351929,
        "max": 8308.564901351929,
        "avg": 8308.564901351929
      }
    },
    "extensions": {}
  },
  "5": {
    "udp": {
      "probes": [
        {
          "rtt": 8204.262971878052,
          "from": "129.250.5.227",
          "reached": false
        }
      ],
      "stats": {
        "count": 1,
        "responses": 1,
        "loss": 0.0,
        "min": 8204.262971878052,
        "max": 8204.262971878052,
        "avg": 8204.262971878052
      }
    },
    "tcp": {
      "probes": [
        {
          "rtt": 8204.257011413574,
          "from": "129.250.5.227",
          "reached": false
        }
      ],
      "stats": {
        "count": 1,
        "responses": 1,
        "loss": 0.0,
        "min": 8204.257011413574,
        "max": 8204.257011413574,
        "avg": 8204.257011413574
      }
    },
    "icmp": {
      "probes": [
        {
          "rtt": 8204.247951507568,
          "from": "129.250.5.227",
          "reached": false
        }
      ],
      "stats": {
        "count": 1,
        "responses": 1,
        "loss": 0.0,
        "min": 8204.247951507568,
        "max": 8204.247951507568,
        "avg": 8204.247951507568
      }
    },
    "extensions": {}
  },
  "6": {
    "udp": {
      "probes": [
        {
          "rtt": 8103.907108306885,
          "from": "129.250.5.227",
          "reached": false
        }
      ],
      "stats": {
        "count": 1,
        "responses": 1,
        "loss": 0.0,
        "min": 8103.907108306885,
        "max": 8103.907108306885,
        "avg": 8103.907108306885
      }
    },
    "tcp": {
      "probes": [
        {
          "rtt": 8104.872941970825,
          "from": "129.250.5.227",
          "reached": false
        }
      ],
      "stats": {
        "count": 1,
        "responses": 1,
        "loss": 0.0,
        "min": 8104.872941970825,
        "max": 8104.872941970825,
        "avg": 8104.872941970825
      }
    },
    "icmp": {
      "probes": [
        {
          "rtt": 8104.8760414123535,
          "from": "129.250.5.227",
          "reached": false
        }
      ],
      "stats": {
        "count": 1,
        "responses": 1,
        "loss": 0.0,
        "min": 8104.8760414123535,
        "max": 8104.8760414123535,
        "avg": 8104.8760414123535
      }
    },
    "extensions": {}
  },
  "7": {
    "udp": {
      "probes": [
        {
          "rtt": 8003.43132019043,
          "from": "129.250.5.227",
          "reached": false
        }
      ],
      "stats": {
        "count": 1,
        "responses": 1,
        "loss": 0.0,
        "min": 8003.43132019043,
        "max": 8003.43132019043,
        "avg": 8003.43132019043
      }
    },
    "tcp": {
      "probes": [
        {
          "rtt": 8003.686904907227,
          "from": "129.250.5.227",
          "reached": false
        }
      ],
      "stats": {
        "count": 1,
        "responses": 1,
        "loss": 0.0,
        "min": 8003.686904907227,
        "max": 8003.686904907227,
        "avg": 8003.686904907227
      }
    },
    "icmp": {
      "probes": [
        {
          "rtt": 8005.975723266602,
          "from": "129.250.5.227",
          "reached": false
        }
      ],
      "stats": {
        "count": 1,
        "responses": 1,
        "loss": 0.0,
        "min": 8005.975723266602,
        "max": 8005.975723266602,
        "avg": 8005.975723266602
      }
    },
    "extensions": {}
  },
  "8": {
    "udp": {
      "probes": [
        {
          "rtt": 7900.839328765869,
          "from": "129.250.5.227",
          "reached": false
        }
      ],
      "stats": {
        "count": 1,
        "responses": 1,
        "loss": 0.0,
        "min": 7900.839328765869,