{
  "1": {
    "udp": {
      "probes": [
        {
          "rtt": 1952.768087387085,
          "from": "10.209.64.1",
          "reached": false
        }
      ],
      "stats": {
        "count": 1,
        "responses": 1,
        "loss": 0.0,
        "min": 1952.768087387085,
        "max": 1952.768087387085,
        "avg": 1952.768087387085
      }
    },
    "tcp": {
      "probes": [
        {
          "rtt": 3397.007942199707,
          "from": "10.209.64.1",
          "reached": false
        }
      ],
      "stats": {
        "count": 1,
        "responses": 1,
        "loss": 0.0,
        "min": 3397.007942199707,
        "max": 3397.007942199707,
        "avg": 3397.007942199707
      }
    },
    "icmp": {
      "probes": [
        {
          "rtt": 11987.715005874634,
          "from": "10.213.33.25",
          "reached": false
        }
      ],
      "stats": {
        "count": 1,
        "responses": 1,
        "loss": 0.0,
        "min": 11987.715005874634,
        "max": 11987.715005874634,
        "avg": 11987.715005874634
      }
    },
    "extensions": {}
  },
  "2": {
    "udp": {
      "probes": [
        {
          "rtt": 11907.709121704102,
          "from": "10.213.33.25",
          "reached": false
        }
      ],
      "stats": {
        "count": 1,
        "responses": 1,
        "loss": 0.0,
        "min": 11907.709121704102,
        "max": 11907.709121704102,
        "avg": 11907.709121704102
      }
    },
    "tcp": {
      "probes": [
        {
          "rtt": 15518.855810165405,
          "from": "10.213.32.41",
          "reached": false
        }
      ],
      "stats": {
        "count": 1,
        "responses": 1,
        "loss": 0.0,
        "min": 15518.855810165405,
        "max": 15518.855810165405,
        "avg": 15518.855810165405
      }
    },
    "icmp": {
      "probes": [
        {
          "rtt": 15542.105674743652,
          "from": "10.213.32.41",
          "reached": false
        }
      ],
      "stats": {
        "count": 1,
        "responses": 1,
        "loss": 0.0,
        "min": 15542.105674743652,
        "max": 15542.105674743652,
        "avg": 15542.105674743652
      }
    },
    "extensions": {}
  },
  "metadata": {
    "series": [
      "udp",
      "tcp",
      "icmp"
    ],
    "target": "125.197.104.1",
    "protocol": "udp",
    "ip_version": "4",
    "timestamp": "2025-05-15 21:10:13",
    "reached_target": false
  }
}