{
  "1": {
    "udp": {
      "probes": [
        {
          "rtt": 15292.428970336914,
          "from": "203.80.137.1",
          "reached": true
        }
      ],
      "stats": {
        "count": 1,
        "responses": 1,
        "loss": 0.0,
        "min": 15292.428970336914,
        "max": 15292.428970336914,
        "avg": 15292.428970336914
      }
    },
    "tcp": {
      "probes": [
        {
          "rtt": 15238.654136657715,
          "from": "203.80.137.1",
          "reached": true
        }
      ],
      "stats": {
        "count": 1,
        "responses": 1,
        "loss": 0.0,
        "min": 15238.654136657715,
        "max": 15238.654136657715,
        "avg": 15238.654136657715
      }
    },
    "icmp": {
      "probes": [
        {
          "rtt": 15239.336967468262,
          "from": "203.80.137.1",
          "reached": true
        }
      ],
      "stats": {
        "count": 1,
        "responses": 1,
        "loss": 0.0,
        "min": 15239.336967468262,
        "max": 15239.336967468262,
        "avg": 15239.336967468262
      }
    },
    "extensions": {}
  },
  "2": {
    "udp": {
      "probes": [
        {
          "rtt": 15134.872913360596,
          "from": "203.80.137.1",
          "reached": true
        }
      ],
      "stats": {
        "count": 1,
        "responses": 1,
        "loss": 0.0,
        "min": 15134.872913360596,
        "max": 15134.872913360596,
        "avg": 15134.872913360596
      }
    },
    "tcp": {
      "probes": [
        {
          "rtt": 15135.43176651001,
          "from": "203.80.137.1",
          "reached": true
        }
      ],
      "stats": {
        "count": 1,
        "responses": 1,
        "loss": 0.0,
        "min": 15135.43176651001,
        "max": 15135.43176651001,
        "avg": 15135.43176651001
      }
    },
    "icmp": {
      "probes": [
        {
          "rtt": 15136.774778366089,
          "from": "203.80.137.1",
          "reached": true
        }
      ],
      "stats": {
        "count": 1,
        "responses": 1,
        "loss": 0.0,
        "min": 15136.774778366089,
        "max": 15136.774778366089,
        "avg": 15136.774778366089
      }
    },
    "extensions": {}
  },
  "3": {
    "udp": {
      "probes": [
        {
          "rtt": 15032.9110622406,
          "from": "203.80.137.1",
          "reached": true
        }
      ],
      "stats": {
        "count": 1,
        "responses": 1,
        "loss": 0.0,
        "min": 15032.9110622406,
        "max": 15032.9110622406,
        "avg": 15032.9110622406
      }
    },
    "tcp": {
      "probes": [
        {
          "rtt": 15032.901763916016,
          "from": "203.80.137.1",
          "reached": true
        }
      ],
      "stats": {
        "count": 1,
        "responses": 1,
        "loss": 0.0,
        "min": 15032.901763916016,
        "max": 15032.901763916016,
        "avg": 15032.901763916016
      }
    },
    "icmp": {
      "probes": [
        {
          "rtt": 15032.768964767456,
          "from": "203.80.137.1",
          "reached": true
        }
      ],
      "stats": {
        "count": 1,
        "responses": 1,
        "loss": 0.0,
        "min": 15032.768964767456,
        "max": 15032.768964767456,
        "avg": 15032.768964767456
      }
    },
    "extensions": {}
  },
  "4": {
    "udp": {
      "probes": [
        {
          "rtt": 14927.56724357605,
          "from": "203.80.137.1",
          "reached": true
        }
      ],
      "stats": {
        "count": 1,
        "responses": 1,
        "loss": 0.0,
        "min": 14927.56724357605,
        "max": 14927.56724357605,
        "avg": 14927.56724357605
      }
    },
    "tcp": {
      "probes": [
        {
          "rtt": 14927.572965621948,
          "from": "203.80.137.1",
          "reached": true
        }
      ],
      "stats": {
        "count": 1,
        "responses": 1,
        "loss": 0.0,
        "min": 14927.572965621948,
        "max": 14927.572965621948,
        "avg": 14927.572965621948
      }
    },
    "icmp": {
      "probes": [
        {
          "rtt": 14927.570343017578,
          "from": "203.80.137.1",
          "reached": true
        }
      ],
      "stats": {
        "count": 1,
        "responses": 1,
        "loss": 0.0,
        "min": 14927.570343017578,
        "max": 14927.570343017578,
        "avg": 14927.570343017578
      }
    },
    "extensions": {}
  },
  "5": {
    "udp": {
      "probes": [
        {
          "rtt": 14824.564933776855,
          "from": "203.80.137.1",
          "reached": true
        }
      ],
      "stats": {
        "count": 1,
        "responses": 1,
        "loss": 0.0,
        "min": 14824.564933776855,
        "max": 14824.564933776855,
        "avg": 14824.564933776855
      }
    },
    "tcp": {
      "probes": [
        {
          "rtt": 14824.54800605774,
          "from": "203.80.137.1",
          "reached": true
        }
      ],
      "stats": {
        "count": 1,
        "responses": 1,
        "loss": 0.0,
        "min": 14824.54800605774,
        "max": 14824.54800605774,
        "avg": 14824.54800605774
      }
    },
    "icmp": {
      "probes": [
        {
          "rtt": 14824.539184570312,
          "from": "203.80.137.1",
          "reached": true
        }
      ],
      "stats": {
        "count": 1,
        "responses": 1,
        "loss": 0.0,
        "min": 14824.539184570312,
        "max": 14824.539184570312,
        "avg": 14824.539184570312
      }
    },
    "extensions": {}
  },
  "6": {
    "udp": {
      "probes": [
        {
          "rtt": 14721.565246582031,
          "from": "203.80.137.1",
          "reached": true
        }
      ],
      "stats": {
        "count": 1,
        "responses": 1,
        "loss": 0.0,
        "min": 14721.565246582031,
        "max": 14721.565246582031,
        "avg": 14721.565246582031
      }
    },
    "tcp": {
      "probes": [
        {
          "rtt": 14722.826957702637,
          "from": "203.80.137.1",
          "reached": true
        }
      ],
      "stats": {
        "count": 1,
        "responses": 1,
        "loss": 0.0,
        "min": 14722.826957702637,
        "max": 14722.826957702637,
        "avg": 14722.826957702637
      }
    },
    "icmp": {
      "probes": [
        {
          "rtt": 14722.944021224976,
          "from": "203.80.137.1",
          "reached": true
        }
      ],
      "stats": {
        "count": 1,
        "responses": 1,
        "loss": 0.0,
        "min": 14722.944021224976,
        "max": 14722.944021224976,
        "avg": 14722.944021224976
      }
    },
    "extensions": {}
  },
  "7": {
    "udp": {
      "probes": [
        {
          "rtt": 14617.92802810669,
          "from": "203.80.137.1",
          "reached": true
        }
      ],
      "stats": {
        "count": 1,
        "responses": 1,
        "loss": 0.0,
        "min": 14617.92802810669,
        "max": 14617.92802810669,
        "avg": 14617.92802810669
      }
    },
    "tcp": {
      "probes": [
        {
          "rtt": 14617.918014526367,
          "from": "203.80.137.1",
          "reached": true
        }
      ],
      "stats": {
        "count": 1,
        "responses": 1,
        "loss": 0.0,
        "min": 14617.918014526367,
        "max": 14617.918014526367,
        "avg": 14617.918014526367
      }
    },
    "icmp": {
      "probes": [
        {
          "rtt": 14617.915868759155,
          "from": "203.80.137.1",
          "reached": true
        }
      ],
      "stats": {
        "count": 1,
        "responses": 1,
        "loss": 0.0,
        "min": 14617.915868759155,
        "max": 14617.915868759155,
        "avg": 14617.915868759155
      }
    },
    "extensions": {}
  },
  "metadata": {
    "series": [
      "udp",
      "tcp",
      "icmp"
    ],
    "target": "203.80.137.1",
    "protocol": "udp",
    "ip_version": "4",
    "timestamp": "2025-05-15 21:14:36",
    "reached_target": true
  }
}