{
  "1": {
    "udp": {
      "probes": [
        {
          "rtt": 11806.046962738037,
          "from": "10.213.33.33",
          "reached": false
        }
      ],
      "stats": {
        "count": 1,
        "responses": 1,
        "loss": 0.0,
        "min": 11806.046962738037,
        "max": 11806.046962738037,
        "avg": 11806.046962738037
      }
    },
    "tcp": {
      "probes": [
        {
          "rtt": 11809.844970703125,
          "from": "10.213.33.33",
          "reached": false
        }
      ],
      "stats": {
        "count": 1,
        "responses": 1,
        "loss": 0.0,
        "min": 11809.844970703125,
        "max": 11809.844970703125,
        "avg": 11809.844970703125
      }
    },
    "icmp": {
      "probes": [
        {
          "rtt": 11818.45498085022,
          "from": "10.213.33.33",
          "reached": false
        }
      ],
      "stats": {
        "count": 1,
        "responses": 1,
        "loss": 0.0,
        "min": 11818.45498085022,
        "max": 11818.45498085022,
        "avg": 11818.45498085022
      }
    },
    "extensions": {}
  },
  "2": {
    "udp": {
      "probes": [
        {
          "rtt": 11711.388111114502,
          "from": "10.213.33.33",
          "reached": false
        }
      ],
      "stats": {
        "count": 1,
        "responses": 1,
        "loss": 0.0,
        "min": 11711.388111114502,
        "max": 11711.388111114502,
        "avg": 11711.388111114502
      }
    },
    "tcp": {
      "probes": [],
      "stats": {}
    },
    "icmp": {
      "probes": [],
      "stats": {}
    },
    "extensions": {}
  },
  "metadata": {
    "series": [
      "udp",
      "tcp",
      "icmp"
    ],
    "target": "182.17.235.1",
    "protocol": "udp",
    "ip_version": "4",
    "timestamp": "2025-05-15 21:10:13",
    "reached_target": false
  }
}