{
  "1": {
    "udp": {
      "probes": [
        {
          "rtt": 19658.764123916626,
          "from": "129.250.2.27",
          "reached": false
        }
      ],
      "stats": {
        "count": 1,
        "responses": 1,
        "loss": 0.0,
        "min": 19658.764123916626,
        "max": 19658.764123916626,
        "avg": 19658.764123916626
      }
    },
    "tcp": {
      "probes": [
        {
          "rtt": 19652.483701705933,
          "from": "129.250.2.27",
          "reached": false
        }
      ],
      "stats": {
        "count": 1,
        "responses": 1,
        "loss": 0.0,
        "min": 19652.483701705933,
        "max": 19652.483701705933,
        "avg": 19652.483701705933
      }
    },
    "icmp": {
      "probes": [
        {
          "rtt": 19653.21707725525,
          "from": "129.250.2.27",
          "reached": false
        }
      ],
      "stats": {
        "count": 1,
        "responses": 1,
        "loss": 0.0,
        "min": 19653.21707725525,
        "max": 19653.21707725525,
        "avg": 19653.21707725525
      }
    },
    "extensions": {}
  },
  "2": {
    "udp": {
      "probes": [
        {
          "rtt": 19541.034936904907,
          "from": "129.250.2.27",
          "reached": false
        }
      ],
      "stats": {
        "count": 1,
        "responses": 1,
        "loss": 0.0,
        "min": 19541.034936904907,
        "max": 19541.034936904907,
        "avg": 19541.034936904907
      }
    },
    "tcp": {
      "probes": [
        {
          "rtt": 19541.02087020874,
          "from": "129.250.2.27",
          "reached": false
        }
      ],
      "stats": {
        "count": 1,
        "responses": 1,
        "loss": 0.0,
        "min": 19541.02087020874,
        "max": 19541.02087020874,
        "avg": 19541.02087020874
      }
    },
    "icmp": {
      "probes": [
        {
          "rtt": 19542.20414161682,
          "from": "129.250.2.27",
          "reached": false
        }
      ],
      "stats": {
        "count": 1,
        "responses": 1,
        "loss": 0.0,
        "min": 19542.20414161682,
        "max": 19542.20414161682,
        "avg": 19542.20414161682
      }
    },
    "extensions": {}
  },
  "3": {
    "udp": {
      "probes": [
        {
          "rtt": 19440.690755844116,
          "from": "129.250.2.27",
          "reached": false
        }
      ],
      "stats": {
        "count": 1,
        "responses": 1,
        "loss": 0.0,
        "min": 19440.690755844116,
        "max": 19440.690755844116,
        "avg": 19440.690755844116
      }
    },
    "tcp": {
      "probes": [
        {
          "rtt": 19441.05291366577,
          "from": "129.250.2.27",
          "reached": false
        }
      ],
      "stats": {
        "count": 1,
        "responses": 1,
        "loss": 0.0,
        "min": 19441.05291366577,
        "max": 19441.05291366577,
        "avg": 19441.05291366577
      }
    },
    "icmp": {
      "probes": [
        {
          "rtt": 19442.45409965515,
          "from": "129.250.2.27",
          "reached": false
        }
      ],
      "stats": {
        "count": 1,
        "responses": 1,
        "loss": 0.0,
        "min": 19442.45409965515,
        "max": 19442.45409965515,
        "avg": 19442.45409965515
      }
    },
    "extensions": {}
  },
  "4": {
    "udp": {
      "probes": [
        {
          "rtt": 19339.43200111389,
          "from": "129.250.2.27",
          "reached": false
        }
      ],
      "stats": {
        "count": 1,
        "responses": 1,
        "loss": 0.0,
        "min": 19339.43200111389,
        "max": 19339.43200111389,
        "avg": 19339.43200111389
      }
    },
    "tcp": {
      "probes": [
        {
          "rtt": 19340.54708480835,
          "from": "129.250.2.27",
          "reached": false
        }
      ],
      "stats": {
        "count": 1,
        "responses": 1,
        "loss": 0.0,
        "min": 19340.54708480835,
        "max": 19340.54708480835,
        "avg": 19340.54708480835
      }
    },
    "icmp": {
      "probes": [
        {
          "rtt": 19340.5499458313,
          "from": "129.250.2.27",
          "reached": false
        }
      ],
      "stats": {
        "count": 1,
        "responses": 1,
        "loss": 0.0,
        "min": 19340.5499458313,
        "max": 19340.5499458313,
        "avg": 19340.5499458313
      }
    },
    "extensions": {}
  },
  "5": {
    "udp": {
      "probes": [
        {
          "rtt": 19236.10019683838,
          "from": "129.250.2.27",
          "reached": false
        }
      ],
      "stats": {
        "count": 1,
        "responses": 1,
        "loss": 0.0,
        "min": 19236.10019683838,
        "max": 19236.10019683838,
        "avg": 19236.10019683838
      }
    },
    "tcp": {
      "probes": [
        {
          "rtt": 19235.918045043945,
          "from": "129.250.2.27",
          "reached": false
        }
      ],
      "stats": {
        "count": 1,
        "responses": 1,
        "loss": 0.0,
        "min": 19235.918045043945,
        "max": 19235.918045043945,
        "avg": 19235.918045043945
      }
    },
    "icmp": {
      "probes": [
        {
          "rtt": 19237.958908081055,
          "from": "129.250.2.27",
          "reached": false
        }
      ],
      "stats": {
        "count": 1,
        "responses": 1,
        "loss": 0.0,
        "min": 19237.958908081055,
        "max": 19237.958908081055,
        "avg": 19237.958908081055
      }
    },
    "extensions": {}
  },
  "6": {
    "udp": {
      "probes": [
        {
          "rtt": 19133.477210998535,
          "from": "129.250.2.27",
          "reached": false
        }
      ],
      "stats": {
        "count": 1,
        "responses": 1,
        "loss": 0.0,
        "min": 19133.477210998535,
        "max": 19133.477210998535,
        "avg": 19133.477210998535
      }
    },
    "tcp": {
      "probes": [
        {
          "rtt": 19133.41212272644,
          "from": "129.250.2.27",
          "reached": false
        }
      ],
      "stats": {
        "count": 1,
        "responses": 1,
        "loss": 0.0,
        "min": 19133.41212272644,
        "max": 19133.41212272644,
        "avg": 19133.41212272644
      }
    },
    "icmp": {
      "probes": [
        {
          "rtt": 19133.38303565979,
          "from": "129.250.2.27",
          "reached": false
        }
      ],
      "stats": {
        "count": 1,
        "responses": 1,
        "loss": 0.0,
        "min": 19133.38303565979,
        "max": 19133.38303565979,
        "avg": 19133.38303565979
      }
    },
    "extensions": {}
  },
  "7": {
    "udp": {
      "probes": [
        {
          "rtt": 19027.162075042725,
          "from": "129.250.2.27",
          "reached": false
        }
      ],
      "stats": {
        "count": 1,
        "responses": 1,
        "loss": 0.0,
        "min": 19027.162075042725,
        "max": 19027.162075042725,
        "avg": 19027.162075042725
      }
    },
    "tcp": {
      "probes": [
        {
          "rtt": 19027.013063430786,
          "from": "129.250.2.27",
          "reached": false
        }
      ],
      "stats": {
        "count": 1,
        "responses": 1,
        "loss": 0.0,
        "min": 19027.013063430786,
        "max": 19027.013063430786,
        "avg": 19027.013063430786
      }
    },
    "icmp": {
      "probes": [
        {
          "rtt": 19027.530908584595,
          "from": "129.250.2.27",
          "reached": false
        }
      ],
      "stats": {
        "count": 1,
        "responses": 1,
        "loss": 0.0,
        "min": 19027.530908584595,
        "max": 19027.530908584595,
        "avg": 19027.530908584595
      }
    },
    "extensions": {}
  },
  "8": {
    "udp": {
      "probes": [
        {
          "rtt": 18923.8178730011,
          "from": "129.250.2.27",
          "reached": false
        }
      ],
      "stats": {
        "count": 1,
        "responses": 1,
        "loss": 0.0,