{
  "1": {
    "udp": {
      "probes": [
        {
          "rtt": 3399.052858352661,
          "from": "10.209.64.1",
          "reached": false
        }
      ],
      "stats": {
        "count": 1,
        "responses": 1,
        "loss": 0.0,
        "min": 3399.052858352661,
        "max": 3399.052858352661,
        "avg": 3399.052858352661
      }
    },
    "tcp": {
      "probes": [
        {
          "rtt": 3411.489963531494,
          "from": "10.209.64.1",
          "reached": false
        }
      ],
      "stats": {
        "count": 1,
        "responses": 1,
        "loss": 0.0,
        "min": 3411.489963531494,
        "max": 3411.489963531494,
        "avg": 3411.489963531494
      }
    },
    "icmp": {
      "probes": [
        {
          "rtt": 12017.06075668335,
          "from": "10.213.33.25",
          "reached": false
        }
      ],
      "stats": {
        "count": 1,
        "responses": 1,
        "loss": 0.0,
        "min": 12017.06075668335,
        "max": 12017.06075668335,
        "avg": 12017.06075668335
      }
    },
    "extensions": {}
  },
  "2": {
    "udp": {
      "probes": [
        {
          "rtt": 11930.604934692383,
          "from": "10.213.33.25",
          "reached": false
        }
      ],
      "stats": {
        "count": 1,
        "responses": 1,
        "loss": 0.0,
        "min": 11930.604934692383,
        "max": 11930.604934692383,
        "avg": 11930.604934692383
      }
    },
    "tcp": {
      "probes": [],
      "stats": {}
    },
    "icmp": {
      "probes": [],
      "stats": {}
    },
    "extensions": {}
  },
  "metadata": {
    "series": [
      "udp",
      "tcp",
      "icmp"
    ],
    "target": "209.240.45.1",
    "protocol": "udp",
    "ip_version": "4",
    "timestamp": "2025-05-15 21:10:04",
    "reached_target": false
  }
}