{
  "1": {
    "udp": {
      "probes": [
        {
          "rtt": 247.33901023864746,
          "from": "10.209.64.1",
          "reached": false
        }
      ],
      "stats": {
        "count": 1,
        "responses": 1,
        "loss": 0.0,
        "min": 247.33901023864746,
        "max": 247.33901023864746,
        "avg": 247.33901023864746
      }
    },
    "tcp": {
      "probes": [
        {
          "rtt": 349.2920398712158,
          "from": "10.209.64.1",
          "reached": false
        }
      ],
      "stats": {
        "count": 1,
        "responses": 1,
        "loss": 0.0,
        "min": 349.2920398712158,
        "max": 349.2920398712158,
        "avg": 349.2920398712158
      }
    },
    "icmp": {
      "probes": [
        {
          "rtt": 5230.303049087524,
          "from": "10.213.33.33",
          "reached": false
        }
      ],
      "stats": {
        "count": 1,
        "responses": 1,
        "loss": 0.0,
        "min": 5230.303049087524,
        "max": 5230.303049087524,
        "avg": 5230.303049087524
      }
    },
    "extensions": {}
  },
  "2": {
    "udp": {
      "probes": [
        {
          "rtt": 6116.469144821167,
          "from": "10.213.33.33",
          "reached": false
        }
      ],
      "stats": {
        "count": 1,
        "responses": 1,
        "loss": 0.0,
        "min": 6116.469144821167,
        "max": 6116.469144821167,
        "avg": 6116.469144821167
      }
    },
    "tcp": {
      "probes": [],
      "stats": {}
    },
    "icmp": {
      "probes": [],
      "stats": {}
    },
    "extensions": {}
  },
  "metadata": {
    "series": [
      "udp",
      "tcp",
      "icmp"
    ],
    "target": "103.151.23.1",
    "protocol": "udp",
    "ip_version": "4",
    "timestamp": "2025-05-15 21:10:04",
    "reached_target": false
  }
}