{
  "1": {
    "udp": {
      "probes": [
        {
          "rtt": 19992.83480644226,
          "from": "129.250.5.227",
          "reached": false
        }
      ],
      "stats": {
        "count": 1,
        "responses": 1,
        "loss": 0.0,
        "min": 19992.83480644226,
        "max": 19992.83480644226,
        "avg": 19992.83480644226
      }
    },
    "tcp": {
      "probes": [
        {
          "rtt": 19990.164041519165,
          "from": "129.250.5.227",
          "reached": false
        }
      ],
      "stats": {
        "count": 1,
        "responses": 1,
        "loss": 0.0,
        "min": 19990.164041519165,
        "max": 19990.164041519165,
        "avg": 19990.164041519165
      }
    },
    "icmp": {
      "probes": [
        {
          "rtt": 19994.23313140869,
          "from": "129.250.5.227",
          "reached": false
        }
      ],
      "stats": {
        "count": 1,
        "responses": 1,
        "loss": 0.0,
        "min": 19994.23313140869,
        "max": 19994.23313140869,
        "avg": 19994.23313140869
      }
    },
    "extensions": {}
  },
  "2": {
    "udp": {
      "probes": [
        {
          "rtt": 19886.996269226074,
          "from": "129.250.5.227",
          "reached": false
        }
      ],
      "stats": {
        "count": 1,
        "responses": 1,
        "loss": 0.0,
        "min": 19886.996269226074,
        "max": 19886.996269226074,
        "avg": 19886.996269226074
      }
    },
    "tcp": {
      "probes": [
        {
          "rtt": 19848.760843276978,
          "from": "129.250.5.227",
          "reached": false
        }
      ],
      "stats": {
        "count": 1,
        "responses": 1,
        "loss": 0.0,
        "min": 19848.760843276978,
        "max": 19848.760843276978,
        "avg": 19848.760843276978
      }
    },
    "icmp": {
      "probes": [
        {
          "rtt": 19849.107027053833,
          "from": "129.250.5.227",
          "reached": false
        }
      ],
      "stats": {
        "count": 1,
        "responses": 1,
        "loss": 0.0,
        "min": 19849.107027053833,
        "max": 19849.107027053833,
        "avg": 19849.107027053833
      }
    },
    "extensions": {}
  },
  "3": {
    "udp": {
      "probes": [
        {
          "rtt": 12189.773082733154,
          "from": "129.250.5.227",
          "reached": false
        }
      ],
      "stats": {
        "count": 1,
        "responses": 1,
        "loss": 0.0,
        "min": 12189.773082733154,
        "max": 12189.773082733154,
        "avg": 12189.773082733154
      }
    },
    "tcp": {
      "probes": [
        {
          "rtt": 10890.996932983398,
          "from": "129.250.5.227",
          "reached": false
        }
      ],
      "stats": {
        "count": 1,
        "responses": 1,
        "loss": 0.0,
        "min": 10890.996932983398,
        "max": 10890.996932983398,
        "avg": 10890.996932983398
      }
    },
    "icmp": {
      "probes": [
        {
          "rtt": 10889.966011047363,
          "from": "129.250.5.227",
          "reached": false
        }
      ],
      "stats": {
        "count": 1,
        "responses": 1,
        "loss": 0.0,
        "min": 10889.966011047363,
        "max": 10889.966011047363,
        "avg": 10889.966011047363
      }
    },
    "extensions": {}
  },
  "4": {
    "udp": {
      "probes": [
        {
          "rtt": 10783.946990966797,
          "from": "129.250.5.227",
          "reached": false
        }
      ],
      "stats": {
        "count": 1,
        "responses": 1,
        "loss": 0.0,
        "min": 10783.946990966797,
        "max": 10783.946990966797,
        "avg": 10783.946990966797
      }
    },
    "tcp": {
      "probes": [
        {
          "rtt": 10783.267974853516,
          "from": "129.250.5.227",
          "reached": false
        }
      ],
      "stats": {
        "count": 1,
        "responses": 1,
        "loss": 0.0,
        "min": 10783.267974853516,
        "max": 10783.267974853516,
        "avg": 10783.267974853516
      }
    },
    "icmp": {
      "probes": [
        {
          "rtt": 10785.820007324219,
          "from": "129.250.5.227",
          "reached": false
        }
      ],
      "stats": {
        "count": 1,
        "responses": 1,
        "loss": 0.0,
        "min": 10785.820007324219,
        "max": 10785.820007324219,
        "avg": 10785.820007324219
      }
    },
    "extensions": {}
  },
  "5": {
    "udp": {
      "probes": [
        {
          "rtt": 10684.15904045105,
          "from": "129.250.5.227",
          "reached": false
        }
      ],
      "stats": {
        "count": 1,
        "responses": 1,
        "loss": 0.0,
        "min": 10684.15904045105,
        "max": 10684.15904045105,
        "avg": 10684.15904045105
      }
    },
    "tcp": {
      "probes": [
        {
          "rtt": 10684.160709381104,
          "from": "129.250.5.227",
          "reached": false
        }
      ],
      "stats": {
        "count": 1,
        "responses": 1,
        "loss": 0.0,
        "min": 10684.160709381104,
        "max": 10684.160709381104,
        "avg": 10684.160709381104
      }
    },
    "icmp": {
      "probes": [
        {
          "rtt": 10684.131145477295,
          "from": "129.250.5.227",
          "reached": false
        }
      ],
      "stats": {
        "count": 1,
        "responses": 1,
        "loss": 0.0,
        "min": 10684.131145477295,
        "max": 10684.131145477295,
        "avg": 10684.131145477295
      }
    },
    "extensions": {}
  },
  "6": {
    "udp": {
      "probes": [
        {
          "rtt": 10580.277919769287,
          "from": "129.250.5.227",
          "reached": false
        }
      ],
      "stats": {
        "count": 1,
        "responses": 1,
        "loss": 0.0,
        "min": 10580.277919769287,
        "max": 10580.277919769287,
        "avg": 10580.277919769287
      }
    },
    "tcp": {
      "probes": [
        {
          "rtt": 10583.765983581543,
          "from": "129.250.5.227",
          "reached": false
        }
      ],
      "stats": {
        "count": 1,
        "responses": 1,
        "loss": 0.0,
        "min": 10583.765983581543,
        "max": 10583.765983581543,
        "avg": 10583.765983581543
      }
    },
    "icmp": {
      "probes": [
        {
          "rtt": 10587.276697158813,
          "from": "129.250.5.227",
          "reached": false
        }
      ],
      "stats": {
        "count": 1,
        "responses": 1,
        "loss": 0.0,
        "min": 10587.276697158813,
        "max": 10587.276697158813,
        "avg": 10587.276697158813
      }
    },
    "extensions": {}
  },
  "7": {
    "udp": {
      "probes": [
        {
          "rtt": 10485.79478263855,
          "from": "129.250.5.227",
          "reached": false
        }
      ],
      "stats": {
        "count": 1,
        "responses": 1,
        "loss": 0.0,
        "min": 10485.79478263855,
        "max": 10485.79478263855,
        "avg": 10485.79478263855
      }
    },
    "tcp": {
      "probes": [
        {
          "rtt": 10487.473964691162,
          "from": "129.250.5.227",
          "reached": false
        }
      ],
      "stats": {
        "count": 1,
        "responses": 1,
        "loss": 0.0,
        "min": 10487.473964691162,
        "max": 10487.473964691162,
        "avg": 10487.473964691162
      }
    },
    "icmp": {
      "probes": [
        {
          "rtt": 10487.478017807007,
          "from": "129.250.5.227",
          "reached": false
        }
      ],
      "stats": {
        "count": 1,
        "responses": 1,
        "loss": 0.0,
        "min": 10487.478017807007,
        "max": 10487.478017807007,
        "avg": 10487.478017807007
      }
    },
    "extensions": {}
  },
  "8": {
    "udp": {
      "probes": [
        {
          "rtt": 10385.146856307983,
          "from": "129.250.5.227",
          "reached": false
        }
      ],