{
  "1": {
    "udp": {
      "probes": [
        {
          "rtt": 14068.24517250061,
          "from": "10.213.33.25",
          "reached": false
        }
      ],
      "stats": {
        "count": 1,
        "responses": 1,
        "loss": 0.0,
        "min": 14068.24517250061,
        "max": 14068.24517250061,
        "avg": 14068.24517250061
      }
    },
    "tcp": {
      "probes": [
        {
          "rtt": 14068.433046340942,
          "from": "10.213.33.25",
          "reached": false
        }
      ],
      "stats": {
        "count": 1,
        "responses": 1,
        "loss": 0.0,
        "min": 14068.433046340942,
        "max": 14068.433046340942,
        "avg": 14068.433046340942
      }
    },
    "icmp": {
      "probes": [
        {
          "rtt": 14065.767049789429,
          "from": "10.213.33.25",
          "reached": false
        }
      ],
      "stats": {
        "count": 1,
        "responses": 1,
        "loss": 0.0,
        "min": 14065.767049789429,
        "max": 14065.767049789429,
        "avg": 14065.767049789429
      }
    },
    "extensions": {}
  },
  "2": {
    "udp": {
      "probes": [
        {
          "rtt": 13965.98505973816,
          "from": "10.213.33.25",
          "reached": false
        }
      ],
      "stats": {
        "count": 1,
        "responses": 1,
        "loss": 0.0,
        "min": 13965.98505973816,
        "max": 13965.98505973816,
        "avg": 13965.98505973816
      }
    },
    "tcp": {
      "probes": [],
      "stats": {}
    },
    "icmp": {
      "probes": [],
      "stats": {}
    },
    "extensions": {}
  },
  "metadata": {
    "series": [
      "udp",
      "tcp",
      "icmp"
    ],
    "target": "38.100.192.1",
    "protocol": "udp",
    "ip_version": "4",
    "timestamp": "2025-05-15 21:10:13",
    "reached_target": false
  }
}