{
  "1": {
    "udp": {
      "probes": [
        {
          "rtt": 5155.6549072265625,
          "from": "10.213.33.33",
          "reached": false
        }
      ],
      "stats": {
        "count": 1,
        "responses": 1,
        "loss": 0.0,
        "min": 5155.6549072265625,
        "max": 5155.6549072265625,
        "avg": 5155.6549072265625
      }
    },
    "tcp": {
      "probes": [
        {
          "rtt": 5121.201992034912,
          "from": "10.213.33.33",
          "reached": false
        }
      ],
      "stats": {
        "count": 1,
        "responses": 1,
        "loss": 0.0,
        "min": 5121.201992034912,
        "max": 5121.201992034912,
        "avg": 5121.201992034912
      }
    },
    "icmp": {
      "probes": [
        {
          "rtt": 5263.2458209991455,
          "from": "10.213.33.33",
          "reached": false
        }
      ],
      "stats": {
        "count": 1,
        "responses": 1,
        "loss": 0.0,
        "min": 5263.2458209991455,
        "max": 5263.2458209991455,
        "avg": 5263.2458209991455
      }
    },
    "extensions": {}
  },
  "2": {
    "udp": {
      "probes": [
        {
          "rtt": 5445.543050765991,
          "from": "10.213.33.33",
          "reached": false
        }
      ],
      "stats": {
        "count": 1,
        "responses": 1,
        "loss": 0.0,
        "min": 5445.543050765991,
        "max": 5445.543050765991,
        "avg": 5445.543050765991
      }
    },
    "tcp": {
      "probes": [],
      "stats": {}
    },
    "icmp": {
      "probes": [],
      "stats": {}
    },
    "extensions": {}
  },
  "metadata": {
    "series": [
      "udp",
      "tcp",
      "icmp"
    ],
    "target": "117.235.207.1",
    "protocol": "udp",
    "ip_version": "4",
    "timestamp": "2025-05-15 21:10:13",
    "reached_target": false
  }
}