{
  "1": {
    "udp": {
      "probes": [
        {
          "rtt": 11992.69700050354,
          "from": "10.213.33.25",
          "reached": false
        }
      ],
      "stats": {
        "count": 1,
        "responses": 1,
        "loss": 0.0,
        "min": 11992.69700050354,
        "max": 11992.69700050354,
        "avg": 11992.69700050354
      }
    },
    "tcp": {
      "probes": [
        {
          "rtt": 12009.574890136719,
          "from": "10.213.33.25",
          "reached": false
        }
      ],
      "stats": {
        "count": 1,
        "responses": 1,
        "loss": 0.0,
        "min": 12009.574890136719,
        "max": 12009.574890136719,
        "avg": 12009.574890136719
      }
    },
    "icmp": {
      "probes": [
        {
          "rtt": 12025.635957717896,
          "from": "10.213.33.25",
          "reached": false
        }
      ],
      "stats": {
        "count": 1,
        "responses": 1,
        "loss": 0.0,
        "min": 12025.635957717896,
        "max": 12025.635957717896,
        "avg": 12025.635957717896
      }
    },
    "extensions": {}
  },
  "2": {
    "udp": {
      "probes": [
        {
          "rtt": 11908.016204833984,
          "from": "10.213.33.25",
          "reached": false
        }
      ],
      "stats": {
        "count": 1,
        "responses": 1,
        "loss": 0.0,
        "min": 11908.016204833984,
        "max": 11908.016204833984,
        "avg": 11908.016204833984
      }
    },
    "tcp": {
      "probes": [
        {
          "rtt": 15319.499015808105,
          "from": "10.213.32.41",
          "reached": false
        }
      ],
      "stats": {
        "count": 1,
        "responses": 1,
        "loss": 0.0,
        "min": 15319.499015808105,
        "max": 15319.499015808105,
        "avg": 15319.499015808105
      }
    },
    "icmp": {
      "probes": [
        {
          "rtt": 15321.636199951172,
          "from": "10.213.32.41",
          "reached": false
        }
      ],
      "stats": {
        "count": 1,
        "responses": 1,
        "loss": 0.0,
        "min": 15321.636199951172,
        "max": 15321.636199951172,
        "avg": 15321.636199951172
      }
    },
    "extensions": {}
  },
  "metadata": {
    "series": [
      "udp",
      "tcp",
      "icmp"
    ],
    "target": "202.178.153.1",
    "protocol": "udp",
    "ip_version": "4",
    "timestamp": "2025-05-15 21:10:13",
    "reached_target": false
  }
}