{
  "1": {
    "udp": {
      "probes": [
        {
          "rtt": 6426.018953323364,
          "from": "129.250.8.169",
          "reached": false
        }
      ],
      "stats": {
        "count": 1,
        "responses": 1,
        "loss": 0.0,
        "min": 6426.018953323364,
        "max": 6426.018953323364,
        "avg": 6426.018953323364
      }
    },
    "tcp": {
      "probes": [
        {
          "rtt": 6376.7991065979,
          "from": "129.250.8.169",
          "reached": false
        }
      ],
      "stats": {
        "count": 1,
        "responses": 1,
        "loss": 0.0,
        "min": 6376.7991065979,
        "max": 6376.7991065979,
        "avg": 6376.7991065979
      }
    },
    "icmp": {
      "probes": [
        {
          "rtt": 6375.378847122192,
          "from": "129.250.8.169",
          "reached": false
        }
      ],
      "stats": {
        "count": 1,
        "responses": 1,
        "loss": 0.0,
        "min": 6375.378847122192,
        "max": 6375.378847122192,
        "avg": 6375.378847122192
      }
    },
    "extensions": {}
  },
  "2": {
    "udp": {
      "probes": [
        {
          "rtt": 6242.793083190918,
          "from": "129.250.8.169",
          "reached": false
        }
      ],
      "stats": {
        "count": 1,
        "responses": 1,
        "loss": 0.0,
        "min": 6242.793083190918,
        "max": 6242.793083190918,
        "avg": 6242.793083190918
      }
    },
    "tcp": {
      "probes": [
        {
          "rtt": 6242.755889892578,
          "from": "129.250.8.169",
          "reached": false
        }
      ],
      "stats": {
        "count": 1,
        "responses": 1,
        "loss": 0.0,
        "min": 6242.755889892578,
        "max": 6242.755889892578,
        "avg": 6242.755889892578
      }
    },
    "icmp": {
      "probes": [
        {
          "rtt": 6242.745876312256,
          "from": "129.250.8.169",
          "reached": false
        }
      ],
      "stats": {
        "count": 1,
        "responses": 1,
        "loss": 0.0,
        "min": 6242.745876312256,
        "max": 6242.745876312256,
        "avg": 6242.745876312256
      }
    },
    "extensions": {}
  },
  "3": {
    "udp": {
      "probes": [
        {
          "rtt": 6137.761831283569,
          "from": "129.250.8.169",
          "reached": false
        }
      ],
      "stats": {
        "count": 1,
        "responses": 1,
        "loss": 0.0,
        "min": 6137.761831283569,
        "max": 6137.761831283569,
        "avg": 6137.761831283569
      }
    },
    "tcp": {
      "probes": [
        {
          "rtt": 6137.504816055298,
          "from": "129.250.8.169",
          "reached": false
        }
      ],
      "stats": {
        "count": 1,
        "responses": 1,
        "loss": 0.0,
        "min": 6137.504816055298,
        "max": 6137.504816055298,
        "avg": 6137.504816055298
      }
    },
    "icmp": {
      "probes": [
        {
          "rtt": 6137.528896331787,
          "from": "129.250.8.169",
          "reached": false
        }
      ],
      "stats": {
        "count": 1,
        "responses": 1,
        "loss": 0.0,
        "min": 6137.528896331787,
        "max": 6137.528896331787,
        "avg": 6137.528896331787
      }
    },
    "extensions": {}
  },
  "4": {
    "udp": {
      "probes": [
        {
          "rtt": 6038.646697998047,
          "from": "129.250.8.169",
          "reached": false
        }
      ],
      "stats": {
        "count": 1,
        "responses": 1,
        "loss": 0.0,
        "min": 6038.646697998047,
        "max": 6038.646697998047,
        "avg": 6038.646697998047
      }
    },
    "tcp": {
      "probes": [
        {
          "rtt": 6039.9489402771,
          "from": "129.250.8.169",
          "reached": false
        }
      ],
      "stats": {
        "count": 1,
        "responses": 1,
        "loss": 0.0,
        "min": 6039.9489402771,
        "max": 6039.9489402771,
        "avg": 6039.9489402771
      }
    },
    "icmp": {
      "probes": [
        {
          "rtt": 6040.919065475464,
          "from": "129.250.8.169",
          "reached": false
        }
      ],
      "stats": {
        "count": 1,
        "responses": 1,
        "loss": 0.0,
        "min": 6040.919065475464,
        "max": 6040.919065475464,
        "avg": 6040.919065475464
      }
    },
    "extensions": {}
  },
  "5": {
    "udp": {
      "probes": [
        {
          "rtt": 5935.992002487183,
          "from": "129.250.8.169",
          "reached": false
        }
      ],
      "stats": {
        "count": 1,
        "responses": 1,
        "loss": 0.0,
        "min": 5935.992002487183,
        "max": 5935.992002487183,
        "avg": 5935.992002487183
      }
    },
    "tcp": {
      "probes": [
        {
          "rtt": 5935.979127883911,
          "from": "129.250.8.169",
          "reached": false
        }
      ],
      "stats": {
        "count": 1,
        "responses": 1,
        "loss": 0.0,
        "min": 5935.979127883911,
        "max": 5935.979127883911,
        "avg": 5935.979127883911
      }
    },
    "icmp": {
      "probes": [
        {
          "rtt": 5935.961008071899,
          "from": "129.250.8.169",
          "reached": false
        }
      ],
      "stats": {
        "count": 1,
        "responses": 1,
        "loss": 0.0,
        "min": 5935.961008071899,
        "max": 5935.961008071899,
        "avg": 5935.961008071899
      }
    },
    "extensions": {}
  },
  "6": {
    "udp": {
      "probes": [
        {
          "rtt": 5834.001302719116,
          "from": "129.250.8.169",
          "reached": false
        }
      ],
      "stats": {
        "count": 1,
        "responses": 1,
        "loss": 0.0,
        "min": 5834.001302719116,
        "max": 5834.001302719116,
        "avg": 5834.001302719116
      }
    },
    "tcp": {
      "probes": [
        {
          "rtt": 5834.461212158203,
          "from": "129.250.8.169",
          "reached": false
        }
      ],
      "stats": {
        "count": 1,
        "responses": 1,
        "loss": 0.0,
        "min": 5834.461212158203,
        "max": 5834.461212158203,
        "avg": 5834.461212158203
      }
    },
    "icmp": {
      "probes": [
        {
          "rtt": 5834.39302444458,
          "from": "129.250.8.169",
          "reached": false
        }
      ],
      "stats": {
        "count": 1,
        "responses": 1,
        "loss": 0.0,
        "min": 5834.39302444458,
        "max": 5834.39302444458,
        "avg": 5834.39302444458
      }
    },
    "extensions": {}
  },
  "7": {
    "udp": {
      "probes": [
        {
          "rtt": 5729.778051376343,
          "from": "129.250.8.169",
          "reached": false
        }
      ],
      "stats": {
        "count": 1,
        "responses": 1,
        "loss": 0.0,
        "min": 5729.778051376343,
        "max": 5729.778051376343,
        "avg": 5729.778051376343
      }
    },
    "tcp": {
      "probes": [
        {
          "rtt": 5730.453968048096,
          "from": "129.250.8.169",
          "reached": false
        }
      ],
      "stats": {
        "count": 1,
        "responses": 1,
        "loss": 0.0,
        "min": 5730.453968048096,
        "max": 5730.453968048096,
        "avg": 5730.453968048096
      }
    },
    "icmp": {
      "probes": [
        {
          "rtt": 5730.434894561768,
          "from": "129.250.8.169",
          "reached": false
        }
      ],
      "stats": {
        "count": 1,
        "responses": 1,
        "loss": 0.0,
        "min": 5730.434894561768,
        "max": 5730.434894561768,
        "avg": 5730.434894561768
      }
    },
    "extensions": {}
  },
  "8": {
    "udp": {
      "probes": [
        {
          "rtt": 5624.316930770874,
          "from": "129.250.8.169",
          "reached": false
        }
      ],
      "stats": {
        "count": 1,
        "responses": 1,
        "loss": 0.0,
        "min": 5624.316930770874,