{
  "1": {
    "udp": {
      "probes": [
        {
          "rtt": 14095.064163208008,
          "from": "10.213.33.25",
          "reached": false
        }
      ],
      "stats": {
        "count": 1,
        "responses": 1,
        "loss": 0.0,
        "min": 14095.064163208008,
        "max": 14095.064163208008,
        "avg": 14095.064163208008
      }
    },
    "tcp": {
      "probes": [
        {
          "rtt": 14098.051071166992,
          "from": "10.213.33.25",
          "reached": false
        }
      ],
      "stats": {
        "count": 1,
        "responses": 1,
        "loss": 0.0,
        "min": 14098.051071166992,
        "max": 14098.051071166992,
        "avg": 14098.051071166992
      }
    },
    "icmp": {
      "probes": [
        {
          "rtt": 14098.829746246338,
          "from": "10.213.33.25",
          "reached": false
        }
      ],
      "stats": {
        "count": 1,
        "responses": 1,
        "loss": 0.0,
        "min": 14098.829746246338,
        "max": 14098.829746246338,
        "avg": 14098.829746246338
      }
    },
    "extensions": {}
  },
  "2": {
    "udp": {
      "probes": [
        {
          "rtt": 14000.449895858765,
          "from": "10.213.33.25",
          "reached": false
        }
      ],
      "stats": {
        "count": 1,
        "responses": 1,
        "loss": 0.0,
        "min": 14000.449895858765,
        "max": 14000.449895858765,
        "avg": 14000.449895858765
      }
    },
    "tcp": {
      "probes": [
        {
          "rtt": 14062.227010726929,
          "from": "10.213.32.33",
          "reached": false
        }
      ],
      "stats": {
        "count": 1,
        "responses": 1,
        "loss": 0.0,
        "min": 14062.227010726929,
        "max": 14062.227010726929,
        "avg": 14062.227010726929
      }
    },
    "icmp": {
      "probes": [
        {
          "rtt": 14071.886777877808,
          "from": "10.213.32.33",
          "reached": false
        }
      ],
      "stats": {
        "count": 1,
        "responses": 1,
        "loss": 0.0,
        "min": 14071.886777877808,
        "max": 14071.886777877808,
        "avg": 14071.886777877808
      }
    },
    "extensions": {}
  },
  "metadata": {
    "series": [
      "udp",
      "tcp",
      "icmp"
    ],
    "target": "60.28.249.1",
    "protocol": "udp",
    "ip_version": "4",
    "timestamp": "2025-05-15 21:10:15",
    "reached_target": false
  }
}