{
  "1": {
    "udp": {
      "probes": [
        {
          "rtt": 3090.9643173217773,
          "from": "10.209.64.1",
          "reached": false
        }
      ],
      "stats": {
        "count": 1,
        "responses": 1,
        "loss": 0.0,
        "min": 3090.9643173217773,
        "max": 3090.9643173217773,
        "avg": 3090.9643173217773
      }
    },
    "tcp": {
      "probes": [
        {
          "rtt": 3550.4391193389893,
          "from": "10.209.64.1",
          "reached": false
        }
      ],
      "stats": {
        "count": 1,
        "responses": 1,
        "loss": 0.0,
        "min": 3550.4391193389893,
        "max": 3550.4391193389893,
        "avg": 3550.4391193389893
      }
    },
    "icmp": {
      "probes": [
        {
          "rtt": 11987.036943435669,
          "from": "10.213.33.25",
          "reached": false
        }
      ],
      "stats": {
        "count": 1,
        "responses": 1,
        "loss": 0.0,
        "min": 11987.036943435669,
        "max": 11987.036943435669,
        "avg": 11987.036943435669
      }
    },
    "extensions": {}
  },
  "2": {
    "udp": {
      "probes": [
        {
          "rtt": 11935.254096984863,
          "from": "10.213.33.25",
          "reached": false
        }
      ],
      "stats": {
        "count": 1,
        "responses": 1,
        "loss": 0.0,
        "min": 11935.254096984863,
        "max": 11935.254096984863,
        "avg": 11935.254096984863
      }
    },
    "tcp": {
      "probes": [
        {
          "rtt": 15541.139841079712,
          "from": "10.213.32.41",
          "reached": false
        }
      ],
      "stats": {
        "count": 1,
        "responses": 1,
        "loss": 0.0,
        "min": 15541.139841079712,
        "max": 15541.139841079712,
        "avg": 15541.139841079712
      }
    },
    "icmp": {
      "probes": [],
      "stats": {}
    },
    "extensions": {}
  },
  "metadata": {
    "series": [
      "udp",
      "tcp",
      "icmp"
    ],
    "target": "139.223.245.1",
    "protocol": "udp",
    "ip_version": "4",
    "timestamp": "2025-05-15 21:10:13",
    "reached_target": false
  }
}