{
  "1": {
    "udp": {
      "probes": [
        {
          "rtt": 11227.705955505371,
          "from": "210.69.250.126",
          "reached": false
        }
      ],
      "stats": {
        "count": 1,
        "responses": 1,
        "loss": 0.0,
        "min": 11227.705955505371,
        "max": 11227.705955505371,
        "avg": 11227.705955505371
      }
    },
    "tcp": {
      "probes": [
        {
          "rtt": 11162.765979766846,
          "from": "210.69.250.126",
          "reached": false
        }
      ],
      "stats": {
        "count": 1,
        "responses": 1,
        "loss": 0.0,
        "min": 11162.765979766846,
        "max": 11162.765979766846,
        "avg": 11162.765979766846
      }
    },
    "icmp": {
      "probes": [
        {
          "rtt": 11162.760972976685,
          "from": "210.69.250.126",
          "reached": false
        }
      ],
      "stats": {
        "count": 1,
        "responses": 1,
        "loss": 0.0,
        "min": 11162.760972976685,
        "max": 11162.760972976685,
        "avg": 11162.760972976685
      }
    },
    "extensions": {}
  },
  "2": {
    "udp": {
      "probes": [
        {
          "rtt": 11051.173210144043,
          "from": "210.69.250.126",
          "reached": false
        }
      ],
      "stats": {
        "count": 1,
        "responses": 1,
        "loss": 0.0,
        "min": 11051.173210144043,
        "max": 11051.173210144043,
        "avg": 11051.173210144043
      }
    },
    "tcp": {
      "probes": [
        {
          "rtt": 11051.16081237793,
          "from": "210.69.250.126",
          "reached": false
        }
      ],
      "stats": {
        "count": 1,
        "responses": 1,
        "loss": 0.0,
        "min": 11051.16081237793,
        "max": 11051.16081237793,
        "avg": 11051.16081237793
      }
    },
    "icmp": {
      "probes": [
        {
          "rtt": 11051.160097122192,
          "from": "210.69.250.126",
          "reached": false
        }
      ],
      "stats": {
        "count": 1,
        "responses": 1,
        "loss": 0.0,
        "min": 11051.160097122192,
        "max": 11051.160097122192,
        "avg": 11051.160097122192
      }
    },
    "extensions": {}
  },
  "3": {
    "udp": {
      "probes": [
        {
          "rtt": 10948.300123214722,
          "from": "210.69.250.126",
          "reached": false
        }
      ],
      "stats": {
        "count": 1,
        "responses": 1,
        "loss": 0.0,
        "min": 10948.300123214722,
        "max": 10948.300123214722,
        "avg": 10948.300123214722
      }
    },
    "tcp": {
      "probes": [
        {
          "rtt": 10948.293924331665,
          "from": "210.69.250.126",
          "reached": false
        }
      ],
      "stats": {
        "count": 1,
        "responses": 1,
        "loss": 0.0,
        "min": 10948.293924331665,
        "max": 10948.293924331665,
        "avg": 10948.293924331665
      }
    },
    "icmp": {
      "probes": [
        {
          "rtt": 10948.28486442566,
          "from": "210.69.250.126",
          "reached": false
        }
      ],
      "stats": {
        "count": 1,
        "responses": 1,
        "loss": 0.0,
        "min": 10948.28486442566,
        "max": 10948.28486442566,
        "avg": 10948.28486442566
      }
    },
    "extensions": {}
  },
  "4": {
    "udp": {
      "probes": [
        {
          "rtt": 10848.167896270752,
          "from": "210.69.250.126",
          "reached": false
        }
      ],
      "stats": {
        "count": 1,
        "responses": 1,
        "loss": 0.0,
        "min": 10848.167896270752,
        "max": 10848.167896270752,
        "avg": 10848.167896270752
      }
    },
    "tcp": {
      "probes": [
        {
          "rtt": 10848.16598892212,
          "from": "210.69.250.126",
          "reached": false
        }
      ],
      "stats": {
        "count": 1,
        "responses": 1,
        "loss": 0.0,
        "min": 10848.16598892212,
        "max": 10848.16598892212,
        "avg": 10848.16598892212
      }
    },
    "icmp": {
      "probes": [
        {
          "rtt": 10848.166942596436,
          "from": "210.69.250.126",
          "reached": false
        }
      ],
      "stats": {
        "count": 1,
        "responses": 1,
        "loss": 0.0,
        "min": 10848.166942596436,
        "max": 10848.166942596436,
        "avg": 10848.166942596436
      }
    },
    "extensions": {}
  },
  "5": {
    "udp": {
      "probes": [
        {
          "rtt": 10743.15071105957,
          "from": "210.69.250.126",
          "reached": false
        }
      ],
      "stats": {
        "count": 1,
        "responses": 1,
        "loss": 0.0,
        "min": 10743.15071105957,
        "max": 10743.15071105957,
        "avg": 10743.15071105957
      }
    },
    "tcp": {
      "probes": [
        {
          "rtt": 10743.140935897827,
          "from": "210.69.250.126",
          "reached": false
        }
      ],
      "stats": {
        "count": 1,
        "responses": 1,
        "loss": 0.0,
        "min": 10743.140935897827,
        "max": 10743.140935897827,
        "avg": 10743.140935897827
      }
    },
    "icmp": {
      "probes": [
        {
          "rtt": 10743.135213851929,
          "from": "210.69.250.126",
          "reached": false
        }
      ],
      "stats": {
        "count": 1,
        "responses": 1,
        "loss": 0.0,
        "min": 10743.135213851929,
        "max": 10743.135213851929,
        "avg": 10743.135213851929
      }
    },
    "extensions": {}
  },
  "6": {
    "udp": {
      "probes": [
        {
          "rtt": 10639.137983322144,
          "from": "210.69.250.126",
          "reached": false
        }
      ],
      "stats": {
        "count": 1,
        "responses": 1,
        "loss": 0.0,
        "min": 10639.137983322144,
        "max": 10639.137983322144,
        "avg": 10639.137983322144
      }
    },
    "tcp": {
      "probes": [
        {
          "rtt": 10638.859033584595,
          "from": "210.69.250.126",
          "reached": false
        }
      ],
      "stats": {
        "count": 1,
        "responses": 1,
        "loss": 0.0,
        "min": 10638.859033584595,
        "max": 10638.859033584595,
        "avg": 10638.859033584595
      }
    },
    "icmp": {
      "probes": [
        {
          "rtt": 10638.775110244751,
          "from": "210.69.250.126",
          "reached": false
        }
      ],
      "stats": {
        "count": 1,
        "responses": 1,
        "loss": 0.0,
        "min": 10638.775110244751,
        "max": 10638.775110244751,
        "avg": 10638.775110244751
      }
    },
    "extensions": {}
  },
  "7": {
    "udp": {
      "probes": [
        {
          "rtt": 10535.552024841309,
          "from": "210.69.250.126",
          "reached": false
        }
      ],
      "stats": {
        "count": 1,
        "responses": 1,
        "loss": 0.0,
        "min": 10535.552024841309,
        "max": 10535.552024841309,
        "avg": 10535.552024841309
      }
    },
    "tcp": {
      "probes": [
        {
          "rtt": 10535.51197052002,
          "from": "210.69.250.126",
          "reached": false
        }
      ],
      "stats": {
        "count": 1,
        "responses": 1,
        "loss": 0.0,
        "min": 10535.51197052002,
        "max": 10535.51197052002,
        "avg": 10535.51197052002
      }
    },
    "icmp": {
      "probes": [
        {
          "rtt": 10535.48288345337,
          "from": "210.69.250.126",
          "reached": false
        }
      ],
      "stats": {
        "count": 1,
        "responses": 1,
        "loss": 0.0,
        "min": 10535.48288345337,
        "max": 10535.48288345337,
        "avg": 10535.48288345337
      }
    },
    "extensions": {}
  },
  "8": {
    "udp": {
      "probes": [
        {
          "rtt": 10433.550834655762,
          "from": "210.69.250.126",
          "reached": false
        }
      ],