{
  "1": {
    "udp": {
      "probes": [
        {
          "rtt": 6766.439914703369,
          "from": "10.213.33.33",
          "reached": false
        }
      ],
      "stats": {
        "count": 1,
        "responses": 1,
        "loss": 0.0,
        "min": 6766.439914703369,
        "max": 6766.439914703369,
        "avg": 6766.439914703369
      }
    },
    "tcp": {
      "probes": [
        {
          "rtt": 7540.7819747924805,
          "from": "10.213.33.33",
          "reached": false
        }
      ],
      "stats": {
        "count": 1,
        "responses": 1,
        "loss": 0.0,
        "min": 7540.7819747924805,
        "max": 7540.7819747924805,
        "avg": 7540.7819747924805
      }
    },
    "icmp": {
      "probes": [
        {
          "rtt": 7566.476106643677,
          "from": "10.213.33.33",
          "reached": false
        }
      ],
      "stats": {
        "count": 1,
        "responses": 1,
        "loss": 0.0,
        "min": 7566.476106643677,
        "max": 7566.476106643677,
        "avg": 7566.476106643677
      }
    },
    "extensions": {}
  },
  "2": {
    "udp": {
      "probes": [
        {
          "rtt": 7464.05291557312,
          "from": "10.213.33.33",
          "reached": false
        }
      ],
      "stats": {
        "count": 1,
        "responses": 1,
        "loss": 0.0,
        "min": 7464.05291557312,
        "max": 7464.05291557312,
        "avg": 7464.05291557312
      }
    },
    "tcp": {
      "probes": [],
      "stats": {}
    },
    "icmp": {
      "probes": [],
      "stats": {}
    },
    "extensions": {}
  },
  "metadata": {
    "series": [
      "udp",
      "tcp",
      "icmp"
    ],
    "target": "176.8.221.1",
    "protocol": "udp",
    "ip_version": "4",
    "timestamp": "2025-05-15 21:10:13",
    "reached_target": false
  }
}