{
  "1": {
    "udp": {
      "probes": [
        {
          "rtt": 45928.025007247925,
          "from": "129.250.3.193",
          "reached": false
        }
      ],
      "stats": {
        "count": 1,
        "responses": 1,
        "loss": 0.0,
        "min": 45928.025007247925,
        "max": 45928.025007247925,
        "avg": 45928.025007247925
      }
    },
    "tcp": {
      "probes": [
        {
          "rtt": 45926.2421131134,
          "from": "129.250.3.193",
          "reached": false
        }
      ],
      "stats": {
        "count": 1,
        "responses": 1,
        "loss": 0.0,
        "min": 45926.2421131134,
        "max": 45926.2421131134,
        "avg": 45926.2421131134
      }
    },
    "icmp": {
      "probes": [
        {
          "rtt": 45926.05900764465,
          "from": "129.250.3.193",
          "reached": false
        }
      ],
      "stats": {
        "count": 1,
        "responses": 1,
        "loss": 0.0,
        "min": 45926.05900764465,
        "max": 45926.05900764465,
        "avg": 45926.05900764465
      }
    },
    "extensions": {}
  },
  "2": {
    "udp": {
      "probes": [
        {
          "rtt": 45783.20407867432,
          "from": "129.250.3.193",
          "reached": false
        }
      ],
      "stats": {
        "count": 1,
        "responses": 1,
        "loss": 0.0,
        "min": 45783.20407867432,
        "max": 45783.20407867432,
        "avg": 45783.20407867432
      }
    },
    "tcp": {
      "probes": [
        {
          "rtt": 45783.186197280884,
          "from": "129.250.3.193",
          "reached": false
        }
      ],
      "stats": {
        "count": 1,
        "responses": 1,
        "loss": 0.0,
        "min": 45783.186197280884,
        "max": 45783.186197280884,
        "avg": 45783.186197280884
      }
    },
    "icmp": {
      "probes": [
        {
          "rtt": 45783.17403793335,
          "from": "129.250.3.193",
          "reached": false
        }
      ],
      "stats": {
        "count": 1,
        "responses": 1,
        "loss": 0.0,
        "min": 45783.17403793335,
        "max": 45783.17403793335,
        "avg": 45783.17403793335
      }
    },
    "extensions": {}
  },
  "3": {
    "udp": {
      "probes": [
        {
          "rtt": 45682.34086036682,
          "from": "129.250.3.193",
          "reached": false
        }
      ],
      "stats": {
        "count": 1,
        "responses": 1,
        "loss": 0.0,
        "min": 45682.34086036682,
        "max": 45682.34086036682,
        "avg": 45682.34086036682
      }
    },
    "tcp": {
      "probes": [
        {
          "rtt": 45682.33895301819,
          "from": "129.250.3.193",
          "reached": false
        }
      ],
      "stats": {
        "count": 1,
        "responses": 1,
        "loss": 0.0,
        "min": 45682.33895301819,
        "max": 45682.33895301819,
        "avg": 45682.33895301819
      }
    },
    "icmp": {
      "probes": [
        {
          "rtt": 45682.32989311218,
          "from": "129.250.3.193",
          "reached": false
        }
      ],
      "stats": {
        "count": 1,
        "responses": 1,
        "loss": 0.0,
        "min": 45682.32989311218,
        "max": 45682.32989311218,
        "avg": 45682.32989311218
      }
    },
    "extensions": {}
  },
  "4": {
    "udp": {
      "probes": [
        {
          "rtt": 45397.31287956238,
          "from": "129.250.3.193",
          "reached": false
        }
      ],
      "stats": {
        "count": 1,
        "responses": 1,
        "loss": 0.0,
        "min": 45397.31287956238,
        "max": 45397.31287956238,
        "avg": 45397.31287956238
      }
    },
    "tcp": {
      "probes": [
        {
          "rtt": 45397.302865982056,
          "from": "129.250.3.193",
          "reached": false
        }
      ],
      "stats": {
        "count": 1,
        "responses": 1,
        "loss": 0.0,
        "min": 45397.302865982056,
        "max": 45397.302865982056,
        "avg": 45397.302865982056
      }
    },
    "icmp": {
      "probes": [
        {
          "rtt": 45397.37915992737,
          "from": "129.250.3.193",
          "reached": false
        }
      ],
      "stats": {
        "count": 1,
        "responses": 1,
        "loss": 0.0,
        "min": 45397.37915992737,
        "max": 45397.37915992737,
        "avg": 45397.37915992737
      }
    },
    "extensions": {}
  },
  "5": {
    "udp": {
      "probes": [
        {
          "rtt": 45275.98428726196,
          "from": "129.250.3.193",
          "reached": false
        }
      ],
      "stats": {
        "count": 1,
        "responses": 1,
        "loss": 0.0,
        "min": 45275.98428726196,
        "max": 45275.98428726196,
        "avg": 45275.98428726196
      }
    },
    "tcp": {
      "probes": [
        {
          "rtt": 45274.003982543945,
          "from": "129.250.3.193",
          "reached": false
        }
      ],
      "stats": {
        "count": 1,
        "responses": 1,
        "loss": 0.0,
        "min": 45274.003982543945,
        "max": 45274.003982543945,
        "avg": 45274.003982543945
      }
    },
    "icmp": {
      "probes": [
        {
          "rtt": 45273.99563789368,
          "from": "129.250.3.193",
          "reached": false
        }
      ],
      "stats": {
        "count": 1,
        "responses": 1,
        "loss": 0.0,
        "min": 45273.99563789368,
        "max": 45273.99563789368,
        "avg": 45273.99563789368
      }
    },
    "extensions": {}
  },
  "6": {
    "udp": {
      "probes": [
        {
          "rtt": 45169.623136520386,
          "from": "129.250.3.193",
          "reached": false
        }
      ],
      "stats": {
        "count": 1,
        "responses": 1,
        "loss": 0.0,
        "min": 45169.623136520386,
        "max": 45169.623136520386,
        "avg": 45169.623136520386
      }
    },
    "tcp": {
      "probes": [
        {
          "rtt": 45169.57497596741,
          "from": "129.250.3.193",
          "reached": false
        }
      ],
      "stats": {
        "count": 1,
        "responses": 1,
        "loss": 0.0,
        "min": 45169.57497596741,
        "max": 45169.57497596741,
        "avg": 45169.57497596741
      }
    },
    "icmp": {
      "probes": [
        {
          "rtt": 45169.54278945923,
          "from": "129.250.3.193",
          "reached": false
        }
      ],
      "stats": {
        "count": 1,
        "responses": 1,
        "loss": 0.0,
        "min": 45169.54278945923,
        "max": 45169.54278945923,
        "avg": 45169.54278945923
      }
    },
    "extensions": {}
  },
  "7": {
    "udp": {
      "probes": [
        {
          "rtt": 44984.70091819763,
          "from": "129.250.3.193",
          "reached": false
        }
      ],
      "stats": {
        "count": 1,
        "responses": 1,
        "loss": 0.0,
        "min": 44984.70091819763,
        "max": 44984.70091819763,
        "avg": 44984.70091819763
      }
    },
    "tcp": {
      "probes": [
        {
          "rtt": 44984.66157913208,
          "from": "129.250.3.193",
          "reached": false
        }
      ],
      "stats": {
        "count": 1,
        "responses": 1,
        "loss": 0.0,
        "min": 44984.66157913208,
        "max": 44984.66157913208,
        "avg": 44984.66157913208
      }
    },
    "icmp": {
      "probes": [
        {
          "rtt": 44984.636306762695,
          "from": "129.250.3.193",
          "reached": false
        }
      ],
      "stats": {
        "count": 1,
        "responses": 1,
        "loss": 0.0,
        "min": 44984.636306762695,
        "max": 44984.636306762695,
        "avg": 44984.636306762695
      }
    },
    "extensions": {}
  },
  "8": {
    "udp": {
      "probes": [
        {
          "rtt": 44879.58788871765,
          "from": "129.250.3.193",
          "reached": false
        }
      ],
      "stats": {
        "count": 1,
        "responses": 1,
        "loss": 0.0,