{
  "1": {
    "udp": {
      "probes": [
        {
          "rtt": 12081.431865692139,
          "from": "10.213.33.25",
          "reached": false
        }
      ],
      "stats": {
        "count": 1,
        "responses": 1,
        "loss": 0.0,
        "min": 12081.431865692139,
        "max": 12081.431865692139,
        "avg": 12081.431865692139
      }
    },
    "tcp": {
      "probes": [
        {
          "rtt": 12076.110124588013,
          "from": "10.213.33.25",
          "reached": false
        }
      ],
      "stats": {
        "count": 1,
        "responses": 1,
        "loss": 0.0,
        "min": 12076.110124588013,
        "max": 12076.110124588013,
        "avg": 12076.110124588013
      }
    },
    "icmp": {
      "probes": [
        {
          "rtt": 12076.025009155273,
          "from": "10.213.33.25",
          "reached": false
        }
      ],
      "stats": {
        "count": 1,
        "responses": 1,
        "loss": 0.0,
        "min": 12076.025009155273,
        "max": 12076.025009155273,
        "avg": 12076.025009155273
      }
    },
    "extensions": {}
  },
  "2": {
    "udp": {
      "probes": [
        {
          "rtt": 11919.660806655884,
          "from": "10.213.33.25",
          "reached": false
        }
      ],
      "stats": {
        "count": 1,
        "responses": 1,
        "loss": 0.0,
        "min": 11919.660806655884,
        "max": 11919.660806655884,
        "avg": 11919.660806655884
      }
    },
    "tcp": {
      "probes": [],
      "stats": {}
    },
    "icmp": {
      "probes": [],
      "stats": {}
    },
    "extensions": {}
  },
  "metadata": {
    "series": [
      "udp",
      "tcp",
      "icmp"
    ],
    "target": "101.51.52.1",
    "protocol": "udp",
    "ip_version": "4",
    "timestamp": "2025-05-15 21:10:13",
    "reached_target": false
  }
}