{
  "1": {
    "udp": {
      "probes": [
        {
          "rtt": 19258.136749267578,
          "from": "129.250.2.27",
          "reached": false
        }
      ],
      "stats": {
        "count": 1,
        "responses": 1,
        "loss": 0.0,
        "min": 19258.136749267578,
        "max": 19258.136749267578,
        "avg": 19258.136749267578
      }
    },
    "tcp": {
      "probes": [
        {
          "rtt": 19213.233947753906,
          "from": "129.250.2.27",
          "reached": false
        }
      ],
      "stats": {
        "count": 1,
        "responses": 1,
        "loss": 0.0,
        "min": 19213.233947753906,
        "max": 19213.233947753906,
        "avg": 19213.233947753906
      }
    },
    "icmp": {
      "probes": [
        {
          "rtt": 19205.09696006775,
          "from": "129.250.2.27",
          "reached": false
        }
      ],
      "stats": {
        "count": 1,
        "responses": 1,
        "loss": 0.0,
        "min": 19205.09696006775,
        "max": 19205.09696006775,
        "avg": 19205.09696006775
      }
    },
    "extensions": {}
  },
  "2": {
    "udp": {
      "probes": [
        {
          "rtt": 19091.75705909729,
          "from": "129.250.2.27",
          "reached": false
        }
      ],
      "stats": {
        "count": 1,
        "responses": 1,
        "loss": 0.0,
        "min": 19091.75705909729,
        "max": 19091.75705909729,
        "avg": 19091.75705909729
      }
    },
    "tcp": {
      "probes": [
        {
          "rtt": 19091.707229614258,
          "from": "129.250.2.27",
          "reached": false
        }
      ],
      "stats": {
        "count": 1,
        "responses": 1,
        "loss": 0.0,
        "min": 19091.707229614258,
        "max": 19091.707229614258,
        "avg": 19091.707229614258
      }
    },
    "icmp": {
      "probes": [
        {
          "rtt": 19091.70389175415,
          "from": "129.250.2.27",
          "reached": false
        }
      ],
      "stats": {
        "count": 1,
        "responses": 1,
        "loss": 0.0,
        "min": 19091.70389175415,
        "max": 19091.70389175415,
        "avg": 19091.70389175415
      }
    },
    "extensions": {}
  },
  "3": {
    "udp": {
      "probes": [
        {
          "rtt": 18888.297080993652,
          "from": "129.250.2.27",
          "reached": false
        }
      ],
      "stats": {
        "count": 1,
        "responses": 1,
        "loss": 0.0,
        "min": 18888.297080993652,
        "max": 18888.297080993652,
        "avg": 18888.297080993652
      }
    },
    "tcp": {
      "probes": [
        {
          "rtt": 18888.01097869873,
          "from": "129.250.2.27",
          "reached": false
        }
      ],
      "stats": {
        "count": 1,
        "responses": 1,
        "loss": 0.0,
        "min": 18888.01097869873,
        "max": 18888.01097869873,
        "avg": 18888.01097869873
      }
    },
    "icmp": {
      "probes": [
        {
          "rtt": 18889.21809196472,
          "from": "129.250.2.27",
          "reached": false
        }
      ],
      "stats": {
        "count": 1,
        "responses": 1,
        "loss": 0.0,
        "min": 18889.21809196472,
        "max": 18889.21809196472,
        "avg": 18889.21809196472
      }
    },
    "extensions": {}
  },
  "4": {
    "udp": {
      "probes": [
        {
          "rtt": 18786.19122505188,
          "from": "129.250.2.27",
          "reached": false
        }
      ],
      "stats": {
        "count": 1,
        "responses": 1,
        "loss": 0.0,
        "min": 18786.19122505188,
        "max": 18786.19122505188,
        "avg": 18786.19122505188
      }
    },
    "tcp": {
      "probes": [
        {
          "rtt": 18788.266897201538,
          "from": "129.250.2.27",
          "reached": false
        }
      ],
      "stats": {
        "count": 1,
        "responses": 1,
        "loss": 0.0,
        "min": 18788.266897201538,
        "max": 18788.266897201538,
        "avg": 18788.266897201538
      }
    },
    "icmp": {
      "probes": [
        {
          "rtt": 18788.247108459473,
          "from": "129.250.2.27",
          "reached": false
        }
      ],
      "stats": {
        "count": 1,
        "responses": 1,
        "loss": 0.0,
        "min": 18788.247108459473,
        "max": 18788.247108459473,
        "avg": 18788.247108459473
      }
    },
    "extensions": {}
  },
  "5": {
    "udp": {
      "probes": [
        {
          "rtt": 18681.96702003479,
          "from": "129.250.2.27",
          "reached": false
        }
      ],
      "stats": {
        "count": 1,
        "responses": 1,
        "loss": 0.0,
        "min": 18681.96702003479,
        "max": 18681.96702003479,
        "avg": 18681.96702003479
      }
    },
    "tcp": {
      "probes": [
        {
          "rtt": 18681.192874908447,
          "from": "129.250.2.27",
          "reached": false
        }
      ],
      "stats": {
        "count": 1,
        "responses": 1,
        "loss": 0.0,
        "min": 18681.192874908447,
        "max": 18681.192874908447,
        "avg": 18681.192874908447
      }
    },
    "icmp": {
      "probes": [
        {
          "rtt": 18681.22386932373,
          "from": "129.250.2.27",
          "reached": false
        }
      ],
      "stats": {
        "count": 1,
        "responses": 1,
        "loss": 0.0,
        "min": 18681.22386932373,
        "max": 18681.22386932373,
        "avg": 18681.22386932373
      }
    },
    "extensions": {}
  },
  "6": {
    "udp": {
      "probes": [
        {
          "rtt": 18578.582048416138,
          "from": "129.250.2.27",
          "reached": false
        }
      ],
      "stats": {
        "count": 1,
        "responses": 1,
        "loss": 0.0,
        "min": 18578.582048416138,
        "max": 18578.582048416138,
        "avg": 18578.582048416138
      }
    },
    "tcp": {
      "probes": [
        {
          "rtt": 18578.19700241089,
          "from": "129.250.2.27",
          "reached": false
        }
      ],
      "stats": {
        "count": 1,
        "responses": 1,
        "loss": 0.0,
        "min": 18578.19700241089,
        "max": 18578.19700241089,
        "avg": 18578.19700241089
      }
    },
    "icmp": {
      "probes": [
        {
          "rtt": 18578.183889389038,
          "from": "129.250.2.27",
          "reached": false
        }
      ],
      "stats": {
        "count": 1,
        "responses": 1,
        "loss": 0.0,
        "min": 18578.183889389038,
        "max": 18578.183889389038,
        "avg": 18578.183889389038
      }
    },
    "extensions": {}
  },
  "7": {
    "udp": {
      "probes": [
        {
          "rtt": 18476.409196853638,
          "from": "129.250.2.27",
          "reached": false
        }
      ],
      "stats": {
        "count": 1,
        "responses": 1,
        "loss": 0.0,
        "min": 18476.409196853638,
        "max": 18476.409196853638,
        "avg": 18476.409196853638
      }
    },
    "tcp": {
      "probes": [
        {
          "rtt": 18476.226806640625,
          "from": "129.250.2.27",
          "reached": false
        }
      ],
      "stats": {
        "count": 1,
        "responses": 1,
        "loss": 0.0,
        "min": 18476.226806640625,
        "max": 18476.226806640625,
        "avg": 18476.226806640625
      }
    },
    "icmp": {
      "probes": [
        {
          "rtt": 18476.216077804565,
          "from": "129.250.2.27",
          "reached": false
        }
      ],
      "stats": {
        "count": 1,
        "responses": 1,
        "loss": 0.0,
        "min": 18476.216077804565,
        "max": 18476.216077804565,
        "avg": 18476.216077804565
      }
    },
    "extensions": {}
  },
  "8": {
    "udp": {
      "probes": [
        {
          "rtt": 18372.542142868042,
          "from": "129.250.2.27",
          "reached": false
        }
      ],
      "stats": {
        "count": 1,
        "responses": 1,