{
  "1": {
    "udp": {
      "probes": [
        {
          "rtt": 14312.018156051636,
          "from": "203.208.158.9",
          "reached": false
        }
      ],
      "stats": {
        "count": 1,
        "responses": 1,
        "loss": 0.0,
        "min": 14312.018156051636,
        "max": 14312.018156051636,
        "avg": 14312.018156051636
      }
    },
    "tcp": {
      "probes": [
        {
          "rtt": 14258.540153503418,
          "from": "203.208.158.9",
          "reached": false
        }
      ],
      "stats": {
        "count": 1,
        "responses": 1,
        "loss": 0.0,
        "min": 14258.540153503418,
        "max": 14258.540153503418,
        "avg": 14258.540153503418
      }
    },
    "icmp": {
      "probes": [
        {
          "rtt": 14258.578300476074,
          "from": "203.208.158.9",
          "reached": false
        }
      ],
      "stats": {
        "count": 1,
        "responses": 1,
        "loss": 0.0,
        "min": 14258.578300476074,
        "max": 14258.578300476074,
        "avg": 14258.578300476074
      }
    },
    "extensions": {}
  },
  "2": {
    "udp": {
      "probes": [
        {
          "rtt": 14148.93102645874,
          "from": "203.208.158.9",
          "reached": false
        }
      ],
      "stats": {
        "count": 1,
        "responses": 1,
        "loss": 0.0,
        "min": 14148.93102645874,
        "max": 14148.93102645874,
        "avg": 14148.93102645874
      }
    },
    "tcp": {
      "probes": [
        {
          "rtt": 14148.934841156006,
          "from": "203.208.158.9",
          "reached": false
        }
      ],
      "stats": {
        "count": 1,
        "responses": 1,
        "loss": 0.0,
        "min": 14148.934841156006,
        "max": 14148.934841156006,
        "avg": 14148.934841156006
      }
    },
    "icmp": {
      "probes": [
        {
          "rtt": 14149.070024490356,
          "from": "203.208.158.9",
          "reached": false
        }
      ],
      "stats": {
        "count": 1,
        "responses": 1,
        "loss": 0.0,
        "min": 14149.070024490356,
        "max": 14149.070024490356,
        "avg": 14149.070024490356
      }
    },
    "extensions": {}
  },
  "3": {
    "udp": {
      "probes": [
        {
          "rtt": 14044.44694519043,
          "from": "203.208.158.9",
          "reached": false
        }
      ],
      "stats": {
        "count": 1,
        "responses": 1,
        "loss": 0.0,
        "min": 14044.44694519043,
        "max": 14044.44694519043,
        "avg": 14044.44694519043
      }
    },
    "tcp": {
      "probes": [
        {
          "rtt": 14044.449090957642,
          "from": "203.208.158.9",
          "reached": false
        }
      ],
      "stats": {
        "count": 1,
        "responses": 1,
        "loss": 0.0,
        "min": 14044.449090957642,
        "max": 14044.449090957642,
        "avg": 14044.449090957642
      }
    },
    "icmp": {
      "probes": [
        {
          "rtt": 14044.447898864746,
          "from": "203.208.158.9",
          "reached": false
        }
      ],
      "stats": {
        "count": 1,
        "responses": 1,
        "loss": 0.0,
        "min": 14044.447898864746,
        "max": 14044.447898864746,
        "avg": 14044.447898864746
      }
    },
    "extensions": {}
  },
  "4": {
    "udp": {
      "probes": [
        {
          "rtt": 13942.022800445557,
          "from": "203.208.158.9",
          "reached": false
        }
      ],
      "stats": {
        "count": 1,
        "responses": 1,
        "loss": 0.0,
        "min": 13942.022800445557,
        "max": 13942.022800445557,
        "avg": 13942.022800445557
      }
    },
    "tcp": {
      "probes": [
        {
          "rtt": 13942.02709197998,
          "from": "203.208.158.9",
          "reached": false
        }
      ],
      "stats": {
        "count": 1,
        "responses": 1,
        "loss": 0.0,
        "min": 13942.02709197998,
        "max": 13942.02709197998,
        "avg": 13942.02709197998
      }
    },
    "icmp": {
      "probes": [
        {
          "rtt": 13942.096948623657,
          "from": "203.208.158.9",
          "reached": false
        }
      ],
      "stats": {
        "count": 1,
        "responses": 1,
        "loss": 0.0,
        "min": 13942.096948623657,
        "max": 13942.096948623657,
        "avg": 13942.096948623657
      }
    },
    "extensions": {}
  },
  "5": {
    "udp": {
      "probes": [
        {
          "rtt": 13837.095022201538,
          "from": "203.208.158.9",
          "reached": false
        }
      ],
      "stats": {
        "count": 1,
        "responses": 1,
        "loss": 0.0,
        "min": 13837.095022201538,
        "max": 13837.095022201538,
        "avg": 13837.095022201538
      }
    },
    "tcp": {
      "probes": [
        {
          "rtt": 13837.095975875854,
          "from": "203.208.158.9",
          "reached": false
        }
      ],
      "stats": {
        "count": 1,
        "responses": 1,
        "loss": 0.0,
        "min": 13837.095975875854,
        "max": 13837.095975875854,
        "avg": 13837.095975875854
      }
    },
    "icmp": {
      "probes": [
        {
          "rtt": 13837.093830108643,
          "from": "203.208.158.9",
          "reached": false
        }
      ],
      "stats": {
        "count": 1,
        "responses": 1,
        "loss": 0.0,
        "min": 13837.093830108643,
        "max": 13837.093830108643,
        "avg": 13837.093830108643
      }
    },
    "extensions": {}
  },
  "6": {
    "udp": {
      "probes": [
        {
          "rtt": 13736.513137817383,
          "from": "203.208.158.9",
          "reached": false
        }
      ],
      "stats": {
        "count": 1,
        "responses": 1,
        "loss": 0.0,
        "min": 13736.513137817383,
        "max": 13736.513137817383,
        "avg": 13736.513137817383
      }
    },
    "tcp": {
      "probes": [
        {
          "rtt": 13736.459970474243,
          "from": "203.208.158.9",
          "reached": false
        }
      ],
      "stats": {
        "count": 1,
        "responses": 1,
        "loss": 0.0,
        "min": 13736.459970474243,
        "max": 13736.459970474243,
        "avg": 13736.459970474243
      }
    },
    "icmp": {
      "probes": [
        {
          "rtt": 13736.446142196655,
          "from": "203.208.158.9",
          "reached": false
        }
      ],
      "stats": {
        "count": 1,
        "responses": 1,
        "loss": 0.0,
        "min": 13736.446142196655,
        "max": 13736.446142196655,
        "avg": 13736.446142196655
      }
    },
    "extensions": {}
  },
  "7": {
    "udp": {
      "probes": [
        {
          "rtt": 13632.885932922363,
          "from": "203.208.158.9",
          "reached": false
        }
      ],
      "stats": {
        "count": 1,
        "responses": 1,
        "loss": 0.0,
        "min": 13632.885932922363,
        "max": 13632.885932922363,
        "avg": 13632.885932922363
      }
    },
    "tcp": {
      "probes": [
        {
          "rtt": 13632.865190505981,
          "from": "203.208.158.9",
          "reached": false
        }
      ],
      "stats": {
        "count": 1,
        "responses": 1,
        "loss": 0.0,
        "min": 13632.865190505981,
        "max": 13632.865190505981,
        "avg": 13632.865190505981
      }
    },
    "icmp": {
      "probes": [
        {
          "rtt": 13632.846117019653,
          "from": "203.208.158.9",
          "reached": false
        }
      ],
      "stats": {
        "count": 1,
        "responses": 1,
        "loss": 0.0,
        "min": 13632.846117019653,
        "max": 13632.846117019653,
        "avg": 13632.846117019653
      }
    },
    "extensions": {}
  },
  "8": {
    "udp": {
      "probes": [
        {
          "rtt": 13528.564929962158,
          "from": "203.208.158.9",
          "reached": false
        }
      ],