{
  "1": {
    "udp": {
      "probes": [
        {
          "rtt": 14077.739000320435,
          "from": "10.213.33.25",
          "reached": false
        }
      ],
      "stats": {
        "count": 1,
        "responses": 1,
        "loss": 0.0,
        "min": 14077.739000320435,
        "max": 14077.739000320435,
        "avg": 14077.739000320435
      }
    },
    "tcp": {
      "probes": [
        {
          "rtt": 14106.00233078003,
          "from": "10.213.33.25",
          "reached": false
        }
      ],
      "stats": {
        "count": 1,
        "responses": 1,
        "loss": 0.0,
        "min": 14106.00233078003,
        "max": 14106.00233078003,
        "avg": 14106.00233078003
      }
    },
    "icmp": {
      "probes": [
        {
          "rtt": 14122.890949249268,
          "from": "10.213.33.25",
          "reached": false
        }
      ],
      "stats": {
        "count": 1,
        "responses": 1,
        "loss": 0.0,
        "min": 14122.890949249268,
        "max": 14122.890949249268,
        "avg": 14122.890949249268
      }
    },
    "extensions": {}
  },
  "2": {
    "udp": {
      "probes": [
        {
          "rtt": 14013.309001922607,
          "from": "10.213.33.25",
          "reached": false
        }
      ],
      "stats": {
        "count": 1,
        "responses": 1,
        "loss": 0.0,
        "min": 14013.309001922607,
        "max": 14013.309001922607,
        "avg": 14013.309001922607
      }
    },
    "tcp": {
      "probes": [
        {
          "rtt": 15269.04296875,
          "from": "10.213.32.33",
          "reached": false
        }
      ],
      "stats": {
        "count": 1,
        "responses": 1,
        "loss": 0.0,
        "min": 15269.04296875,
        "max": 15269.04296875,
        "avg": 15269.04296875
      }
    },
    "icmp": {
      "probes": [
        {
          "rtt": 15266.937255859375,
          "from": "10.213.32.33",
          "reached": false
        }
      ],
      "stats": {
        "count": 1,
        "responses": 1,
        "loss": 0.0,
        "min": 15266.937255859375,
        "max": 15266.937255859375,
        "avg": 15266.937255859375
      }
    },
    "extensions": {}
  },
  "metadata": {
    "series": [
      "udp",
      "tcp",
      "icmp"
    ],
    "target": "71.137.19.1",
    "protocol": "udp",
    "ip_version": "4",
    "timestamp": "2025-05-15 21:10:04",
    "reached_target": false
  }
}