{
  "1": {
    "udp": {
      "probes": [
        {
          "rtt": 12007.308006286621,
          "from": "10.213.33.25",
          "reached": false
        }
      ],
      "stats": {
        "count": 1,
        "responses": 1,
        "loss": 0.0,
        "min": 12007.308006286621,
        "max": 12007.308006286621,
        "avg": 12007.308006286621
      }
    },
    "tcp": {
      "probes": [
        {
          "rtt": 12029.853820800781,
          "from": "10.213.33.25",
          "reached": false
        }
      ],
      "stats": {
        "count": 1,
        "responses": 1,
        "loss": 0.0,
        "min": 12029.853820800781,
        "max": 12029.853820800781,
        "avg": 12029.853820800781
      }
    },
    "icmp": {
      "probes": [
        {
          "rtt": 12063.469886779785,
          "from": "10.213.33.25",
          "reached": false
        }
      ],
      "stats": {
        "count": 1,
        "responses": 1,
        "loss": 0.0,
        "min": 12063.469886779785,
        "max": 12063.469886779785,
        "avg": 12063.469886779785
      }
    },
    "extensions": {}
  },
  "2": {
    "udp": {
      "probes": [
        {
          "rtt": 11946.1350440979,
          "from": "10.213.33.25",
          "reached": false
        }
      ],
      "stats": {
        "count": 1,
        "responses": 1,
        "loss": 0.0,
        "min": 11946.1350440979,
        "max": 11946.1350440979,
        "avg": 11946.1350440979
      }
    },
    "tcp": {
      "probes": [
        {
          "rtt": 15417.073011398315,
          "from": "10.213.32.41",
          "reached": false
        }
      ],
      "stats": {
        "count": 1,
        "responses": 1,
        "loss": 0.0,
        "min": 15417.073011398315,
        "max": 15417.073011398315,
        "avg": 15417.073011398315
      }
    },
    "icmp": {
      "probes": [
        {
          "rtt": 21277.34684944153,
          "from": "10.213.32.41",
          "reached": false
        }
      ],
      "stats": {
        "count": 1,
        "responses": 1,
        "loss": 0.0,
        "min": 21277.34684944153,
        "max": 21277.34684944153,
        "avg": 21277.34684944153
      }
    },
    "extensions": {}
  },
  "metadata": {
    "series": [
      "udp",
      "tcp",
      "icmp"
    ],
    "target": "220.76.49.1",
    "protocol": "udp",
    "ip_version": "4",
    "timestamp": "2025-05-15 21:10:15",
    "reached_target": false
  }
}