{
  "1": {
    "udp": {
      "probes": [
        {
          "rtt": 15098.692178726196,
          "from": "129.250.2.27",
          "reached": false
        }
      ],
      "stats": {
        "count": 1,
        "responses": 1,
        "loss": 0.0,
        "min": 15098.692178726196,
        "max": 15098.692178726196,
        "avg": 15098.692178726196
      }
    },
    "tcp": {
      "probes": [
        {
          "rtt": 15047.701120376587,
          "from": "129.250.2.27",
          "reached": false
        }
      ],
      "stats": {
        "count": 1,
        "responses": 1,
        "loss": 0.0,
        "min": 15047.701120376587,
        "max": 15047.701120376587,
        "avg": 15047.701120376587
      }
    },
    "icmp": {
      "probes": [
        {
          "rtt": 15047.62315750122,
          "from": "129.250.2.27",
          "reached": false
        }
      ],
      "stats": {
        "count": 1,
        "responses": 1,
        "loss": 0.0,
        "min": 15047.62315750122,
        "max": 15047.62315750122,
        "avg": 15047.62315750122
      }
    },
    "extensions": {}
  },
  "2": {
    "udp": {
      "probes": [
        {
          "rtt": 14927.793979644775,
          "from": "129.250.2.27",
          "reached": false
        }
      ],
      "stats": {
        "count": 1,
        "responses": 1,
        "loss": 0.0,
        "min": 14927.793979644775,
        "max": 14927.793979644775,
        "avg": 14927.793979644775
      }
    },
    "tcp": {
      "probes": [
        {
          "rtt": 14927.790880203247,
          "from": "129.250.2.27",
          "reached": false
        }
      ],
      "stats": {
        "count": 1,
        "responses": 1,
        "loss": 0.0,
        "min": 14927.790880203247,
        "max": 14927.790880203247,
        "avg": 14927.790880203247
      }
    },
    "icmp": {
      "probes": [
        {
          "rtt": 14927.783966064453,
          "from": "129.250.2.27",
          "reached": false
        }
      ],
      "stats": {
        "count": 1,
        "responses": 1,
        "loss": 0.0,
        "min": 14927.783966064453,
        "max": 14927.783966064453,
        "avg": 14927.783966064453
      }
    },
    "extensions": {}
  },
  "3": {
    "udp": {
      "probes": [
        {
          "rtt": 14825.804948806763,
          "from": "129.250.2.27",
          "reached": false
        }
      ],
      "stats": {
        "count": 1,
        "responses": 1,
        "loss": 0.0,
        "min": 14825.804948806763,
        "max": 14825.804948806763,
        "avg": 14825.804948806763
      }
    },
    "tcp": {
      "probes": [
        {
          "rtt": 14825.80304145813,
          "from": "129.250.2.27",
          "reached": false
        }
      ],
      "stats": {
        "count": 1,
        "responses": 1,
        "loss": 0.0,
        "min": 14825.80304145813,
        "max": 14825.80304145813,
        "avg": 14825.80304145813
      }
    },
    "icmp": {
      "probes": [
        {
          "rtt": 14825.797080993652,
          "from": "129.250.2.27",
          "reached": false
        }
      ],
      "stats": {
        "count": 1,
        "responses": 1,
        "loss": 0.0,
        "min": 14825.797080993652,
        "max": 14825.797080993652,
        "avg": 14825.797080993652
      }
    },
    "extensions": {}
  },
  "4": {
    "udp": {
      "probes": [
        {
          "rtt": 14722.88990020752,
          "from": "129.250.2.27",
          "reached": false
        }
      ],
      "stats": {
        "count": 1,
        "responses": 1,
        "loss": 0.0,
        "min": 14722.88990020752,
        "max": 14722.88990020752,
        "avg": 14722.88990020752
      }
    },
    "tcp": {
      "probes": [
        {
          "rtt": 14722.852945327759,
          "from": "129.250.2.27",
          "reached": false
        }
      ],
      "stats": {
        "count": 1,
        "responses": 1,
        "loss": 0.0,
        "min": 14722.852945327759,
        "max": 14722.852945327759,
        "avg": 14722.852945327759
      }
    },
    "icmp": {
      "probes": [
        {
          "rtt": 14722.797870635986,
          "from": "129.250.2.27",
          "reached": false
        }
      ],
      "stats": {
        "count": 1,
        "responses": 1,
        "loss": 0.0,
        "min": 14722.797870635986,
        "max": 14722.797870635986,
        "avg": 14722.797870635986
      }
    },
    "extensions": {}
  },
  "5": {
    "udp": {
      "probes": [
        {
          "rtt": 14618.837833404541,
          "from": "129.250.2.27",
          "reached": false
        }
      ],
      "stats": {
        "count": 1,
        "responses": 1,
        "loss": 0.0,
        "min": 14618.837833404541,
        "max": 14618.837833404541,
        "avg": 14618.837833404541
      }
    },
    "tcp": {
      "probes": [
        {
          "rtt": 14618.834018707275,
          "from": "129.250.2.27",
          "reached": false
        }
      ],
      "stats": {
        "count": 1,
        "responses": 1,
        "loss": 0.0,
        "min": 14618.834018707275,
        "max": 14618.834018707275,
        "avg": 14618.834018707275
      }
    },
    "icmp": {
      "probes": [
        {
          "rtt": 14618.822813034058,
          "from": "129.250.2.27",
          "reached": false
        }
      ],
      "stats": {
        "count": 1,
        "responses": 1,
        "loss": 0.0,
        "min": 14618.822813034058,
        "max": 14618.822813034058,
        "avg": 14618.822813034058
      }
    },
    "extensions": {}
  },
  "6": {
    "udp": {
      "probes": [
        {
          "rtt": 14513.605117797852,
          "from": "129.250.2.27",
          "reached": false
        }
      ],
      "stats": {
        "count": 1,
        "responses": 1,
        "loss": 0.0,
        "min": 14513.605117797852,
        "max": 14513.605117797852,
        "avg": 14513.605117797852
      }
    },
    "tcp": {
      "probes": [
        {
          "rtt": 14513.57889175415,
          "from": "129.250.2.27",
          "reached": false
        }
      ],
      "stats": {
        "count": 1,
        "responses": 1,
        "loss": 0.0,
        "min": 14513.57889175415,
        "max": 14513.57889175415,
        "avg": 14513.57889175415
      }
    },
    "icmp": {
      "probes": [
        {
          "rtt": 14513.538837432861,
          "from": "129.250.2.27",
          "reached": false
        }
      ],
      "stats": {
        "count": 1,
        "responses": 1,
        "loss": 0.0,
        "min": 14513.538837432861,
        "max": 14513.538837432861,
        "avg": 14513.538837432861
      }
    },
    "extensions": {}
  },
  "7": {
    "udp": {
      "probes": [
        {
          "rtt": 14412.67204284668,
          "from": "129.250.2.27",
          "reached": false
        }
      ],
      "stats": {
        "count": 1,
        "responses": 1,
        "loss": 0.0,
        "min": 14412.67204284668,
        "max": 14412.67204284668,
        "avg": 14412.67204284668
      }
    },
    "tcp": {
      "probes": [
        {
          "rtt": 14412.532091140747,
          "from": "129.250.2.27",
          "reached": false
        }
      ],
      "stats": {
        "count": 1,
        "responses": 1,
        "loss": 0.0,
        "min": 14412.532091140747,
        "max": 14412.532091140747,
        "avg": 14412.532091140747
      }
    },
    "icmp": {
      "probes": [
        {
          "rtt": 14412.508726119995,
          "from": "129.250.2.27",
          "reached": false
        }
      ],
      "stats": {
        "count": 1,
        "responses": 1,
        "loss": 0.0,
        "min": 14412.508726119995,
        "max": 14412.508726119995,
        "avg": 14412.508726119995
      }
    },
    "extensions": {}
  },
  "8": {
    "udp": {
      "probes": [
        {
          "rtt": 14308.631181716919,
          "from": "129.250.2.27",
          "reached": false
        }
      ],
      "stats": {
        "count": 1,
        "responses": 1,