{
  "1": {
    "udp": {
      "probes": [
        {
          "rtt": 10864.367008209229,
          "from": "129.250.5.227",
          "reached": false
        }
      ],
      "stats": {
        "count": 1,
        "responses": 1,
        "loss": 0.0,
        "min": 10864.367008209229,
        "max": 10864.367008209229,
        "avg": 10864.367008209229
      }
    },
    "tcp": {
      "probes": [
        {
          "rtt": 10801.220893859863,
          "from": "129.250.5.227",
          "reached": false
        }
      ],
      "stats": {
        "count": 1,
        "responses": 1,
        "loss": 0.0,
        "min": 10801.220893859863,
        "max": 10801.220893859863,
        "avg": 10801.220893859863
      }
    },
    "icmp": {
      "probes": [
        {
          "rtt": 10801.224946975708,
          "from": "129.250.5.227",
          "reached": false
        }
      ],
      "stats": {
        "count": 1,
        "responses": 1,
        "loss": 0.0,
        "min": 10801.224946975708,
        "max": 10801.224946975708,
        "avg": 10801.224946975708
      }
    },
    "extensions": {}
  },
  "2": {
    "udp": {
      "probes": [
        {
          "rtt": 10678.107023239136,
          "from": "129.250.5.227",
          "reached": false
        }
      ],
      "stats": {
        "count": 1,
        "responses": 1,
        "loss": 0.0,
        "min": 10678.107023239136,
        "max": 10678.107023239136,
        "avg": 10678.107023239136
      }
    },
    "tcp": {
      "probes": [
        {
          "rtt": 10678.060054779053,
          "from": "129.250.5.227",
          "reached": false
        }
      ],
      "stats": {
        "count": 1,
        "responses": 1,
        "loss": 0.0,
        "min": 10678.060054779053,
        "max": 10678.060054779053,
        "avg": 10678.060054779053
      }
    },
    "icmp": {
      "probes": [
        {
          "rtt": 10678.068161010742,
          "from": "129.250.5.227",
          "reached": false
        }
      ],
      "stats": {
        "count": 1,
        "responses": 1,
        "loss": 0.0,
        "min": 10678.068161010742,
        "max": 10678.068161010742,
        "avg": 10678.068161010742
      }
    },
    "extensions": {}
  },
  "3": {
    "udp": {
      "probes": [
        {
          "rtt": 10577.11410522461,
          "from": "129.250.5.227",
          "reached": false
        }
      ],
      "stats": {
        "count": 1,
        "responses": 1,
        "loss": 0.0,
        "min": 10577.11410522461,
        "max": 10577.11410522461,
        "avg": 10577.11410522461
      }
    },
    "tcp": {
      "probes": [
        {
          "rtt": 10578.648090362549,
          "from": "129.250.5.227",
          "reached": false
        }
      ],
      "stats": {
        "count": 1,
        "responses": 1,
        "loss": 0.0,
        "min": 10578.648090362549,
        "max": 10578.648090362549,
        "avg": 10578.648090362549
      }
    },
    "icmp": {
      "probes": [
        {
          "rtt": 11761.10291481018,
          "from": "129.250.5.227",
          "reached": false
        }
      ],
      "stats": {
        "count": 1,
        "responses": 1,
        "loss": 0.0,
        "min": 11761.10291481018,
        "max": 11761.10291481018,
        "avg": 11761.10291481018
      }
    },
    "extensions": {}
  },
  "4": {
    "udp": {
      "probes": [
        {
          "rtt": 11659.151315689087,
          "from": "129.250.5.227",
          "reached": false
        }
      ],
      "stats": {
        "count": 1,
        "responses": 1,
        "loss": 0.0,
        "min": 11659.151315689087,
        "max": 11659.151315689087,
        "avg": 11659.151315689087
      }
    },
    "tcp": {
      "probes": [
        {
          "rtt": 11659.16109085083,
          "from": "129.250.5.227",
          "reached": false
        }
      ],
      "stats": {
        "count": 1,
        "responses": 1,
        "loss": 0.0,
        "min": 11659.16109085083,
        "max": 11659.16109085083,
        "avg": 11659.16109085083
      }
    },
    "icmp": {
      "probes": [
        {
          "rtt": 11659.162044525146,
          "from": "129.250.5.227",
          "reached": false
        }
      ],
      "stats": {
        "count": 1,
        "responses": 1,
        "loss": 0.0,
        "min": 11659.162044525146,
        "max": 11659.162044525146,
        "avg": 11659.162044525146
      }
    },
    "extensions": {}
  },
  "5": {
    "udp": {
      "probes": [
        {
          "rtt": 11555.888175964355,
          "from": "129.250.5.227",
          "reached": false
        }
      ],
      "stats": {
        "count": 1,
        "responses": 1,
        "loss": 0.0,
        "min": 11555.888175964355,
        "max": 11555.888175964355,
        "avg": 11555.888175964355
      }
    },
    "tcp": {
      "probes": [
        {
          "rtt": 11555.827140808105,
          "from": "129.250.5.227",
          "reached": false
        }
      ],
      "stats": {
        "count": 1,
        "responses": 1,
        "loss": 0.0,
        "min": 11555.827140808105,
        "max": 11555.827140808105,
        "avg": 11555.827140808105
      }
    },
    "icmp": {
      "probes": [
        {
          "rtt": 11555.820941925049,
          "from": "129.250.5.227",
          "reached": false
        }
      ],
      "stats": {
        "count": 1,
        "responses": 1,
        "loss": 0.0,
        "min": 11555.820941925049,
        "max": 11555.820941925049,
        "avg": 11555.820941925049
      }
    },
    "extensions": {}
  },
  "6": {
    "udp": {
      "probes": [
        {
          "rtt": 11452.039957046509,
          "from": "129.250.5.227",
          "reached": false
        }
      ],
      "stats": {
        "count": 1,
        "responses": 1,
        "loss": 0.0,
        "min": 11452.039957046509,
        "max": 11452.039957046509,
        "avg": 11452.039957046509
      }
    },
    "tcp": {
      "probes": [
        {
          "rtt": 11451.96008682251,
          "from": "129.250.5.227",
          "reached": false
        }
      ],
      "stats": {
        "count": 1,
        "responses": 1,
        "loss": 0.0,
        "min": 11451.96008682251,
        "max": 11451.96008682251,
        "avg": 11451.96008682251
      }
    },
    "icmp": {
      "probes": [
        {
          "rtt": 11451.962947845459,
          "from": "129.250.5.227",
          "reached": false
        }
      ],
      "stats": {
        "count": 1,
        "responses": 1,
        "loss": 0.0,
        "min": 11451.962947845459,
        "max": 11451.962947845459,
        "avg": 11451.962947845459
      }
    },
    "extensions": {}
  },
  "7": {
    "udp": {
      "probes": [
        {
          "rtt": 11351.152896881104,
          "from": "129.250.5.227",
          "reached": false
        }
      ],
      "stats": {
        "count": 1,
        "responses": 1,
        "loss": 0.0,
        "min": 11351.152896881104,
        "max": 11351.152896881104,
        "avg": 11351.152896881104
      }
    },
    "tcp": {
      "probes": [
        {
          "rtt": 11351.065158843994,
          "from": "129.250.5.227",
          "reached": false
        }
      ],
      "stats": {
        "count": 1,
        "responses": 1,
        "loss": 0.0,
        "min": 11351.065158843994,
        "max": 11351.065158843994,
        "avg": 11351.065158843994
      }
    },
    "icmp": {
      "probes": [
        {
          "rtt": 11352.647066116333,
          "from": "129.250.5.227",
          "reached": false
        }
      ],
      "stats": {
        "count": 1,
        "responses": 1,
        "loss": 0.0,
        "min": 11352.647066116333,
        "max": 11352.647066116333,
        "avg": 11352.647066116333
      }
    },
    "extensions": {}
  },
  "8": {
    "udp": {
      "probes": [
        {
          "rtt": 11253.586769104004,
          "from": "129.250.5.227",
          "reached": false
        }
      ],