{
  "1": {
    "udp": {
      "probes": [
        {
          "rtt": 8766.514778137207,
          "from": "10.213.33.33",
          "reached": false
        }
      ],
      "stats": {
        "count": 1,
        "responses": 1,
        "loss": 0.0,
        "min": 8766.514778137207,
        "max": 8766.514778137207,
        "avg": 8766.514778137207
      }
    },
    "tcp": {
      "probes": [
        {
          "rtt": 8777.82416343689,
          "from": "10.213.33.33",
          "reached": false
        }
      ],
      "stats": {
        "count": 1,
        "responses": 1,
        "loss": 0.0,
        "min": 8777.82416343689,
        "max": 8777.82416343689,
        "avg": 8777.82416343689
      }
    },
    "icmp": {
      "probes": [
        {
          "rtt": 8781.404256820679,
          "from": "10.213.33.33",
          "reached": false
        }
      ],
      "stats": {
        "count": 1,
        "responses": 1,
        "loss": 0.0,
        "min": 8781.404256820679,
        "max": 8781.404256820679,
        "avg": 8781.404256820679
      }
    },
    "extensions": {}
  },
  "2": {
    "udp": {
      "probes": [
        {
          "rtt": 8674.301147460938,
          "from": "10.213.33.33",
          "reached": false
        }
      ],
      "stats": {
        "count": 1,
        "responses": 1,
        "loss": 0.0,
        "min": 8674.301147460938,
        "max": 8674.301147460938,
        "avg": 8674.301147460938
      }
    },
    "tcp": {
      "probes": [
        {
          "rtt": 15397.296905517578,
          "from": "10.213.32.41",
          "reached": false
        }
      ],
      "stats": {
        "count": 1,
        "responses": 1,
        "loss": 0.0,
        "min": 15397.296905517578,
        "max": 15397.296905517578,
        "avg": 15397.296905517578
      }
    },
    "icmp": {
      "probes": [
        {
          "rtt": 15406.930923461914,
          "from": "10.213.32.41",
          "reached": false
        }
      ],
      "stats": {
        "count": 1,
        "responses": 1,
        "loss": 0.0,
        "min": 15406.930923461914,
        "max": 15406.930923461914,
        "avg": 15406.930923461914
      }
    },
    "extensions": {}
  },
  "metadata": {
    "series": [
      "udp",
      "tcp",
      "icmp"
    ],
    "target": "14.65.64.1",
    "protocol": "udp",
    "ip_version": "4",
    "timestamp": "2025-05-15 21:10:13",
    "reached_target": false
  }
}