{
  "1": {
    "udp": {
      "probes": [
        {
          "rtt": 22151.16786956787,
          "from": "129.250.2.123",
          "reached": false
        }
      ],
      "stats": {
        "count": 1,
        "responses": 1,
        "loss": 0.0,
        "min": 22151.16786956787,
        "max": 22151.16786956787,
        "avg": 22151.16786956787
      }
    },
    "tcp": {
      "probes": [
        {
          "rtt": 22101.457118988037,
          "from": "129.250.2.123",
          "reached": false
        }
      ],
      "stats": {
        "count": 1,
        "responses": 1,
        "loss": 0.0,
        "min": 22101.457118988037,
        "max": 22101.457118988037,
        "avg": 22101.457118988037
      }
    },
    "icmp": {
      "probes": [
        {
          "rtt": 22087.940216064453,
          "from": "129.250.2.123",
          "reached": false
        }
      ],
      "stats": {
        "count": 1,
        "responses": 1,
        "loss": 0.0,
        "min": 22087.940216064453,
        "max": 22087.940216064453,
        "avg": 22087.940216064453
      }
    },
    "extensions": {}
  },
  "2": {
    "udp": {
      "probes": [
        {
          "rtt": 21950.100898742676,
          "from": "129.250.2.123",
          "reached": false
        }
      ],
      "stats": {
        "count": 1,
        "responses": 1,
        "loss": 0.0,
        "min": 21950.100898742676,
        "max": 21950.100898742676,
        "avg": 21950.100898742676
      }
    },
    "tcp": {
      "probes": [
        {
          "rtt": 21924.806356430054,
          "from": "129.250.2.123",
          "reached": false
        }
      ],
      "stats": {
        "count": 1,
        "responses": 1,
        "loss": 0.0,
        "min": 21924.806356430054,
        "max": 21924.806356430054,
        "avg": 21924.806356430054
      }
    },
    "icmp": {
      "probes": [
        {
          "rtt": 21924.08585548401,
          "from": "129.250.2.123",
          "reached": false
        }
      ],
      "stats": {
        "count": 1,
        "responses": 1,
        "loss": 0.0,
        "min": 21924.08585548401,
        "max": 21924.08585548401,
        "avg": 21924.08585548401
      }
    },
    "extensions": {}
  },
  "3": {
    "udp": {
      "probes": [
        {
          "rtt": 21780.699253082275,
          "from": "129.250.2.123",
          "reached": false
        }
      ],
      "stats": {
        "count": 1,
        "responses": 1,
        "loss": 0.0,
        "min": 21780.699253082275,
        "max": 21780.699253082275,
        "avg": 21780.699253082275
      }
    },
    "tcp": {
      "probes": [
        {
          "rtt": 21778.08713912964,
          "from": "129.250.2.123",
          "reached": false
        }
      ],
      "stats": {
        "count": 1,
        "responses": 1,
        "loss": 0.0,
        "min": 21778.08713912964,
        "max": 21778.08713912964,
        "avg": 21778.08713912964
      }
    },
    "icmp": {
      "probes": [
        {
          "rtt": 21773.592233657837,
          "from": "129.250.2.123",
          "reached": false
        }
      ],
      "stats": {
        "count": 1,
        "responses": 1,
        "loss": 0.0,
        "min": 21773.592233657837,
        "max": 21773.592233657837,
        "avg": 21773.592233657837
      }
    },
    "extensions": {}
  },
  "4": {
    "udp": {
      "probes": [
        {
          "rtt": 21664.81876373291,
          "from": "129.250.2.123",
          "reached": false
        }
      ],
      "stats": {
        "count": 1,
        "responses": 1,
        "loss": 0.0,
        "min": 21664.81876373291,
        "max": 21664.81876373291,
        "avg": 21664.81876373291
      }
    },
    "tcp": {
      "probes": [
        {
          "rtt": 21663.95592689514,
          "from": "129.250.2.123",
          "reached": false
        }
      ],
      "stats": {
        "count": 1,
        "responses": 1,
        "loss": 0.0,
        "min": 21663.95592689514,
        "max": 21663.95592689514,
        "avg": 21663.95592689514
      }
    },
    "icmp": {
      "probes": [
        {
          "rtt": 21662.968158721924,
          "from": "129.250.2.123",
          "reached": false
        }
      ],
      "stats": {
        "count": 1,
        "responses": 1,
        "loss": 0.0,
        "min": 21662.968158721924,
        "max": 21662.968158721924,
        "avg": 21662.968158721924
      }
    },
    "extensions": {}
  },
  "5": {
    "udp": {
      "probes": [
        {
          "rtt": 21562.389135360718,
          "from": "129.250.2.123",
          "reached": false
        }
      ],
      "stats": {
        "count": 1,
        "responses": 1,
        "loss": 0.0,
        "min": 21562.389135360718,
        "max": 21562.389135360718,
        "avg": 21562.389135360718
      }
    },
    "tcp": {
      "probes": [
        {
          "rtt": 21561.689138412476,
          "from": "129.250.2.123",
          "reached": false
        }
      ],
      "stats": {
        "count": 1,
        "responses": 1,
        "loss": 0.0,
        "min": 21561.689138412476,
        "max": 21561.689138412476,
        "avg": 21561.689138412476
      }
    },
    "icmp": {
      "probes": [
        {
          "rtt": 21561.676740646362,
          "from": "129.250.2.123",
          "reached": false
        }
      ],
      "stats": {
        "count": 1,
        "responses": 1,
        "loss": 0.0,
        "min": 21561.676740646362,
        "max": 21561.676740646362,
        "avg": 21561.676740646362
      }
    },
    "extensions": {}
  },
  "6": {
    "udp": {
      "probes": [
        {
          "rtt": 21459.41996574402,
          "from": "129.250.2.123",
          "reached": false
        }
      ],
      "stats": {
        "count": 1,
        "responses": 1,
        "loss": 0.0,
        "min": 21459.41996574402,
        "max": 21459.41996574402,
        "avg": 21459.41996574402
      }
    },
    "tcp": {
      "probes": [
        {
          "rtt": 21459.288835525513,
          "from": "129.250.2.123",
          "reached": false
        }
      ],
      "stats": {
        "count": 1,
        "responses": 1,
        "loss": 0.0,
        "min": 21459.288835525513,
        "max": 21459.288835525513,
        "avg": 21459.288835525513
      }
    },
    "icmp": {
      "probes": [
        {
          "rtt": 21459.278106689453,
          "from": "129.250.2.123",
          "reached": false
        }
      ],
      "stats": {
        "count": 1,
        "responses": 1,
        "loss": 0.0,
        "min": 21459.278106689453,
        "max": 21459.278106689453,
        "avg": 21459.278106689453
      }
    },
    "extensions": {}
  },
  "7": {
    "udp": {
      "probes": [
        {
          "rtt": 21354.87413406372,
          "from": "129.250.2.123",
          "reached": false
        }
      ],
      "stats": {
        "count": 1,
        "responses": 1,
        "loss": 0.0,
        "min": 21354.87413406372,
        "max": 21354.87413406372,
        "avg": 21354.87413406372
      }
    },
    "tcp": {
      "probes": [
        {
          "rtt": 21354.74991798401,
          "from": "129.250.2.123",
          "reached": false
        }
      ],
      "stats": {
        "count": 1,
        "responses": 1,
        "loss": 0.0,
        "min": 21354.74991798401,
        "max": 21354.74991798401,
        "avg": 21354.74991798401
      }
    },
    "icmp": {
      "probes": [
        {
          "rtt": 21354.55274581909,
          "from": "129.250.2.123",
          "reached": false
        }
      ],
      "stats": {
        "count": 1,
        "responses": 1,
        "loss": 0.0,
        "min": 21354.55274581909,
        "max": 21354.55274581909,
        "avg": 21354.55274581909
      }
    },
    "extensions": {}
  },
  "8": {
    "udp": {
      "probes": [
        {
          "rtt": 21250.444173812866,
          "from": "129.250.2.123",
          "reached": false
        }
      ],
      "stats": {
        "count": 1,