{
  "1": {
    "udp": {
      "probes": [
        {
          "rtt": 13438.368082046509,
          "from": "117.124.130.9",
          "reached": false
        }
      ],
      "stats": {
        "count": 1,
        "responses": 1,
        "loss": 0.0,
        "min": 13438.368082046509,
        "max": 13438.368082046509,
        "avg": 13438.368082046509
      }
    },
    "tcp": {
      "probes": [
        {
          "rtt": 13374.927759170532,
          "from": "117.124.130.9",
          "reached": false
        }
      ],
      "stats": {
        "count": 1,
        "responses": 1,
        "loss": 0.0,
        "min": 13374.927759170532,
        "max": 13374.927759170532,
        "avg": 13374.927759170532
      }
    },
    "icmp": {
      "probes": [
        {
          "rtt": 13373.839139938354,
          "from": "117.124.130.9",
          "reached": false
        }
      ],
      "stats": {
        "count": 1,
        "responses": 1,
        "loss": 0.0,
        "min": 13373.839139938354,
        "max": 13373.839139938354,
        "avg": 13373.839139938354
      }
    },
    "extensions": {}
  },
  "2": {
    "udp": {
      "probes": [
        {
          "rtt": 13248.748064041138,
          "from": "117.124.130.9",
          "reached": false
        }
      ],
      "stats": {
        "count": 1,
        "responses": 1,
        "loss": 0.0,
        "min": 13248.748064041138,
        "max": 13248.748064041138,
        "avg": 13248.748064041138
      }
    },
    "tcp": {
      "probes": [
        {
          "rtt": 13248.977899551392,
          "from": "117.124.130.9",
          "reached": false
        }
      ],
      "stats": {
        "count": 1,
        "responses": 1,
        "loss": 0.0,
        "min": 13248.977899551392,
        "max": 13248.977899551392,
        "avg": 13248.977899551392
      }
    },
    "icmp": {
      "probes": [
        {
          "rtt": 13249.751091003418,
          "from": "117.124.130.9",
          "reached": false
        }
      ],
      "stats": {
        "count": 1,
        "responses": 1,
        "loss": 0.0,
        "min": 13249.751091003418,
        "max": 13249.751091003418,
        "avg": 13249.751091003418
      }
    },
    "extensions": {}
  },
  "3": {
    "udp": {
      "probes": [
        {
          "rtt": 13145.484685897827,
          "from": "117.124.130.9",
          "reached": false
        }
      ],
      "stats": {
        "count": 1,
        "responses": 1,
        "loss": 0.0,
        "min": 13145.484685897827,
        "max": 13145.484685897827,
        "avg": 13145.484685897827
      }
    },
    "tcp": {
      "probes": [
        {
          "rtt": 13145.365953445435,
          "from": "117.124.130.9",
          "reached": false
        }
      ],
      "stats": {
        "count": 1,
        "responses": 1,
        "loss": 0.0,
        "min": 13145.365953445435,
        "max": 13145.365953445435,
        "avg": 13145.365953445435
      }
    },
    "icmp": {
      "probes": [
        {
          "rtt": 13145.840883255005,
          "from": "117.124.130.9",
          "reached": false
        }
      ],
      "stats": {
        "count": 1,
        "responses": 1,
        "loss": 0.0,
        "min": 13145.840883255005,
        "max": 13145.840883255005,
        "avg": 13145.840883255005
      }
    },
    "extensions": {}
  },
  "4": {
    "udp": {
      "probes": [
        {
          "rtt": 13044.117212295532,
          "from": "117.124.130.9",
          "reached": false
        }
      ],
      "stats": {
        "count": 1,
        "responses": 1,
        "loss": 0.0,
        "min": 13044.117212295532,
        "max": 13044.117212295532,
        "avg": 13044.117212295532
      }
    },
    "tcp": {
      "probes": [
        {
          "rtt": 13044.137954711914,
          "from": "117.124.130.9",
          "reached": false
        }
      ],
      "stats": {
        "count": 1,
        "responses": 1,
        "loss": 0.0,
        "min": 13044.137954711914,
        "max": 13044.137954711914,
        "avg": 13044.137954711914
      }
    },
    "icmp": {
      "probes": [
        {
          "rtt": 13044.471740722656,
          "from": "117.124.130.9",
          "reached": false
        }
      ],
      "stats": {
        "count": 1,
        "responses": 1,
        "loss": 0.0,
        "min": 13044.471740722656,
        "max": 13044.471740722656,
        "avg": 13044.471740722656
      }
    },
    "extensions": {}
  },
  "5": {
    "udp": {
      "probes": [
        {
          "rtt": 12939.435958862305,
          "from": "117.124.130.9",
          "reached": false
        }
      ],
      "stats": {
        "count": 1,
        "responses": 1,
        "loss": 0.0,
        "min": 12939.435958862305,
        "max": 12939.435958862305,
        "avg": 12939.435958862305
      }
    },
    "tcp": {
      "probes": [
        {
          "rtt": 12940.655946731567,
          "from": "117.124.130.9",
          "reached": false
        }
      ],
      "stats": {
        "count": 1,
        "responses": 1,
        "loss": 0.0,
        "min": 12940.655946731567,
        "max": 12940.655946731567,
        "avg": 12940.655946731567
      }
    },
    "icmp": {
      "probes": [
        {
          "rtt": 12941.214084625244,
          "from": "117.124.130.9",
          "reached": false
        }
      ],
      "stats": {
        "count": 1,
        "responses": 1,
        "loss": 0.0,
        "min": 12941.214084625244,
        "max": 12941.214084625244,
        "avg": 12941.214084625244
      }
    },
    "extensions": {}
  },
  "6": {
    "udp": {
      "probes": [
        {
          "rtt": 12837.060928344727,
          "from": "117.124.130.9",
          "reached": false
        }
      ],
      "stats": {
        "count": 1,
        "responses": 1,
        "loss": 0.0,
        "min": 12837.060928344727,
        "max": 12837.060928344727,
        "avg": 12837.060928344727
      }
    },
    "tcp": {
      "probes": [
        {
          "rtt": 13606.282949447632,
          "from": "117.124.130.9",
          "reached": false
        }
      ],
      "stats": {
        "count": 1,
        "responses": 1,
        "loss": 0.0,
        "min": 13606.282949447632,
        "max": 13606.282949447632,
        "avg": 13606.282949447632
      }
    },
    "icmp": {
      "probes": [
        {
          "rtt": 13607.670068740845,
          "from": "117.124.130.9",
          "reached": false
        }
      ],
      "stats": {
        "count": 1,
        "responses": 1,
        "loss": 0.0,
        "min": 13607.670068740845,
        "max": 13607.670068740845,
        "avg": 13607.670068740845
      }
    },
    "extensions": {}
  },
  "7": {
    "udp": {
      "probes": [
        {
          "rtt": 13502.9456615448,
          "from": "117.124.130.9",
          "reached": false
        }
      ],
      "stats": {
        "count": 1,
        "responses": 1,
        "loss": 0.0,
        "min": 13502.9456615448,
        "max": 13502.9456615448,
        "avg": 13502.9456615448
      }
    },
    "tcp": {
      "probes": [
        {
          "rtt": 13502.910137176514,
          "from": "117.124.130.9",
          "reached": false
        }
      ],
      "stats": {
        "count": 1,
        "responses": 1,
        "loss": 0.0,
        "min": 13502.910137176514,
        "max": 13502.910137176514,
        "avg": 13502.910137176514
      }
    },
    "icmp": {
      "probes": [
        {
          "rtt": 13502.905130386353,
          "from": "117.124.130.9",
          "reached": false
        }
      ],
      "stats": {
        "count": 1,
        "responses": 1,
        "loss": 0.0,
        "min": 13502.905130386353,
        "max": 13502.905130386353,
        "avg": 13502.905130386353
      }
    },
    "extensions": {}
  },
  "8": {
    "udp": {
      "probes": [
        {
          "rtt": 13398.502826690674,
          "from": "117.124.130.9",
          "reached": false
        }
      ],