{
  "1": {
    "udp": {
      "probes": [
        {
          "rtt": 11845.58892250061,
          "from": "10.222.11.174",
          "reached": false
        }
      ],
      "stats": {
        "count": 1,
        "responses": 1,
        "loss": 0.0,
        "min": 11845.58892250061,
        "max": 11845.58892250061,
        "avg": 11845.58892250061
      }
    },
    "tcp": {
      "probes": [
        {
          "rtt": 11792.03486442566,
          "from": "10.222.11.174",
          "reached": false
        }
      ],
      "stats": {
        "count": 1,
        "responses": 1,
        "loss": 0.0,
        "min": 11792.03486442566,
        "max": 11792.03486442566,
        "avg": 11792.03486442566
      }
    },
    "icmp": {
      "probes": [
        {
          "rtt": 11792.021989822388,
          "from": "10.222.11.174",
          "reached": false
        }
      ],
      "stats": {
        "count": 1,
        "responses": 1,
        "loss": 0.0,
        "min": 11792.021989822388,
        "max": 11792.021989822388,
        "avg": 11792.021989822388
      }
    },
    "extensions": {}
  },
  "2": {
    "udp": {
      "probes": [
        {
          "rtt": 11670.074939727783,
          "from": "10.222.11.174",
          "reached": false
        }
      ],
      "stats": {
        "count": 1,
        "responses": 1,
        "loss": 0.0,
        "min": 11670.074939727783,
        "max": 11670.074939727783,
        "avg": 11670.074939727783
      }
    },
    "tcp": {
      "probes": [
        {
          "rtt": 11670.066118240356,
          "from": "10.222.11.174",
          "reached": false
        }
      ],
      "stats": {
        "count": 1,
        "responses": 1,
        "loss": 0.0,
        "min": 11670.066118240356,
        "max": 11670.066118240356,
        "avg": 11670.066118240356
      }
    },
    "icmp": {
      "probes": [
        {
          "rtt": 11670.05705833435,
          "from": "10.222.11.174",
          "reached": false
        }
      ],
      "stats": {
        "count": 1,
        "responses": 1,
        "loss": 0.0,
        "min": 11670.05705833435,
        "max": 11670.05705833435,
        "avg": 11670.05705833435
      }
    },
    "extensions": {}
  },
  "3": {
    "udp": {
      "probes": [
        {
          "rtt": 11565.629243850708,
          "from": "10.222.11.174",
          "reached": false
        }
      ],
      "stats": {
        "count": 1,
        "responses": 1,
        "loss": 0.0,
        "min": 11565.629243850708,
        "max": 11565.629243850708,
        "avg": 11565.629243850708
      }
    },
    "tcp": {
      "probes": [
        {
          "rtt": 11565.625190734863,
          "from": "10.222.11.174",
          "reached": false
        }
      ],
      "stats": {
        "count": 1,
        "responses": 1,
        "loss": 0.0,
        "min": 11565.625190734863,
        "max": 11565.625190734863,
        "avg": 11565.625190734863
      }
    },
    "icmp": {
      "probes": [
        {
          "rtt": 11565.6099319458,
          "from": "10.222.11.174",
          "reached": false
        }
      ],
      "stats": {
        "count": 1,
        "responses": 1,
        "loss": 0.0,
        "min": 11565.6099319458,
        "max": 11565.6099319458,
        "avg": 11565.6099319458
      }
    },
    "extensions": {}
  },
  "4": {
    "udp": {
      "probes": [
        {
          "rtt": 11463.258981704712,
          "from": "10.222.11.174",
          "reached": false
        }
      ],
      "stats": {
        "count": 1,
        "responses": 1,
        "loss": 0.0,
        "min": 11463.258981704712,
        "max": 11463.258981704712,
        "avg": 11463.258981704712
      }
    },
    "tcp": {
      "probes": [
        {
          "rtt": 11463.229894638062,
          "from": "10.222.11.174",
          "reached": false
        }
      ],
      "stats": {
        "count": 1,
        "responses": 1,
        "loss": 0.0,
        "min": 11463.229894638062,
        "max": 11463.229894638062,
        "avg": 11463.229894638062
      }
    },
    "icmp": {
      "probes": [
        {
          "rtt": 11463.235855102539,
          "from": "10.222.11.174",
          "reached": false
        }
      ],
      "stats": {
        "count": 1,
        "responses": 1,
        "loss": 0.0,
        "min": 11463.235855102539,
        "max": 11463.235855102539,
        "avg": 11463.235855102539
      }
    },
    "extensions": {}
  },
  "5": {
    "udp": {
      "probes": [
        {
          "rtt": 11358.942031860352,
          "from": "10.222.11.174",
          "reached": false
        }
      ],
      "stats": {
        "count": 1,
        "responses": 1,
        "loss": 0.0,
        "min": 11358.942031860352,
        "max": 11358.942031860352,
        "avg": 11358.942031860352
      }
    },
    "tcp": {
      "probes": [
        {
          "rtt": 11358.9346408844,
          "from": "10.222.11.174",
          "reached": false
        }
      ],
      "stats": {
        "count": 1,
        "responses": 1,
        "loss": 0.0,
        "min": 11358.9346408844,
        "max": 11358.9346408844,
        "avg": 11358.9346408844
      }
    },
    "icmp": {
      "probes": [
        {
          "rtt": 11358.927011489868,
          "from": "10.222.11.174",
          "reached": false
        }
      ],
      "stats": {
        "count": 1,
        "responses": 1,
        "loss": 0.0,
        "min": 11358.927011489868,
        "max": 11358.927011489868,
        "avg": 11358.927011489868
      }
    },
    "extensions": {}
  },
  "6": {
    "udp": {
      "probes": [
        {
          "rtt": 11255.527973175049,
          "from": "10.222.11.174",
          "reached": false
        }
      ],
      "stats": {
        "count": 1,
        "responses": 1,
        "loss": 0.0,
        "min": 11255.527973175049,
        "max": 11255.527973175049,
        "avg": 11255.527973175049
      }
    },
    "tcp": {
      "probes": [
        {
          "rtt": 11255.521059036255,
          "from": "10.222.11.174",
          "reached": false
        }
      ],
      "stats": {
        "count": 1,
        "responses": 1,
        "loss": 0.0,
        "min": 11255.521059036255,
        "max": 11255.521059036255,
        "avg": 11255.521059036255
      }
    },
    "icmp": {
      "probes": [
        {
          "rtt": 11255.507946014404,
          "from": "10.222.11.174",
          "reached": false
        }
      ],
      "stats": {
        "count": 1,
        "responses": 1,
        "loss": 0.0,
        "min": 11255.507946014404,
        "max": 11255.507946014404,
        "avg": 11255.507946014404
      }
    },
    "extensions": {}
  },
  "7": {
    "udp": {
      "probes": [
        {
          "rtt": 11155.291080474854,
          "from": "10.222.11.174",
          "reached": false
        }
      ],
      "stats": {
        "count": 1,
        "responses": 1,
        "loss": 0.0,
        "min": 11155.291080474854,
        "max": 11155.291080474854,
        "avg": 11155.291080474854
      }
    },
    "tcp": {
      "probes": [
        {
          "rtt": 11155.279159545898,
          "from": "10.222.11.174",
          "reached": false
        }
      ],
      "stats": {
        "count": 1,
        "responses": 1,
        "loss": 0.0,
        "min": 11155.279159545898,
        "max": 11155.279159545898,
        "avg": 11155.279159545898
      }
    },
    "icmp": {
      "probes": [
        {
          "rtt": 11155.295848846436,
          "from": "10.222.11.174",
          "reached": false
        }
      ],
      "stats": {
        "count": 1,
        "responses": 1,
        "loss": 0.0,
        "min": 11155.295848846436,
        "max": 11155.295848846436,
        "avg": 11155.295848846436
      }
    },
    "extensions": {}
  },
  "8": {
    "udp": {
      "probes": [
        {
          "rtt": 11052.062034606934,
          "from": "10.222.11.174",
          "reached": false
        }
      ],
      "stats": {
        "count": 1,