{
  "1": {
    "udp": {
      "probes": [
        {
          "rtt": 30873.186111450195,
          "from": "10.213.32.33",
          "reached": false
        }
      ],
      "stats": {
        "count": 1,
        "responses": 1,
        "loss": 0.0,
        "min": 30873.186111450195,
        "max": 30873.186111450195,
        "avg": 30873.186111450195
      }
    },
    "tcp": {
      "probes": [
        {
          "rtt": 31247.411251068115,
          "from": "10.213.32.33",
          "reached": false
        }
      ],
      "stats": {
        "count": 1,
        "responses": 1,
        "loss": 0.0,
        "min": 31247.411251068115,
        "max": 31247.411251068115,
        "avg": 31247.411251068115
      }
    },
    "icmp": {
      "probes": [
        {
          "rtt": 33499.06015396118,
          "from": "10.213.32.14",
          "reached": false
        }
      ],
      "stats": {
        "count": 1,
        "responses": 1,
        "loss": 0.0,
        "min": 33499.06015396118,
        "max": 33499.06015396118,
        "avg": 33499.06015396118
      }
    },
    "extensions": {}
  },
  "2": {
    "udp": {
      "probes": [
        {
          "rtt": 33351.033210754395,
          "from": "10.213.32.14",
          "reached": false
        }
      ],
      "stats": {
        "count": 1,
        "responses": 1,
        "loss": 0.0,
        "min": 33351.033210754395,
        "max": 33351.033210754395,
        "avg": 33351.033210754395
      }
    },
    "tcp": {
      "probes": [],
      "stats": {}
    },
    "icmp": {
      "probes": [],
      "stats": {}
    },
    "extensions": {}
  },
  "metadata": {
    "series": [
      "udp",
      "tcp",
      "icmp"
    ],
    "target": "175.49.116.1",
    "protocol": "udp",
    "ip_version": "4",
    "timestamp": "2025-05-15 17:01:32",
    "reached_target": false
  }
}