{
  "1": {
    "udp": {
      "probes": [
        {
          "rtt": 10845.387935638428,
          "from": "10.213.33.33",
          "reached": false
        }
      ],
      "stats": {
        "count": 1,
        "responses": 1,
        "loss": 0.0,
        "min": 10845.387935638428,
        "max": 10845.387935638428,
        "avg": 10845.387935638428
      }
    },
    "tcp": {
      "probes": [
        {
          "rtt": 10846.29511833191,
          "from": "10.213.33.33",
          "reached": false
        }
      ],
      "stats": {
        "count": 1,
        "responses": 1,
        "loss": 0.0,
        "min": 10846.29511833191,
        "max": 10846.29511833191,
        "avg": 10846.29511833191
      }
    },
    "icmp": {
      "probes": [
        {
          "rtt": 10845.816135406494,
          "from": "10.213.33.33",
          "reached": false
        }
      ],
      "stats": {
        "count": 1,
        "responses": 1,
        "loss": 0.0,
        "min": 10845.816135406494,
        "max": 10845.816135406494,
        "avg": 10845.816135406494
      }
    },
    "extensions": {}
  },
  "2": {
    "udp": {
      "probes": [
        {
          "rtt": 10745.44882774353,
          "from": "10.213.33.33",
          "reached": false
        }
      ],
      "stats": {
        "count": 1,
        "responses": 1,
        "loss": 0.0,
        "min": 10745.44882774353,
        "max": 10745.44882774353,
        "avg": 10745.44882774353
      }
    },
    "tcp": {
      "probes": [],
      "stats": {}
    },
    "icmp": {
      "probes": [],
      "stats": {}
    },
    "extensions": {}
  },
  "metadata": {
    "series": [
      "udp",
      "tcp",
      "icmp"
    ],
    "target": "209.207.72.1",
    "protocol": "udp",
    "ip_version": "4",
    "timestamp": "2025-05-15 21:10:13",
    "reached_target": false
  }
}