{
  "1": {
    "udp": {
      "probes": [
        {
          "rtt": 8690.369844436646,
          "from": "129.250.5.227",
          "reached": false
        }
      ],
      "stats": {
        "count": 1,
        "responses": 1,
        "loss": 0.0,
        "min": 8690.369844436646,
        "max": 8690.369844436646,
        "avg": 8690.369844436646
      }
    },
    "tcp": {
      "probes": [
        {
          "rtt": 8635.69188117981,
          "from": "129.250.5.227",
          "reached": false
        }
      ],
      "stats": {
        "count": 1,
        "responses": 1,
        "loss": 0.0,
        "min": 8635.69188117981,
        "max": 8635.69188117981,
        "avg": 8635.69188117981
      }
    },
    "icmp": {
      "probes": [
        {
          "rtt": 8637.480735778809,
          "from": "129.250.5.227",
          "reached": false
        }
      ],
      "stats": {
        "count": 1,
        "responses": 1,
        "loss": 0.0,
        "min": 8637.480735778809,
        "max": 8637.480735778809,
        "avg": 8637.480735778809
      }
    },
    "extensions": {}
  },
  "2": {
    "udp": {
      "probes": [
        {
          "rtt": 8527.34112739563,
          "from": "129.250.5.227",
          "reached": false
        }
      ],
      "stats": {
        "count": 1,
        "responses": 1,
        "loss": 0.0,
        "min": 8527.34112739563,
        "max": 8527.34112739563,
        "avg": 8527.34112739563
      }
    },
    "tcp": {
      "probes": [
        {
          "rtt": 8527.626991271973,
          "from": "129.250.5.227",
          "reached": false
        }
      ],
      "stats": {
        "count": 1,
        "responses": 1,
        "loss": 0.0,
        "min": 8527.626991271973,
        "max": 8527.626991271973,
        "avg": 8527.626991271973
      }
    },
    "icmp": {
      "probes": [
        {
          "rtt": 8527.852058410645,
          "from": "129.250.5.227",
          "reached": false
        }
      ],
      "stats": {
        "count": 1,
        "responses": 1,
        "loss": 0.0,
        "min": 8527.852058410645,
        "max": 8527.852058410645,
        "avg": 8527.852058410645
      }
    },
    "extensions": {}
  },
  "3": {
    "udp": {
      "probes": [
        {
          "rtt": 8424.12805557251,
          "from": "129.250.5.227",
          "reached": false
        }
      ],
      "stats": {
        "count": 1,
        "responses": 1,
        "loss": 0.0,
        "min": 8424.12805557251,
        "max": 8424.12805557251,
        "avg": 8424.12805557251
      }
    },
    "tcp": {
      "probes": [
        {
          "rtt": 8428.350925445557,
          "from": "129.250.5.227",
          "reached": false
        }
      ],
      "stats": {
        "count": 1,
        "responses": 1,
        "loss": 0.0,
        "min": 8428.350925445557,
        "max": 8428.350925445557,
        "avg": 8428.350925445557
      }
    },
    "icmp": {
      "probes": [
        {
          "rtt": 8430.354118347168,
          "from": "129.250.5.227",
          "reached": false
        }
      ],
      "stats": {
        "count": 1,
        "responses": 1,
        "loss": 0.0,
        "min": 8430.354118347168,
        "max": 8430.354118347168,
        "avg": 8430.354118347168
      }
    },
    "extensions": {}
  },
  "4": {
    "udp": {
      "probes": [
        {
          "rtt": 8329.687118530273,
          "from": "129.250.5.227",
          "reached": false
        }
      ],
      "stats": {
        "count": 1,
        "responses": 1,
        "loss": 0.0,
        "min": 8329.687118530273,
        "max": 8329.687118530273,
        "avg": 8329.687118530273
      }
    },
    "tcp": {
      "probes": [
        {
          "rtt": 8329.68807220459,
          "from": "129.250.5.227",
          "reached": false
        }
      ],
      "stats": {
        "count": 1,
        "responses": 1,
        "loss": 0.0,
        "min": 8329.68807220459,
        "max": 8329.68807220459,
        "avg": 8329.68807220459
      }
    },
    "icmp": {
      "probes": [
        {
          "rtt": 8329.68282699585,
          "from": "129.250.5.227",
          "reached": false
        }
      ],
      "stats": {
        "count": 1,
        "responses": 1,
        "loss": 0.0,
        "min": 8329.68282699585,
        "max": 8329.68282699585,
        "avg": 8329.68282699585
      }
    },
    "extensions": {}
  },
  "5": {
    "udp": {
      "probes": [
        {
          "rtt": 8226.538896560669,
          "from": "129.250.5.227",
          "reached": false
        }
      ],
      "stats": {
        "count": 1,
        "responses": 1,
        "loss": 0.0,
        "min": 8226.538896560669,
        "max": 8226.538896560669,
        "avg": 8226.538896560669
      }
    },
    "tcp": {
      "probes": [
        {
          "rtt": 8226.540088653564,
          "from": "129.250.5.227",
          "reached": false
        }
      ],
      "stats": {
        "count": 1,
        "responses": 1,
        "loss": 0.0,
        "min": 8226.540088653564,
        "max": 8226.540088653564,
        "avg": 8226.540088653564
      }
    },
    "icmp": {
      "probes": [
        {
          "rtt": 8226.534843444824,
          "from": "129.250.5.227",
          "reached": false
        }
      ],
      "stats": {
        "count": 1,
        "responses": 1,
        "loss": 0.0,
        "min": 8226.534843444824,
        "max": 8226.534843444824,
        "avg": 8226.534843444824
      }
    },
    "extensions": {}
  },
  "6": {
    "udp": {
      "probes": [
        {
          "rtt": 8125.916242599487,
          "from": "129.250.5.227",
          "reached": false
        }
      ],
      "stats": {
        "count": 1,
        "responses": 1,
        "loss": 0.0,
        "min": 8125.916242599487,
        "max": 8125.916242599487,
        "avg": 8125.916242599487
      }
    },
    "tcp": {
      "probes": [
        {
          "rtt": 8125.907897949219,
          "from": "129.250.5.227",
          "reached": false
        }
      ],
      "stats": {
        "count": 1,
        "responses": 1,
        "loss": 0.0,
        "min": 8125.907897949219,
        "max": 8125.907897949219,
        "avg": 8125.907897949219
      }
    },
    "icmp": {
      "probes": [
        {
          "rtt": 8126.613140106201,
          "from": "129.250.5.227",
          "reached": false
        }
      ],
      "stats": {
        "count": 1,
        "responses": 1,
        "loss": 0.0,
        "min": 8126.613140106201,
        "max": 8126.613140106201,
        "avg": 8126.613140106201
      }
    },
    "extensions": {}
  },
  "7": {
    "udp": {
      "probes": [
        {
          "rtt": 8027.225017547607,
          "from": "129.250.5.227",
          "reached": false
        }
      ],
      "stats": {
        "count": 1,
        "responses": 1,
        "loss": 0.0,
        "min": 8027.225017547607,
        "max": 8027.225017547607,
        "avg": 8027.225017547607
      }
    },
    "tcp": {
      "probes": [
        {
          "rtt": 8028.317928314209,
          "from": "129.250.5.227",
          "reached": false
        }
      ],
      "stats": {
        "count": 1,
        "responses": 1,
        "loss": 0.0,
        "min": 8028.317928314209,
        "max": 8028.317928314209,
        "avg": 8028.317928314209
      }
    },
    "icmp": {
      "probes": [
        {
          "rtt": 8034.204006195068,
          "from": "129.250.5.227",
          "reached": false
        }
      ],
      "stats": {
        "count": 1,
        "responses": 1,
        "loss": 0.0,
        "min": 8034.204006195068,
        "max": 8034.204006195068,
        "avg": 8034.204006195068
      }
    },
    "extensions": {}
  },
  "8": {
    "udp": {
      "probes": [
        {
          "rtt": 7931.0877323150635,
          "from": "129.250.5.227",
          "reached": false
        }
      ],
      "stats": {
        "count": 1,
        "responses": 1,
        "loss": 0.0,
        "min": 7931.0877323150635,