{
  "1": {
    "udp": {
      "probes": [
        {
          "rtt": 8851.19104385376,
          "from": "4.68.75.93",
          "reached": false
        }
      ],
      "stats": {
        "count": 1,
        "responses": 1,
        "loss": 0.0,
        "min": 8851.19104385376,
        "max": 8851.19104385376,
        "avg": 8851.19104385376
      }
    },
    "tcp": {
      "probes": [
        {
          "rtt": 8798.082113265991,
          "from": "4.68.75.93",
          "reached": false
        }
      ],
      "stats": {
        "count": 1,
        "responses": 1,
        "loss": 0.0,
        "min": 8798.082113265991,
        "max": 8798.082113265991,
        "avg": 8798.082113265991
      }
    },
    "icmp": {
      "probes": [
        {
          "rtt": 8796.847105026245,
          "from": "4.68.75.93",
          "reached": false
        }
      ],
      "stats": {
        "count": 1,
        "responses": 1,
        "loss": 0.0,
        "min": 8796.847105026245,
        "max": 8796.847105026245,
        "avg": 8796.847105026245
      }
    },
    "extensions": {}
  },
  "2": {
    "udp": {
      "probes": [
        {
          "rtt": 8663.902759552002,
          "from": "4.68.75.93",
          "reached": false
        }
      ],
      "stats": {
        "count": 1,
        "responses": 1,
        "loss": 0.0,
        "min": 8663.902759552002,
        "max": 8663.902759552002,
        "avg": 8663.902759552002
      }
    },
    "tcp": {
      "probes": [
        {
          "rtt": 8663.384675979614,
          "from": "4.68.75.93",
          "reached": false
        }
      ],
      "stats": {
        "count": 1,
        "responses": 1,
        "loss": 0.0,
        "min": 8663.384675979614,
        "max": 8663.384675979614,
        "avg": 8663.384675979614
      }
    },
    "icmp": {
      "probes": [
        {
          "rtt": 8663.191080093384,
          "from": "4.68.75.93",
          "reached": false
        }
      ],
      "stats": {
        "count": 1,
        "responses": 1,
        "loss": 0.0,
        "min": 8663.191080093384,
        "max": 8663.191080093384,
        "avg": 8663.191080093384
      }
    },
    "extensions": {}
  },
  "3": {
    "udp": {
      "probes": [
        {
          "rtt": 8558.646202087402,
          "from": "4.68.75.93",
          "reached": false
        }
      ],
      "stats": {
        "count": 1,
        "responses": 1,
        "loss": 0.0,
        "min": 8558.646202087402,
        "max": 8558.646202087402,
        "avg": 8558.646202087402
      }
    },
    "tcp": {
      "probes": [
        {
          "rtt": 8558.403015136719,
          "from": "4.68.75.93",
          "reached": false
        }
      ],
      "stats": {
        "count": 1,
        "responses": 1,
        "loss": 0.0,
        "min": 8558.403015136719,
        "max": 8558.403015136719,
        "avg": 8558.403015136719
      }
    },
    "icmp": {
      "probes": [
        {
          "rtt": 8557.5110912323,
          "from": "4.68.75.93",
          "reached": false
        }
      ],
      "stats": {
        "count": 1,
        "responses": 1,
        "loss": 0.0,
        "min": 8557.5110912323,
        "max": 8557.5110912323,
        "avg": 8557.5110912323
      }
    },
    "extensions": {}
  },
  "4": {
    "udp": {
      "probes": [
        {
          "rtt": 8453.359127044678,
          "from": "4.68.75.93",
          "reached": false
        }
      ],
      "stats": {
        "count": 1,
        "responses": 1,
        "loss": 0.0,
        "min": 8453.359127044678,
        "max": 8453.359127044678,
        "avg": 8453.359127044678
      }
    },
    "tcp": {
      "probes": [
        {
          "rtt": 8453.279972076416,
          "from": "4.68.75.93",
          "reached": false
        }
      ],
      "stats": {
        "count": 1,
        "responses": 1,
        "loss": 0.0,
        "min": 8453.279972076416,
        "max": 8453.279972076416,
        "avg": 8453.279972076416
      }
    },
    "icmp": {
      "probes": [
        {
          "rtt": 8453.275918960571,
          "from": "4.68.75.93",
          "reached": false
        }
      ],
      "stats": {
        "count": 1,
        "responses": 1,
        "loss": 0.0,
        "min": 8453.275918960571,
        "max": 8453.275918960571,
        "avg": 8453.275918960571
      }
    },
    "extensions": {}
  },
  "5": {
    "udp": {
      "probes": [
        {
          "rtt": 8351.485967636108,
          "from": "4.68.75.93",
          "reached": false
        }
      ],
      "stats": {
        "count": 1,
        "responses": 1,
        "loss": 0.0,
        "min": 8351.485967636108,
        "max": 8351.485967636108,
        "avg": 8351.485967636108
      }
    },
    "tcp": {
      "probes": [
        {
          "rtt": 8350.42691230774,
          "from": "4.68.75.93",
          "reached": false
        }
      ],
      "stats": {
        "count": 1,
        "responses": 1,
        "loss": 0.0,
        "min": 8350.42691230774,
        "max": 8350.42691230774,
        "avg": 8350.42691230774
      }
    },
    "icmp": {
      "probes": [
        {
          "rtt": 8350.40807723999,
          "from": "4.68.75.93",
          "reached": false
        }
      ],
      "stats": {
        "count": 1,
        "responses": 1,
        "loss": 0.0,
        "min": 8350.40807723999,
        "max": 8350.40807723999,
        "avg": 8350.40807723999
      }
    },
    "extensions": {}
  },
  "6": {
    "udp": {
      "probes": [
        {
          "rtt": 8244.854927062988,
          "from": "4.68.75.93",
          "reached": false
        }
      ],
      "stats": {
        "count": 1,
        "responses": 1,
        "loss": 0.0,
        "min": 8244.854927062988,
        "max": 8244.854927062988,
        "avg": 8244.854927062988
      }
    },
    "tcp": {
      "probes": [
        {
          "rtt": 8244.406938552856,
          "from": "4.68.75.93",
          "reached": false
        }
      ],
      "stats": {
        "count": 1,
        "responses": 1,
        "loss": 0.0,
        "min": 8244.406938552856,
        "max": 8244.406938552856,
        "avg": 8244.406938552856
      }
    },
    "icmp": {
      "probes": [
        {
          "rtt": 8244.38500404358,
          "from": "4.68.75.93",
          "reached": false
        }
      ],
      "stats": {
        "count": 1,
        "responses": 1,
        "loss": 0.0,
        "min": 8244.38500404358,
        "max": 8244.38500404358,
        "avg": 8244.38500404358
      }
    },
    "extensions": {}
  },
  "7": {
    "udp": {
      "probes": [
        {
          "rtt": 8139.885902404785,
          "from": "4.68.75.93",
          "reached": false
        }
      ],
      "stats": {
        "count": 1,
        "responses": 1,
        "loss": 0.0,
        "min": 8139.885902404785,
        "max": 8139.885902404785,
        "avg": 8139.885902404785
      }
    },
    "tcp": {
      "probes": [
        {
          "rtt": 8139.7669315338135,
          "from": "4.68.75.93",
          "reached": false
        }
      ],
      "stats": {
        "count": 1,
        "responses": 1,
        "loss": 0.0,
        "min": 8139.7669315338135,
        "max": 8139.7669315338135,
        "avg": 8139.7669315338135
      }
    },
    "icmp": {
      "probes": [
        {
          "rtt": 8139.185905456543,
          "from": "4.68.75.93",
          "reached": false
        }
      ],
      "stats": {
        "count": 1,
        "responses": 1,
        "loss": 0.0,
        "min": 8139.185905456543,
        "max": 8139.185905456543,
        "avg": 8139.185905456543
      }
    },
    "extensions": {}
  },
  "8": {
    "udp": {
      "probes": [
        {
          "rtt": 8038.302898406982,
          "from": "4.68.75.93",
          "reached": false
        }
      ],
      "stats": {
        "count": 1,
        "responses": 1,
        "loss": 0.0,
        "min": 8038.302898406982,
        "max": 8038.302898406982,