{
  "1": {
    "udp": {
      "probes": [
        {
          "rtt": 6111.361026763916,
          "from": "10.213.33.33",
          "reached": false
        }
      ],
      "stats": {
        "count": 1,
        "responses": 1,
        "loss": 0.0,
        "min": 6111.361026763916,
        "max": 6111.361026763916,
        "avg": 6111.361026763916
      }
    },
    "tcp": {
      "probes": [
        {
          "rtt": 6777.71782875061,
          "from": "10.213.33.33",
          "reached": false
        }
      ],
      "stats": {
        "count": 1,
        "responses": 1,
        "loss": 0.0,
        "min": 6777.71782875061,
        "max": 6777.71782875061,
        "avg": 6777.71782875061
      }
    },
    "icmp": {
      "probes": [
        {
          "rtt": 6780.160903930664,
          "from": "10.213.33.33",
          "reached": false
        }
      ],
      "stats": {
        "count": 1,
        "responses": 1,
        "loss": 0.0,
        "min": 6780.160903930664,
        "max": 6780.160903930664,
        "avg": 6780.160903930664
      }
    },
    "extensions": {}
  },
  "2": {
    "udp": {
      "probes": [
        {
          "rtt": 7429.939270019531,
          "from": "10.213.33.33",
          "reached": false
        }
      ],
      "stats": {
        "count": 1,
        "responses": 1,
        "loss": 0.0,
        "min": 7429.939270019531,
        "max": 7429.939270019531,
        "avg": 7429.939270019531
      }
    },
    "tcp": {
      "probes": [],
      "stats": {}
    },
    "icmp": {
      "probes": [],
      "stats": {}
    },
    "extensions": {}
  },
  "metadata": {
    "series": [
      "udp",
      "tcp",
      "icmp"
    ],
    "target": "73.148.196.1",
    "protocol": "udp",
    "ip_version": "4",
    "timestamp": "2025-05-15 21:10:13",
    "reached_target": false
  }
}