{
  "1": {
    "udp": {
      "probes": [
        {
          "rtt": 19314.507007598877,
          "from": "129.250.2.27",
          "reached": false
        }
      ],
      "stats": {
        "count": 1,
        "responses": 1,
        "loss": 0.0,
        "min": 19314.507007598877,
        "max": 19314.507007598877,
        "avg": 19314.507007598877
      }
    },
    "tcp": {
      "probes": [
        {
          "rtt": 19267.03190803528,
          "from": "129.250.2.27",
          "reached": false
        }
      ],
      "stats": {
        "count": 1,
        "responses": 1,
        "loss": 0.0,
        "min": 19267.03190803528,
        "max": 19267.03190803528,
        "avg": 19267.03190803528
      }
    },
    "icmp": {
      "probes": [
        {
          "rtt": 19251.968145370483,
          "from": "129.250.2.27",
          "reached": false
        }
      ],
      "stats": {
        "count": 1,
        "responses": 1,
        "loss": 0.0,
        "min": 19251.968145370483,
        "max": 19251.968145370483,
        "avg": 19251.968145370483
      }
    },
    "extensions": {}
  },
  "2": {
    "udp": {
      "probes": [
        {
          "rtt": 19090.322971343994,
          "from": "129.250.2.27",
          "reached": false
        }
      ],
      "stats": {
        "count": 1,
        "responses": 1,
        "loss": 0.0,
        "min": 19090.322971343994,
        "max": 19090.322971343994,
        "avg": 19090.322971343994
      }
    },
    "tcp": {
      "probes": [
        {
          "rtt": 19089.21217918396,
          "from": "129.250.2.27",
          "reached": false
        }
      ],
      "stats": {
        "count": 1,
        "responses": 1,
        "loss": 0.0,
        "min": 19089.21217918396,
        "max": 19089.21217918396,
        "avg": 19089.21217918396
      }
    },
    "icmp": {
      "probes": [
        {
          "rtt": 19085.251808166504,
          "from": "129.250.2.27",
          "reached": false
        }
      ],
      "stats": {
        "count": 1,
        "responses": 1,
        "loss": 0.0,
        "min": 19085.251808166504,
        "max": 19085.251808166504,
        "avg": 19085.251808166504
      }
    },
    "extensions": {}
  },
  "3": {
    "udp": {
      "probes": [
        {
          "rtt": 18945.986032485962,
          "from": "129.250.2.27",
          "reached": false
        }
      ],
      "stats": {
        "count": 1,
        "responses": 1,
        "loss": 0.0,
        "min": 18945.986032485962,
        "max": 18945.986032485962,
        "avg": 18945.986032485962
      }
    },
    "tcp": {
      "probes": [
        {
          "rtt": 18943.811178207397,
          "from": "129.250.2.27",
          "reached": false
        }
      ],
      "stats": {
        "count": 1,
        "responses": 1,
        "loss": 0.0,
        "min": 18943.811178207397,
        "max": 18943.811178207397,
        "avg": 18943.811178207397
      }
    },
    "icmp": {
      "probes": [
        {
          "rtt": 18939.232110977173,
          "from": "129.250.2.27",
          "reached": false
        }
      ],
      "stats": {
        "count": 1,
        "responses": 1,
        "loss": 0.0,
        "min": 18939.232110977173,
        "max": 18939.232110977173,
        "avg": 18939.232110977173
      }
    },
    "extensions": {}
  },
  "4": {
    "udp": {
      "probes": [
        {
          "rtt": 18831.53510093689,
          "from": "129.250.2.27",
          "reached": false
        }
      ],
      "stats": {
        "count": 1,
        "responses": 1,
        "loss": 0.0,
        "min": 18831.53510093689,
        "max": 18831.53510093689,
        "avg": 18831.53510093689
      }
    },
    "tcp": {
      "probes": [
        {
          "rtt": 18830.96480369568,
          "from": "129.250.2.27",
          "reached": false
        }
      ],
      "stats": {
        "count": 1,
        "responses": 1,
        "loss": 0.0,
        "min": 18830.96480369568,
        "max": 18830.96480369568,
        "avg": 18830.96480369568
      }
    },
    "icmp": {
      "probes": [
        {
          "rtt": 18829.969882965088,
          "from": "129.250.2.27",
          "reached": false
        }
      ],
      "stats": {
        "count": 1,
        "responses": 1,
        "loss": 0.0,
        "min": 18829.969882965088,
        "max": 18829.969882965088,
        "avg": 18829.969882965088
      }
    },
    "extensions": {}
  },
  "5": {
    "udp": {
      "probes": [
        {
          "rtt": 18728.64317893982,
          "from": "129.250.2.27",
          "reached": false
        }
      ],
      "stats": {
        "count": 1,
        "responses": 1,
        "loss": 0.0,
        "min": 18728.64317893982,
        "max": 18728.64317893982,
        "avg": 18728.64317893982
      }
    },
    "tcp": {
      "probes": [
        {
          "rtt": 18728.129863739014,
          "from": "129.250.2.27",
          "reached": false
        }
      ],
      "stats": {
        "count": 1,
        "responses": 1,
        "loss": 0.0,
        "min": 18728.129863739014,
        "max": 18728.129863739014,
        "avg": 18728.129863739014
      }
    },
    "icmp": {
      "probes": [
        {
          "rtt": 18728.67202758789,
          "from": "129.250.2.27",
          "reached": false
        }
      ],
      "stats": {
        "count": 1,
        "responses": 1,
        "loss": 0.0,
        "min": 18728.67202758789,
        "max": 18728.67202758789,
        "avg": 18728.67202758789
      }
    },
    "extensions": {}
  },
  "6": {
    "udp": {
      "probes": [
        {
          "rtt": 18627.810955047607,
          "from": "129.250.2.27",
          "reached": false
        }
      ],
      "stats": {
        "count": 1,
        "responses": 1,
        "loss": 0.0,
        "min": 18627.810955047607,
        "max": 18627.810955047607,
        "avg": 18627.810955047607
      }
    },
    "tcp": {
      "probes": [
        {
          "rtt": 18628.172874450684,
          "from": "129.250.2.27",
          "reached": false
        }
      ],
      "stats": {
        "count": 1,
        "responses": 1,
        "loss": 0.0,
        "min": 18628.172874450684,
        "max": 18628.172874450684,
        "avg": 18628.172874450684
      }
    },
    "icmp": {
      "probes": [
        {
          "rtt": 18628.191232681274,
          "from": "129.250.2.27",
          "reached": false
        }
      ],
      "stats": {
        "count": 1,
        "responses": 1,
        "loss": 0.0,
        "min": 18628.191232681274,
        "max": 18628.191232681274,
        "avg": 18628.191232681274
      }
    },
    "extensions": {}
  },
  "7": {
    "udp": {
      "probes": [
        {
          "rtt": 18523.36597442627,
          "from": "129.250.2.27",
          "reached": false
        }
      ],
      "stats": {
        "count": 1,
        "responses": 1,
        "loss": 0.0,
        "min": 18523.36597442627,
        "max": 18523.36597442627,
        "avg": 18523.36597442627
      }
    },
    "tcp": {
      "probes": [
        {
          "rtt": 18523.271083831787,
          "from": "129.250.2.27",
          "reached": false
        }
      ],
      "stats": {
        "count": 1,
        "responses": 1,
        "loss": 0.0,
        "min": 18523.271083831787,
        "max": 18523.271083831787,
        "avg": 18523.271083831787
      }
    },
    "icmp": {
      "probes": [
        {
          "rtt": 18523.262977600098,
          "from": "129.250.2.27",
          "reached": false
        }
      ],
      "stats": {
        "count": 1,
        "responses": 1,
        "loss": 0.0,
        "min": 18523.262977600098,
        "max": 18523.262977600098,
        "avg": 18523.262977600098
      }
    },
    "extensions": {}
  },
  "8": {
    "udp": {
      "probes": [
        {
          "rtt": 18418.8551902771,
          "from": "129.250.2.27",
          "reached": false
        }
      ],
      "stats": {
        "count": 1,
        "responses": 1,