{
  "1": {
    "udp": {
      "probes": [
        {
          "rtt": 3389.1072273254395,
          "from": "10.209.64.1",
          "reached": false
        }
      ],
      "stats": {
        "count": 1,
        "responses": 1,
        "loss": 0.0,
        "min": 3389.1072273254395,
        "max": 3389.1072273254395,
        "avg": 3389.1072273254395
      }
    },
    "tcp": {
      "probes": [
        {
          "rtt": 3556.410789489746,
          "from": "10.209.64.1",
          "reached": false
        }
      ],
      "stats": {
        "count": 1,
        "responses": 1,
        "loss": 0.0,
        "min": 3556.410789489746,
        "max": 3556.410789489746,
        "avg": 3556.410789489746
      }
    },
    "icmp": {
      "probes": [
        {
          "rtt": 12002.722024917603,
          "from": "10.213.33.25",
          "reached": false
        }
      ],
      "stats": {
        "count": 1,
        "responses": 1,
        "loss": 0.0,
        "min": 12002.722024917603,
        "max": 12002.722024917603,
        "avg": 12002.722024917603
      }
    },
    "extensions": {}
  },
  "2": {
    "udp": {
      "probes": [
        {
          "rtt": 11961.575269699097,
          "from": "10.213.33.25",
          "reached": false
        }
      ],
      "stats": {
        "count": 1,
        "responses": 1,
        "loss": 0.0,
        "min": 11961.575269699097,
        "max": 11961.575269699097,
        "avg": 11961.575269699097
      }
    },
    "tcp": {
      "probes": [
        {
          "rtt": 15528.088092803955,
          "from": "10.213.32.41",
          "reached": false
        }
      ],
      "stats": {
        "count": 1,
        "responses": 1,
        "loss": 0.0,
        "min": 15528.088092803955,
        "max": 15528.088092803955,
        "avg": 15528.088092803955
      }
    },
    "icmp": {
      "probes": [
        {
          "rtt": 15532.147884368896,
          "from": "10.213.32.41",
          "reached": false
        }
      ],
      "stats": {
        "count": 1,
        "responses": 1,
        "loss": 0.0,
        "min": 15532.147884368896,
        "max": 15532.147884368896,
        "avg": 15532.147884368896
      }
    },
    "extensions": {}
  },
  "metadata": {
    "series": [
      "udp",
      "tcp",
      "icmp"
    ],
    "target": "12.207.37.1",
    "protocol": "udp",
    "ip_version": "4",
    "timestamp": "2025-05-15 21:10:13",
    "reached_target": false
  }
}