{
  "1": {
    "udp": {
      "probes": [
        {
          "rtt": 17883.398056030273,
          "from": "100.64.74.2",
          "reached": false
        }
      ],
      "stats": {
        "count": 1,
        "responses": 1,
        "loss": 0.0,
        "min": 17883.398056030273,
        "max": 17883.398056030273,
        "avg": 17883.398056030273
      }
    },
    "tcp": {
      "probes": [
        {
          "rtt": 17816.439151763916,
          "from": "100.64.74.2",
          "reached": false
        }
      ],
      "stats": {
        "count": 1,
        "responses": 1,
        "loss": 0.0,
        "min": 17816.439151763916,
        "max": 17816.439151763916,
        "avg": 17816.439151763916
      }
    },
    "icmp": {
      "probes": [
        {
          "rtt": 17804.89706993103,
          "from": "100.64.74.2",
          "reached": false
        }
      ],
      "stats": {
        "count": 1,
        "responses": 1,
        "loss": 0.0,
        "min": 17804.89706993103,
        "max": 17804.89706993103,
        "avg": 17804.89706993103
      }
    },
    "extensions": {}
  },
  "2": {
    "udp": {
      "probes": [
        {
          "rtt": 17654.675006866455,
          "from": "100.64.74.2",
          "reached": false
        }
      ],
      "stats": {
        "count": 1,
        "responses": 1,
        "loss": 0.0,
        "min": 17654.675006866455,
        "max": 17654.675006866455,
        "avg": 17654.675006866455
      }
    },
    "tcp": {
      "probes": [
        {
          "rtt": 17654.35290336609,
          "from": "100.64.74.2",
          "reached": false
        }
      ],
      "stats": {
        "count": 1,
        "responses": 1,
        "loss": 0.0,
        "min": 17654.35290336609,
        "max": 17654.35290336609,
        "avg": 17654.35290336609
      }
    },
    "icmp": {
      "probes": [
        {
          "rtt": 17654.34718132019,
          "from": "100.64.74.2",
          "reached": false
        }
      ],
      "stats": {
        "count": 1,
        "responses": 1,
        "loss": 0.0,
        "min": 17654.34718132019,
        "max": 17654.34718132019,
        "avg": 17654.34718132019
      }
    },
    "extensions": {}
  },
  "3": {
    "udp": {
      "probes": [
        {
          "rtt": 17548.70295524597,
          "from": "100.64.74.2",
          "reached": false
        }
      ],
      "stats": {
        "count": 1,
        "responses": 1,
        "loss": 0.0,
        "min": 17548.70295524597,
        "max": 17548.70295524597,
        "avg": 17548.70295524597
      }
    },
    "tcp": {
      "probes": [
        {
          "rtt": 17548.70295524597,
          "from": "100.64.74.2",
          "reached": false
        }
      ],
      "stats": {
        "count": 1,
        "responses": 1,
        "loss": 0.0,
        "min": 17548.70295524597,
        "max": 17548.70295524597,
        "avg": 17548.70295524597
      }
    },
    "icmp": {
      "probes": [
        {
          "rtt": 17548.699140548706,
          "from": "100.64.74.2",
          "reached": false
        }
      ],
      "stats": {
        "count": 1,
        "responses": 1,
        "loss": 0.0,
        "min": 17548.699140548706,
        "max": 17548.699140548706,
        "avg": 17548.699140548706
      }
    },
    "extensions": {}
  },
  "4": {
    "udp": {
      "probes": [
        {
          "rtt": 17443.39895248413,
          "from": "100.64.74.2",
          "reached": false
        }
      ],
      "stats": {
        "count": 1,
        "responses": 1,
        "loss": 0.0,
        "min": 17443.39895248413,
        "max": 17443.39895248413,
        "avg": 17443.39895248413
      }
    },
    "tcp": {
      "probes": [
        {
          "rtt": 17443.400859832764,
          "from": "100.64.74.2",
          "reached": false
        }
      ],
      "stats": {
        "count": 1,
        "responses": 1,
        "loss": 0.0,
        "min": 17443.400859832764,
        "max": 17443.400859832764,
        "avg": 17443.400859832764
      }
    },
    "icmp": {
      "probes": [
        {
          "rtt": 17443.401098251343,
          "from": "100.64.74.2",
          "reached": false
        }
      ],
      "stats": {
        "count": 1,
        "responses": 1,
        "loss": 0.0,
        "min": 17443.401098251343,
        "max": 17443.401098251343,
        "avg": 17443.401098251343
      }
    },
    "extensions": {}
  },
  "5": {
    "udp": {
      "probes": [
        {
          "rtt": 17342.334270477295,
          "from": "100.64.74.2",
          "reached": false
        }
      ],
      "stats": {
        "count": 1,
        "responses": 1,
        "loss": 0.0,
        "min": 17342.334270477295,
        "max": 17342.334270477295,
        "avg": 17342.334270477295
      }
    },
    "tcp": {
      "probes": [
        {
          "rtt": 17341.952800750732,
          "from": "100.64.74.2",
          "reached": false
        }
      ],
      "stats": {
        "count": 1,
        "responses": 1,
        "loss": 0.0,
        "min": 17341.952800750732,
        "max": 17341.952800750732,
        "avg": 17341.952800750732
      }
    },
    "icmp": {
      "probes": [
        {
          "rtt": 17341.869592666626,
          "from": "100.64.74.2",
          "reached": false
        }
      ],
      "stats": {
        "count": 1,
        "responses": 1,
        "loss": 0.0,
        "min": 17341.869592666626,
        "max": 17341.869592666626,
        "avg": 17341.869592666626
      }
    },
    "extensions": {}
  },
  "6": {
    "udp": {
      "probes": [
        {
          "rtt": 17237.419605255127,
          "from": "100.64.74.2",
          "reached": false
        }
      ],
      "stats": {
        "count": 1,
        "responses": 1,
        "loss": 0.0,
        "min": 17237.419605255127,
        "max": 17237.419605255127,
        "avg": 17237.419605255127
      }
    },
    "tcp": {
      "probes": [
        {
          "rtt": 17237.05005645752,
          "from": "100.64.74.2",
          "reached": false
        }
      ],
      "stats": {
        "count": 1,
        "responses": 1,
        "loss": 0.0,
        "min": 17237.05005645752,
        "max": 17237.05005645752,
        "avg": 17237.05005645752
      }
    },
    "icmp": {
      "probes": [
        {
          "rtt": 17236.89031600952,
          "from": "100.64.74.2",
          "reached": false
        }
      ],
      "stats": {
        "count": 1,
        "responses": 1,
        "loss": 0.0,
        "min": 17236.89031600952,
        "max": 17236.89031600952,
        "avg": 17236.89031600952
      }
    },
    "extensions": {}
  },
  "7": {
    "udp": {
      "probes": [
        {
          "rtt": 17133.639097213745,
          "from": "100.64.74.2",
          "reached": false
        }
      ],
      "stats": {
        "count": 1,
        "responses": 1,
        "loss": 0.0,
        "min": 17133.639097213745,
        "max": 17133.639097213745,
        "avg": 17133.639097213745
      }
    },
    "tcp": {
      "probes": [
        {
          "rtt": 17133.141040802002,
          "from": "100.64.74.2",
          "reached": false
        }
      ],
      "stats": {
        "count": 1,
        "responses": 1,
        "loss": 0.0,
        "min": 17133.141040802002,
        "max": 17133.141040802002,
        "avg": 17133.141040802002
      }
    },
    "icmp": {
      "probes": [
        {
          "rtt": 17133.13603401184,
          "from": "100.64.74.2",
          "reached": false
        }
      ],
      "stats": {
        "count": 1,
        "responses": 1,
        "loss": 0.0,
        "min": 17133.13603401184,
        "max": 17133.13603401184,
        "avg": 17133.13603401184
      }
    },
    "extensions": {}
  },
  "8": {
    "udp": {
      "probes": [
        {
          "rtt": 17028.72085571289,
          "from": "100.64.74.2",
          "reached": false
        }
      ],
      "stats": {
        "count": 1,
        "responses": 1,
        "loss": 0.0,