{
  "1": {
    "udp": {
      "probes": [
        {
          "rtt": 257.2002410888672,
          "from": "10.209.64.1",
          "reached": false
        }
      ],
      "stats": {
        "count": 1,
        "responses": 1,
        "loss": 0.0,
        "min": 257.2002410888672,
        "max": 257.2002410888672,
        "avg": 257.2002410888672
      }
    },
    "tcp": {
      "probes": [
        {
          "rtt": 887.9189491271973,
          "from": "10.209.64.1",
          "reached": false
        }
      ],
      "stats": {
        "count": 1,
        "responses": 1,
        "loss": 0.0,
        "min": 887.9189491271973,
        "max": 887.9189491271973,
        "avg": 887.9189491271973
      }
    },
    "icmp": {
      "probes": [
        {
          "rtt": 3956.9900035858154,
          "from": "10.213.33.33",
          "reached": false
        }
      ],
      "stats": {
        "count": 1,
        "responses": 1,
        "loss": 0.0,
        "min": 3956.9900035858154,
        "max": 3956.9900035858154,
        "avg": 3956.9900035858154
      }
    },
    "extensions": {}
  },
  "2": {
    "udp": {
      "probes": [
        {
          "rtt": 5121.378183364868,
          "from": "10.213.33.33",
          "reached": false
        }
      ],
      "stats": {
        "count": 1,
        "responses": 1,
        "loss": 0.0,
        "min": 5121.378183364868,
        "max": 5121.378183364868,
        "avg": 5121.378183364868
      }
    },
    "tcp": {
      "probes": [
        {
          "rtt": 15538.476943969727,
          "from": "10.213.32.41",
          "reached": false
        }
      ],
      "stats": {
        "count": 1,
        "responses": 1,
        "loss": 0.0,
        "min": 15538.476943969727,
        "max": 15538.476943969727,
        "avg": 15538.476943969727
      }
    },
    "icmp": {
      "probes": [
        {
          "rtt": 15567.618131637573,
          "from": "10.213.32.41",
          "reached": false
        }
      ],
      "stats": {
        "count": 1,
        "responses": 1,
        "loss": 0.0,
        "min": 15567.618131637573,
        "max": 15567.618131637573,
        "avg": 15567.618131637573
      }
    },
    "extensions": {}
  },
  "metadata": {
    "series": [
      "udp",
      "tcp",
      "icmp"
    ],
    "target": "102.135.220.1",
    "protocol": "udp",
    "ip_version": "4",
    "timestamp": "2025-05-15 21:10:13",
    "reached_target": false
  }
}