{
  "1": {
    "udp": {
      "probes": [
        {
          "rtt": 7793.428897857666,
          "from": "221.183.95.241",
          "reached": false
        }
      ],
      "stats": {
        "count": 1,
        "responses": 1,
        "loss": 0.0,
        "min": 7793.428897857666,
        "max": 7793.428897857666,
        "avg": 7793.428897857666
      }
    },
    "tcp": {
      "probes": [
        {
          "rtt": 7742.629766464233,
          "from": "221.183.95.241",
          "reached": false
        }
      ],
      "stats": {
        "count": 1,
        "responses": 1,
        "loss": 0.0,
        "min": 7742.629766464233,
        "max": 7742.629766464233,
        "avg": 7742.629766464233
      }
    },
    "icmp": {
      "probes": [
        {
          "rtt": 7742.636203765869,
          "from": "221.183.95.241",
          "reached": false
        }
      ],
      "stats": {
        "count": 1,
        "responses": 1,
        "loss": 0.0,
        "min": 7742.636203765869,
        "max": 7742.636203765869,
        "avg": 7742.636203765869
      }
    },
    "extensions": {}
  },
  "2": {
    "udp": {
      "probes": [
        {
          "rtt": 7616.492033004761,
          "from": "221.183.95.241",
          "reached": false
        }
      ],
      "stats": {
        "count": 1,
        "responses": 1,
        "loss": 0.0,
        "min": 7616.492033004761,
        "max": 7616.492033004761,
        "avg": 7616.492033004761
      }
    },
    "tcp": {
      "probes": [
        {
          "rtt": 7619.379997253418,
          "from": "221.183.95.241",
          "reached": false
        }
      ],
      "stats": {
        "count": 1,
        "responses": 1,
        "loss": 0.0,
        "min": 7619.379997253418,
        "max": 7619.379997253418,
        "avg": 7619.379997253418
      }
    },
    "icmp": {
      "probes": [
        {
          "rtt": 7619.731903076172,
          "from": "221.183.95.241",
          "reached": false
        }
      ],
      "stats": {
        "count": 1,
        "responses": 1,
        "loss": 0.0,
        "min": 7619.731903076172,
        "max": 7619.731903076172,
        "avg": 7619.731903076172
      }
    },
    "extensions": {}
  },
  "3": {
    "udp": {
      "probes": [
        {
          "rtt": 7520.817995071411,
          "from": "221.183.95.241",
          "reached": false
        }
      ],
      "stats": {
        "count": 1,
        "responses": 1,
        "loss": 0.0,
        "min": 7520.817995071411,
        "max": 7520.817995071411,
        "avg": 7520.817995071411
      }
    },
    "tcp": {
      "probes": [
        {
          "rtt": 7521.228075027466,
          "from": "221.183.95.241",
          "reached": false
        }
      ],
      "stats": {
        "count": 1,
        "responses": 1,
        "loss": 0.0,
        "min": 7521.228075027466,
        "max": 7521.228075027466,
        "avg": 7521.228075027466
      }
    },
    "icmp": {
      "probes": [
        {
          "rtt": 7522.406101226807,
          "from": "221.183.95.241",
          "reached": false
        }
      ],
      "stats": {
        "count": 1,
        "responses": 1,
        "loss": 0.0,
        "min": 7522.406101226807,
        "max": 7522.406101226807,
        "avg": 7522.406101226807
      }
    },
    "extensions": {}
  },
  "4": {
    "udp": {
      "probes": [
        {
          "rtt": 7422.671794891357,
          "from": "221.183.95.241",
          "reached": false
        }
      ],
      "stats": {
        "count": 1,
        "responses": 1,
        "loss": 0.0,
        "min": 7422.671794891357,
        "max": 7422.671794891357,
        "avg": 7422.671794891357
      }
    },
    "tcp": {
      "probes": [
        {
          "rtt": 7436.21301651001,
          "from": "221.183.95.241",
          "reached": false
        }
      ],
      "stats": {
        "count": 1,
        "responses": 1,
        "loss": 0.0,
        "min": 7436.21301651001,
        "max": 7436.21301651001,
        "avg": 7436.21301651001
      }
    },
    "icmp": {
      "probes": [
        {
          "rtt": 7437.209844589233,
          "from": "221.183.95.241",
          "reached": false
        }
      ],
      "stats": {
        "count": 1,
        "responses": 1,
        "loss": 0.0,
        "min": 7437.209844589233,
        "max": 7437.209844589233,
        "avg": 7437.209844589233
      }
    },
    "extensions": {}
  },
  "5": {
    "udp": {
      "probes": [
        {
          "rtt": 7332.245111465454,
          "from": "221.183.95.241",
          "reached": false
        }
      ],
      "stats": {
        "count": 1,
        "responses": 1,
        "loss": 0.0,
        "min": 7332.245111465454,
        "max": 7332.245111465454,
        "avg": 7332.245111465454
      }
    },
    "tcp": {
      "probes": [
        {
          "rtt": 7332.245111465454,
          "from": "221.183.95.241",
          "reached": false
        }
      ],
      "stats": {
        "count": 1,
        "responses": 1,
        "loss": 0.0,
        "min": 7332.245111465454,
        "max": 7332.245111465454,
        "avg": 7332.245111465454
      }
    },
    "icmp": {
      "probes": [
        {
          "rtt": 7332.253932952881,
          "from": "221.183.95.241",
          "reached": false
        }
      ],
      "stats": {
        "count": 1,
        "responses": 1,
        "loss": 0.0,
        "min": 7332.253932952881,
        "max": 7332.253932952881,
        "avg": 7332.253932952881
      }
    },
    "extensions": {}
  },
  "6": {
    "udp": {
      "probes": [
        {
          "rtt": 7230.021953582764,
          "from": "221.183.95.241",
          "reached": false
        }
      ],
      "stats": {
        "count": 1,
        "responses": 1,
        "loss": 0.0,
        "min": 7230.021953582764,
        "max": 7230.021953582764,
        "avg": 7230.021953582764
      }
    },
    "tcp": {
      "probes": [
        {
          "rtt": 7229.979753494263,
          "from": "221.183.95.241",
          "reached": false
        }
      ],
      "stats": {
        "count": 1,
        "responses": 1,
        "loss": 0.0,
        "min": 7229.979753494263,
        "max": 7229.979753494263,
        "avg": 7229.979753494263
      }
    },
    "icmp": {
      "probes": [
        {
          "rtt": 7231.419086456299,
          "from": "221.183.95.241",
          "reached": false
        }
      ],
      "stats": {
        "count": 1,
        "responses": 1,
        "loss": 0.0,
        "min": 7231.419086456299,
        "max": 7231.419086456299,
        "avg": 7231.419086456299
      }
    },
    "extensions": {}
  },
  "7": {
    "udp": {
      "probes": [
        {
          "rtt": 7126.39594078064,
          "from": "221.183.95.241",
          "reached": false
        }
      ],
      "stats": {
        "count": 1,
        "responses": 1,
        "loss": 0.0,
        "min": 7126.39594078064,
        "max": 7126.39594078064,
        "avg": 7126.39594078064
      }
    },
    "tcp": {
      "probes": [
        {
          "rtt": 7126.00302696228,
          "from": "221.183.95.241",
          "reached": false
        }
      ],
      "stats": {
        "count": 1,
        "responses": 1,
        "loss": 0.0,
        "min": 7126.00302696228,
        "max": 7126.00302696228,
        "avg": 7126.00302696228
      }
    },
    "icmp": {
      "probes": [
        {
          "rtt": 7125.710010528564,
          "from": "221.183.95.241",
          "reached": false
        }
      ],
      "stats": {
        "count": 1,
        "responses": 1,
        "loss": 0.0,
        "min": 7125.710010528564,
        "max": 7125.710010528564,
        "avg": 7125.710010528564
      }
    },
    "extensions": {}
  },
  "8": {
    "udp": {
      "probes": [
        {
          "rtt": 7022.330045700073,
          "from": "221.183.95.241",
          "reached": false
        }
      ],
      "stats": {
        "count": 1,
        "responses": 1,
        "loss": 0.0,