{
  "1": {
    "udp": {
      "probes": [
        {
          "rtt": 10430.691957473755,
          "from": "129.250.5.247",
          "reached": false
        }
      ],
      "stats": {
        "count": 1,
        "responses": 1,
        "loss": 0.0,
        "min": 10430.691957473755,
        "max": 10430.691957473755,
        "avg": 10430.691957473755
      }
    },
    "tcp": {
      "probes": [
        {
          "rtt": 10384.773969650269,
          "from": "129.250.5.247",
          "reached": false
        }
      ],
      "stats": {
        "count": 1,
        "responses": 1,
        "loss": 0.0,
        "min": 10384.773969650269,
        "max": 10384.773969650269,
        "avg": 10384.773969650269
      }
    },
    "icmp": {
      "probes": [
        {
          "rtt": 10367.42115020752,
          "from": "129.250.5.247",
          "reached": false
        }
      ],
      "stats": {
        "count": 1,
        "responses": 1,
        "loss": 0.0,
        "min": 10367.42115020752,
        "max": 10367.42115020752,
        "avg": 10367.42115020752
      }
    },
    "extensions": {}
  },
  "2": {
    "udp": {
      "probes": [
        {
          "rtt": 10205.450057983398,
          "from": "129.250.5.247",
          "reached": false
        }
      ],
      "stats": {
        "count": 1,
        "responses": 1,
        "loss": 0.0,
        "min": 10205.450057983398,
        "max": 10205.450057983398,
        "avg": 10205.450057983398
      }
    },
    "tcp": {
      "probes": [
        {
          "rtt": 10203.846216201782,
          "from": "129.250.5.247",
          "reached": false
        }
      ],
      "stats": {
        "count": 1,
        "responses": 1,
        "loss": 0.0,
        "min": 10203.846216201782,
        "max": 10203.846216201782,
        "avg": 10203.846216201782
      }
    },
    "icmp": {
      "probes": [
        {
          "rtt": 10200.682163238525,
          "from": "129.250.5.247",
          "reached": false
        }
      ],
      "stats": {
        "count": 1,
        "responses": 1,
        "loss": 0.0,
        "min": 10200.682163238525,
        "max": 10200.682163238525,
        "avg": 10200.682163238525
      }
    },
    "extensions": {}
  },
  "3": {
    "udp": {
      "probes": [
        {
          "rtt": 10061.009168624878,
          "from": "129.250.5.247",
          "reached": false
        }
      ],
      "stats": {
        "count": 1,
        "responses": 1,
        "loss": 0.0,
        "min": 10061.009168624878,
        "max": 10061.009168624878,
        "avg": 10061.009168624878
      }
    },
    "tcp": {
      "probes": [
        {
          "rtt": 10059.31282043457,
          "from": "129.250.5.247",
          "reached": false
        }
      ],
      "stats": {
        "count": 1,
        "responses": 1,
        "loss": 0.0,
        "min": 10059.31282043457,
        "max": 10059.31282043457,
        "avg": 10059.31282043457
      }
    },
    "icmp": {
      "probes": [
        {
          "rtt": 10054.811239242554,
          "from": "129.250.5.247",
          "reached": false
        }
      ],
      "stats": {
        "count": 1,
        "responses": 1,
        "loss": 0.0,
        "min": 10054.811239242554,
        "max": 10054.811239242554,
        "avg": 10054.811239242554
      }
    },
    "extensions": {}
  },
  "4": {
    "udp": {
      "probes": [
        {
          "rtt": 9947.181940078735,
          "from": "129.250.5.247",
          "reached": false
        }
      ],
      "stats": {
        "count": 1,
        "responses": 1,
        "loss": 0.0,
        "min": 9947.181940078735,
        "max": 9947.181940078735,
        "avg": 9947.181940078735
      }
    },
    "tcp": {
      "probes": [
        {
          "rtt": 9946.928977966309,
          "from": "129.250.5.247",
          "reached": false
        }
      ],
      "stats": {
        "count": 1,
        "responses": 1,
        "loss": 0.0,
        "min": 9946.928977966309,
        "max": 9946.928977966309,
        "avg": 9946.928977966309
      }
    },
    "icmp": {
      "probes": [
        {
          "rtt": 9948.06694984436,
          "from": "129.250.5.247",
          "reached": false
        }
      ],
      "stats": {
        "count": 1,
        "responses": 1,
        "loss": 0.0,
        "min": 9948.06694984436,
        "max": 9948.06694984436,
        "avg": 9948.06694984436
      }
    },
    "extensions": {}
  },
  "5": {
    "udp": {
      "probes": [
        {
          "rtt": 9842.92197227478,
          "from": "129.250.5.247",
          "reached": false
        }
      ],
      "stats": {
        "count": 1,
        "responses": 1,
        "loss": 0.0,
        "min": 9842.92197227478,
        "max": 9842.92197227478,
        "avg": 9842.92197227478
      }
    },
    "tcp": {
      "probes": [
        {
          "rtt": 9846.11463546753,
          "from": "129.250.5.247",
          "reached": false
        }
      ],
      "stats": {
        "count": 1,
        "responses": 1,
        "loss": 0.0,
        "min": 9846.11463546753,
        "max": 9846.11463546753,
        "avg": 9846.11463546753
      }
    },
    "icmp": {
      "probes": [
        {
          "rtt": 9845.516920089722,
          "from": "129.250.5.247",
          "reached": false
        }
      ],
      "stats": {
        "count": 1,
        "responses": 1,
        "loss": 0.0,
        "min": 9845.516920089722,
        "max": 9845.516920089722,
        "avg": 9845.516920089722
      }
    },
    "extensions": {}
  },
  "6": {
    "udp": {
      "probes": [
        {
          "rtt": 9742.278099060059,
          "from": "129.250.5.247",
          "reached": false
        }
      ],
      "stats": {
        "count": 1,
        "responses": 1,
        "loss": 0.0,
        "min": 9742.278099060059,
        "max": 9742.278099060059,
        "avg": 9742.278099060059
      }
    },
    "tcp": {
      "probes": [
        {
          "rtt": 9742.14506149292,
          "from": "129.250.5.247",
          "reached": false
        }
      ],
      "stats": {
        "count": 1,
        "responses": 1,
        "loss": 0.0,
        "min": 9742.14506149292,
        "max": 9742.14506149292,
        "avg": 9742.14506149292
      }
    },
    "icmp": {
      "probes": [
        {
          "rtt": 9742.75016784668,
          "from": "129.250.5.247",
          "reached": false
        }
      ],
      "stats": {
        "count": 1,
        "responses": 1,
        "loss": 0.0,
        "min": 9742.75016784668,
        "max": 9742.75016784668,
        "avg": 9742.75016784668
      }
    },
    "extensions": {}
  },
  "7": {
    "udp": {
      "probes": [
        {
          "rtt": 9640.086650848389,
          "from": "129.250.5.247",
          "reached": false
        }
      ],
      "stats": {
        "count": 1,
        "responses": 1,
        "loss": 0.0,
        "min": 9640.086650848389,
        "max": 9640.086650848389,
        "avg": 9640.086650848389
      }
    },
    "tcp": {
      "probes": [
        {
          "rtt": 10717.5133228302,
          "from": "129.250.5.247",
          "reached": false
        }
      ],
      "stats": {
        "count": 1,
        "responses": 1,
        "loss": 0.0,
        "min": 10717.5133228302,
        "max": 10717.5133228302,
        "avg": 10717.5133228302
      }
    },
    "icmp": {
      "probes": [
        {
          "rtt": 10719.488143920898,
          "from": "129.250.5.247",
          "reached": false
        }
      ],
      "stats": {
        "count": 1,
        "responses": 1,
        "loss": 0.0,
        "min": 10719.488143920898,
        "max": 10719.488143920898,
        "avg": 10719.488143920898
      }
    },
    "extensions": {}
  },
  "8": {
    "udp": {
      "probes": [
        {
          "rtt": 10628.904104232788,
          "from": "129.250.5.247",
          "reached": false
        }
      ],
      "stats": {
        "count": 1,
        "responses": 1,
        "loss": 0.0,