{
  "1": {
    "udp": {
      "probes": [
        {
          "rtt": 15338.944911956787,
          "from": "10.213.33.25",
          "reached": false
        }
      ],
      "stats": {
        "count": 1,
        "responses": 1,
        "loss": 0.0,
        "min": 15338.944911956787,
        "max": 15338.944911956787,
        "avg": 15338.944911956787
      }
    },
    "tcp": {
      "probes": [
        {
          "rtt": 15357.891082763672,
          "from": "10.213.33.25",
          "reached": false
        }
      ],
      "stats": {
        "count": 1,
        "responses": 1,
        "loss": 0.0,
        "min": 15357.891082763672,
        "max": 15357.891082763672,
        "avg": 15357.891082763672
      }
    },
    "icmp": {
      "probes": [
        {
          "rtt": 15359.003067016602,
          "from": "10.213.33.25",
          "reached": false
        }
      ],
      "stats": {
        "count": 1,
        "responses": 1,
        "loss": 0.0,
        "min": 15359.003067016602,
        "max": 15359.003067016602,
        "avg": 15359.003067016602
      }
    },
    "extensions": {}
  },
  "2": {
    "udp": {
      "probes": [
        {
          "rtt": 15254.572868347168,
          "from": "10.213.33.25",
          "reached": false
        }
      ],
      "stats": {
        "count": 1,
        "responses": 1,
        "loss": 0.0,
        "min": 15254.572868347168,
        "max": 15254.572868347168,
        "avg": 15254.572868347168
      }
    },
    "tcp": {
      "probes": [],
      "stats": {}
    },
    "icmp": {
      "probes": [],
      "stats": {}
    },
    "extensions": {}
  },
  "metadata": {
    "series": [
      "udp",
      "tcp",
      "icmp"
    ],
    "target": "50.1.46.1",
    "protocol": "udp",
    "ip_version": "4",
    "timestamp": "2025-05-15 21:10:04",
    "reached_target": false
  }
}