{
  "1": {
    "udp": {
      "probes": [
        {
          "rtt": 10883.500099182129,
          "from": "10.213.33.33",
          "reached": false
        }
      ],
      "stats": {
        "count": 1,
        "responses": 1,
        "loss": 0.0,
        "min": 10883.500099182129,
        "max": 10883.500099182129,
        "avg": 10883.500099182129
      }
    },
    "tcp": {
      "probes": [
        {
          "rtt": 10884.80281829834,
          "from": "10.213.33.33",
          "reached": false
        }
      ],
      "stats": {
        "count": 1,
        "responses": 1,
        "loss": 0.0,
        "min": 10884.80281829834,
        "max": 10884.80281829834,
        "avg": 10884.80281829834
      }
    },
    "icmp": {
      "probes": [
        {
          "rtt": 10885.125875473022,
          "from": "10.213.33.33",
          "reached": false
        }
      ],
      "stats": {
        "count": 1,
        "responses": 1,
        "loss": 0.0,
        "min": 10885.125875473022,
        "max": 10885.125875473022,
        "avg": 10885.125875473022
      }
    },
    "extensions": {}
  },
  "2": {
    "udp": {
      "probes": [
        {
          "rtt": 10788.004159927368,
          "from": "10.213.33.33",
          "reached": false
        }
      ],
      "stats": {
        "count": 1,
        "responses": 1,
        "loss": 0.0,
        "min": 10788.004159927368,
        "max": 10788.004159927368,
        "avg": 10788.004159927368
      }
    },
    "tcp": {
      "probes": [],
      "stats": {}
    },
    "icmp": {
      "probes": [],
      "stats": {}
    },
    "extensions": {}
  },
  "metadata": {
    "series": [
      "udp",
      "tcp",
      "icmp"
    ],
    "target": "216.228.7.1",
    "protocol": "udp",
    "ip_version": "4",
    "timestamp": "2025-05-15 21:10:13",
    "reached_target": false
  }
}