{
  "1": {
    "udp": {
      "probes": [
        {
          "rtt": 14162.475109100342,
          "from": "10.213.33.25",
          "reached": false
        }
      ],
      "stats": {
        "count": 1,
        "responses": 1,
        "loss": 0.0,
        "min": 14162.475109100342,
        "max": 14162.475109100342,
        "avg": 14162.475109100342
      }
    },
    "tcp": {
      "probes": [
        {
          "rtt": 14168.579816818237,
          "from": "10.213.33.25",
          "reached": false
        }
      ],
      "stats": {
        "count": 1,
        "responses": 1,
        "loss": 0.0,
        "min": 14168.579816818237,
        "max": 14168.579816818237,
        "avg": 14168.579816818237
      }
    },
    "icmp": {
      "probes": [
        {
          "rtt": 15266.5536403656,
          "from": "10.213.33.25",
          "reached": false
        }
      ],
      "stats": {
        "count": 1,
        "responses": 1,
        "loss": 0.0,
        "min": 15266.5536403656,
        "max": 15266.5536403656,
        "avg": 15266.5536403656
      }
    },
    "extensions": {}
  },
  "2": {
    "udp": {
      "probes": [
        {
          "rtt": 15162.737846374512,
          "from": "10.213.33.25",
          "reached": false
        }
      ],
      "stats": {
        "count": 1,
        "responses": 1,
        "loss": 0.0,
        "min": 15162.737846374512,
        "max": 15162.737846374512,
        "avg": 15162.737846374512
      }
    },
    "tcp": {
      "probes": [
        {
          "rtt": 21219.440937042236,
          "from": "10.213.32.41",
          "reached": false
        }
      ],
      "stats": {
        "count": 1,
        "responses": 1,
        "loss": 0.0,
        "min": 21219.440937042236,
        "max": 21219.440937042236,
        "avg": 21219.440937042236
      }
    },
    "icmp": {
      "probes": [
        {
          "rtt": 21199.748039245605,
          "from": "10.213.32.41",
          "reached": false
        }
      ],
      "stats": {
        "count": 1,
        "responses": 1,
        "loss": 0.0,
        "min": 21199.748039245605,
        "max": 21199.748039245605,
        "avg": 21199.748039245605
      }
    },
    "extensions": {}
  },
  "metadata": {
    "series": [
      "udp",
      "tcp",
      "icmp"
    ],
    "target": "27.52.101.1",
    "protocol": "udp",
    "ip_version": "4",
    "timestamp": "2025-05-15 21:10:13",
    "reached_target": false
  }
}