{
  "1": {
    "udp": {
      "probes": [
        {
          "rtt": 14299.633741378784,
          "from": "10.222.1.72",
          "reached": false
        }
      ],
      "stats": {
        "count": 1,
        "responses": 1,
        "loss": 0.0,
        "min": 14299.633741378784,
        "max": 14299.633741378784,
        "avg": 14299.633741378784
      }
    },
    "tcp": {
      "probes": [
        {
          "rtt": 14290.280103683472,
          "from": "10.222.1.72",
          "reached": false
        }
      ],
      "stats": {
        "count": 1,
        "responses": 1,
        "loss": 0.0,
        "min": 14290.280103683472,
        "max": 14290.280103683472,
        "avg": 14290.280103683472
      }
    },
    "icmp": {
      "probes": [
        {
          "rtt": 14285.48288345337,
          "from": "10.222.1.72",
          "reached": false
        }
      ],
      "stats": {
        "count": 1,
        "responses": 1,
        "loss": 0.0,
        "min": 14285.48288345337,
        "max": 14285.48288345337,
        "avg": 14285.48288345337
      }
    },
    "extensions": {}
  },
  "2": {
    "udp": {
      "probes": [
        {
          "rtt": 14179.265022277832,
          "from": "10.222.1.72",
          "reached": false
        }
      ],
      "stats": {
        "count": 1,
        "responses": 1,
        "loss": 0.0,
        "min": 14179.265022277832,
        "max": 14179.265022277832,
        "avg": 14179.265022277832
      }
    },
    "tcp": {
      "probes": [
        {
          "rtt": 14179.245233535767,
          "from": "10.222.1.72",
          "reached": false
        }
      ],
      "stats": {
        "count": 1,
        "responses": 1,
        "loss": 0.0,
        "min": 14179.245233535767,
        "max": 14179.245233535767,
        "avg": 14179.245233535767
      }
    },
    "icmp": {
      "probes": [
        {
          "rtt": 14179.224967956543,
          "from": "10.222.1.72",
          "reached": false
        }
      ],
      "stats": {
        "count": 1,
        "responses": 1,
        "loss": 0.0,
        "min": 14179.224967956543,
        "max": 14179.224967956543,
        "avg": 14179.224967956543
      }
    },
    "extensions": {}
  },
  "3": {
    "udp": {
      "probes": [
        {
          "rtt": 14076.309204101562,
          "from": "10.222.1.72",
          "reached": false
        }
      ],
      "stats": {
        "count": 1,
        "responses": 1,
        "loss": 0.0,
        "min": 14076.309204101562,
        "max": 14076.309204101562,
        "avg": 14076.309204101562
      }
    },
    "tcp": {
      "probes": [
        {
          "rtt": 14076.297044754028,
          "from": "10.222.1.72",
          "reached": false
        }
      ],
      "stats": {
        "count": 1,
        "responses": 1,
        "loss": 0.0,
        "min": 14076.297044754028,
        "max": 14076.297044754028,
        "avg": 14076.297044754028
      }
    },
    "icmp": {
      "probes": [
        {
          "rtt": 14076.286792755127,
          "from": "10.222.1.72",
          "reached": false
        }
      ],
      "stats": {
        "count": 1,
        "responses": 1,
        "loss": 0.0,
        "min": 14076.286792755127,
        "max": 14076.286792755127,
        "avg": 14076.286792755127
      }
    },
    "extensions": {}
  },
  "4": {
    "udp": {
      "probes": [
        {
          "rtt": 13972.100973129272,
          "from": "10.222.1.72",
          "reached": false
        }
      ],
      "stats": {
        "count": 1,
        "responses": 1,
        "loss": 0.0,
        "min": 13972.100973129272,
        "max": 13972.100973129272,
        "avg": 13972.100973129272
      }
    },
    "tcp": {
      "probes": [
        {
          "rtt": 13972.095966339111,
          "from": "10.222.1.72",
          "reached": false
        }
      ],
      "stats": {
        "count": 1,
        "responses": 1,
        "loss": 0.0,
        "min": 13972.095966339111,
        "max": 13972.095966339111,
        "avg": 13972.095966339111
      }
    },
    "icmp": {
      "probes": [
        {
          "rtt": 13972.089052200317,
          "from": "10.222.1.72",
          "reached": false
        }
      ],
      "stats": {
        "count": 1,
        "responses": 1,
        "loss": 0.0,
        "min": 13972.089052200317,
        "max": 13972.089052200317,
        "avg": 13972.089052200317
      }
    },
    "extensions": {}
  },
  "5": {
    "udp": {
      "probes": [
        {
          "rtt": 13867.684125900269,
          "from": "10.222.1.72",
          "reached": false
        }
      ],
      "stats": {
        "count": 1,
        "responses": 1,
        "loss": 0.0,
        "min": 13867.684125900269,
        "max": 13867.684125900269,
        "avg": 13867.684125900269
      }
    },
    "tcp": {
      "probes": [
        {
          "rtt": 13867.67601966858,
          "from": "10.222.1.72",
          "reached": false
        }
      ],
      "stats": {
        "count": 1,
        "responses": 1,
        "loss": 0.0,
        "min": 13867.67601966858,
        "max": 13867.67601966858,
        "avg": 13867.67601966858
      }
    },
    "icmp": {
      "probes": [
        {
          "rtt": 13867.662906646729,
          "from": "10.222.1.72",
          "reached": false
        }
      ],
      "stats": {
        "count": 1,
        "responses": 1,
        "loss": 0.0,
        "min": 13867.662906646729,
        "max": 13867.662906646729,
        "avg": 13867.662906646729
      }
    },
    "extensions": {}
  },
  "6": {
    "udp": {
      "probes": [
        {
          "rtt": 13767.190933227539,
          "from": "10.222.1.72",
          "reached": false
        }
      ],
      "stats": {
        "count": 1,
        "responses": 1,
        "loss": 0.0,
        "min": 13767.190933227539,
        "max": 13767.190933227539,
        "avg": 13767.190933227539
      }
    },
    "tcp": {
      "probes": [
        {
          "rtt": 13767.182111740112,
          "from": "10.222.1.72",
          "reached": false
        }
      ],
      "stats": {
        "count": 1,
        "responses": 1,
        "loss": 0.0,
        "min": 13767.182111740112,
        "max": 13767.182111740112,
        "avg": 13767.182111740112
      }
    },
    "icmp": {
      "probes": [
        {
          "rtt": 13767.167091369629,
          "from": "10.222.1.72",
          "reached": false
        }
      ],
      "stats": {
        "count": 1,
        "responses": 1,
        "loss": 0.0,
        "min": 13767.167091369629,
        "max": 13767.167091369629,
        "avg": 13767.167091369629
      }
    },
    "extensions": {}
  },
  "7": {
    "udp": {
      "probes": [
        {
          "rtt": 13665.183067321777,
          "from": "10.222.1.72",
          "reached": false
        }
      ],
      "stats": {
        "count": 1,
        "responses": 1,
        "loss": 0.0,
        "min": 13665.183067321777,
        "max": 13665.183067321777,
        "avg": 13665.183067321777
      }
    },
    "tcp": {
      "probes": [
        {
          "rtt": 13665.121078491211,
          "from": "10.222.1.72",
          "reached": false
        }
      ],
      "stats": {
        "count": 1,
        "responses": 1,
        "loss": 0.0,
        "min": 13665.121078491211,
        "max": 13665.121078491211,
        "avg": 13665.121078491211
      }
    },
    "icmp": {
      "probes": [
        {
          "rtt": 13665.04716873169,
          "from": "10.222.1.72",
          "reached": false
        }
      ],
      "stats": {
        "count": 1,
        "responses": 1,
        "loss": 0.0,
        "min": 13665.04716873169,
        "max": 13665.04716873169,
        "avg": 13665.04716873169
      }
    },
    "extensions": {}
  },
  "8": {
    "udp": {
      "probes": [
        {
          "rtt": 13561.116933822632,
          "from": "10.222.1.72",
          "reached": false
        }
      ],
      "stats": {
        "count": 1,
        "responses": 1,