{
  "1": {
    "udp": {
      "probes": [
        {
          "rtt": 4850.194931030273,
          "from": "101.95.116.73",
          "reached": false
        }
      ],
      "stats": {
        "count": 1,
        "responses": 1,
        "loss": 0.0,
        "min": 4850.194931030273,
        "max": 4850.194931030273,
        "avg": 4850.194931030273
      }
    },
    "tcp": {
      "probes": [
        {
          "rtt": 4843.475103378296,
          "from": "101.95.116.73",
          "reached": false
        }
      ],
      "stats": {
        "count": 1,
        "responses": 1,
        "loss": 0.0,
        "min": 4843.475103378296,
        "max": 4843.475103378296,
        "avg": 4843.475103378296
      }
    },
    "icmp": {
      "probes": [
        {
          "rtt": 4846.449851989746,
          "from": "101.95.116.73",
          "reached": false
        }
      ],
      "stats": {
        "count": 1,
        "responses": 1,
        "loss": 0.0,
        "min": 4846.449851989746,
        "max": 4846.449851989746,
        "avg": 4846.449851989746
      }
    },
    "extensions": {}
  },
  "2": {
    "udp": {
      "probes": [
        {
          "rtt": 4727.376222610474,
          "from": "101.95.116.73",
          "reached": false
        }
      ],
      "stats": {
        "count": 1,
        "responses": 1,
        "loss": 0.0,
        "min": 4727.376222610474,
        "max": 4727.376222610474,
        "avg": 4727.376222610474
      }
    },
    "tcp": {
      "probes": [
        {
          "rtt": 4704.411745071411,
          "from": "101.95.116.73",
          "reached": false
        }
      ],
      "stats": {
        "count": 1,
        "responses": 1,
        "loss": 0.0,
        "min": 4704.411745071411,
        "max": 4704.411745071411,
        "avg": 4704.411745071411
      }
    },
    "icmp": {
      "probes": [
        {
          "rtt": 4705.661058425903,
          "from": "101.95.116.73",
          "reached": false
        }
      ],
      "stats": {
        "count": 1,
        "responses": 1,
        "loss": 0.0,
        "min": 4705.661058425903,
        "max": 4705.661058425903,
        "avg": 4705.661058425903
      }
    },
    "extensions": {}
  },
  "3": {
    "udp": {
      "probes": [
        {
          "rtt": 4600.080966949463,
          "from": "101.95.116.73",
          "reached": false
        }
      ],
      "stats": {
        "count": 1,
        "responses": 1,
        "loss": 0.0,
        "min": 4600.080966949463,
        "max": 4600.080966949463,
        "avg": 4600.080966949463
      }
    },
    "tcp": {
      "probes": [
        {
          "rtt": 4601.222991943359,
          "from": "101.95.116.73",
          "reached": false
        }
      ],
      "stats": {
        "count": 1,
        "responses": 1,
        "loss": 0.0,
        "min": 4601.222991943359,
        "max": 4601.222991943359,
        "avg": 4601.222991943359
      }
    },
    "icmp": {
      "probes": [
        {
          "rtt": 4601.310014724731,
          "from": "101.95.116.73",
          "reached": false
        }
      ],
      "stats": {
        "count": 1,
        "responses": 1,
        "loss": 0.0,
        "min": 4601.310014724731,
        "max": 4601.310014724731,
        "avg": 4601.310014724731
      }
    },
    "extensions": {}
  },
  "4": {
    "udp": {
      "probes": [
        {
          "rtt": 4481.25696182251,
          "from": "101.95.116.73",
          "reached": false
        }
      ],
      "stats": {
        "count": 1,
        "responses": 1,
        "loss": 0.0,
        "min": 4481.25696182251,
        "max": 4481.25696182251,
        "avg": 4481.25696182251
      }
    },
    "tcp": {
      "probes": [
        {
          "rtt": 4483.582973480225,
          "from": "101.95.116.73",
          "reached": false
        }
      ],
      "stats": {
        "count": 1,
        "responses": 1,
        "loss": 0.0,
        "min": 4483.582973480225,
        "max": 4483.582973480225,
        "avg": 4483.582973480225
      }
    },
    "icmp": {
      "probes": [
        {
          "rtt": 4484.261751174927,
          "from": "101.95.116.73",
          "reached": false
        }
      ],
      "stats": {
        "count": 1,
        "responses": 1,
        "loss": 0.0,
        "min": 4484.261751174927,
        "max": 4484.261751174927,
        "avg": 4484.261751174927
      }
    },
    "extensions": {}
  },
  "metadata": {
    "series": [
      "udp",
      "tcp",
      "icmp"
    ],
    "target": "112.30.162.1",
    "protocol": "udp",
    "ip_version": "4",
    "timestamp": "2025-05-15 17:03:23",
    "reached_target": false
  }
}