{
  "1": {
    "udp": {
      "probes": [
        {
          "rtt": 19274.19114112854,
          "from": "129.250.2.27",
          "reached": false
        }
      ],
      "stats": {
        "count": 1,
        "responses": 1,
        "loss": 0.0,
        "min": 19274.19114112854,
        "max": 19274.19114112854,
        "avg": 19274.19114112854
      }
    },
    "tcp": {
      "probes": [
        {
          "rtt": 19225.414991378784,
          "from": "129.250.2.27",
          "reached": false
        }
      ],
      "stats": {
        "count": 1,
        "responses": 1,
        "loss": 0.0,
        "min": 19225.414991378784,
        "max": 19225.414991378784,
        "avg": 19225.414991378784
      }
    },
    "icmp": {
      "probes": [
        {
          "rtt": 19211.801052093506,
          "from": "129.250.2.27",
          "reached": false
        }
      ],
      "stats": {
        "count": 1,
        "responses": 1,
        "loss": 0.0,
        "min": 19211.801052093506,
        "max": 19211.801052093506,
        "avg": 19211.801052093506
      }
    },
    "extensions": {}
  },
  "2": {
    "udp": {
      "probes": [
        {
          "rtt": 19049.577951431274,
          "from": "129.250.2.27",
          "reached": false
        }
      ],
      "stats": {
        "count": 1,
        "responses": 1,
        "loss": 0.0,
        "min": 19049.577951431274,
        "max": 19049.577951431274,
        "avg": 19049.577951431274
      }
    },
    "tcp": {
      "probes": [
        {
          "rtt": 19048.017024993896,
          "from": "129.250.2.27",
          "reached": false
        }
      ],
      "stats": {
        "count": 1,
        "responses": 1,
        "loss": 0.0,
        "min": 19048.017024993896,
        "max": 19048.017024993896,
        "avg": 19048.017024993896
      }
    },
    "icmp": {
      "probes": [
        {
          "rtt": 19044.342041015625,
          "from": "129.250.2.27",
          "reached": false
        }
      ],
      "stats": {
        "count": 1,
        "responses": 1,
        "loss": 0.0,
        "min": 19044.342041015625,
        "max": 19044.342041015625,
        "avg": 19044.342041015625
      }
    },
    "extensions": {}
  },
  "3": {
    "udp": {
      "probes": [
        {
          "rtt": 18904.053926467896,
          "from": "129.250.2.27",
          "reached": false
        }
      ],
      "stats": {
        "count": 1,
        "responses": 1,
        "loss": 0.0,
        "min": 18904.053926467896,
        "max": 18904.053926467896,
        "avg": 18904.053926467896
      }
    },
    "tcp": {
      "probes": [
        {
          "rtt": 18902.49991416931,
          "from": "129.250.2.27",
          "reached": false
        }
      ],
      "stats": {
        "count": 1,
        "responses": 1,
        "loss": 0.0,
        "min": 18902.49991416931,
        "max": 18902.49991416931,
        "avg": 18902.49991416931
      }
    },
    "icmp": {
      "probes": [
        {
          "rtt": 18895.08581161499,
          "from": "129.250.2.27",
          "reached": false
        }
      ],
      "stats": {
        "count": 1,
        "responses": 1,
        "loss": 0.0,
        "min": 18895.08581161499,
        "max": 18895.08581161499,
        "avg": 18895.08581161499
      }
    },
    "extensions": {}
  },
  "4": {
    "udp": {
      "probes": [
        {
          "rtt": 18790.267944335938,
          "from": "129.250.2.27",
          "reached": false
        }
      ],
      "stats": {
        "count": 1,
        "responses": 1,
        "loss": 0.0,
        "min": 18790.267944335938,
        "max": 18790.267944335938,
        "avg": 18790.267944335938
      }
    },
    "tcp": {
      "probes": [
        {
          "rtt": 18789.573907852173,
          "from": "129.250.2.27",
          "reached": false
        }
      ],
      "stats": {
        "count": 1,
        "responses": 1,
        "loss": 0.0,
        "min": 18789.573907852173,
        "max": 18789.573907852173,
        "avg": 18789.573907852173
      }
    },
    "icmp": {
      "probes": [
        {
          "rtt": 18789.570093154907,
          "from": "129.250.2.27",
          "reached": false
        }
      ],
      "stats": {
        "count": 1,
        "responses": 1,
        "loss": 0.0,
        "min": 18789.570093154907,
        "max": 18789.570093154907,
        "avg": 18789.570093154907
      }
    },
    "extensions": {}
  },
  "5": {
    "udp": {
      "probes": [
        {
          "rtt": 18684.54909324646,
          "from": "129.250.2.27",
          "reached": false
        }
      ],
      "stats": {
        "count": 1,
        "responses": 1,
        "loss": 0.0,
        "min": 18684.54909324646,
        "max": 18684.54909324646,
        "avg": 18684.54909324646
      }
    },
    "tcp": {
      "probes": [
        {
          "rtt": 18684.28897857666,
          "from": "129.250.2.27",
          "reached": false
        }
      ],
      "stats": {
        "count": 1,
        "responses": 1,
        "loss": 0.0,
        "min": 18684.28897857666,
        "max": 18684.28897857666,
        "avg": 18684.28897857666
      }
    },
    "icmp": {
      "probes": [
        {
          "rtt": 18683.756113052368,
          "from": "129.250.2.27",
          "reached": false
        }
      ],
      "stats": {
        "count": 1,
        "responses": 1,
        "loss": 0.0,
        "min": 18683.756113052368,
        "max": 18683.756113052368,
        "avg": 18683.756113052368
      }
    },
    "extensions": {}
  },
  "6": {
    "udp": {
      "probes": [
        {
          "rtt": 18581.54010772705,
          "from": "129.250.2.27",
          "reached": false
        }
      ],
      "stats": {
        "count": 1,
        "responses": 1,
        "loss": 0.0,
        "min": 18581.54010772705,
        "max": 18581.54010772705,
        "avg": 18581.54010772705
      }
    },
    "tcp": {
      "probes": [
        {
          "rtt": 18581.300020217896,
          "from": "129.250.2.27",
          "reached": false
        }
      ],
      "stats": {
        "count": 1,
        "responses": 1,
        "loss": 0.0,
        "min": 18581.300020217896,
        "max": 18581.300020217896,
        "avg": 18581.300020217896
      }
    },
    "icmp": {
      "probes": [
        {
          "rtt": 18580.97004890442,
          "from": "129.250.2.27",
          "reached": false
        }
      ],
      "stats": {
        "count": 1,
        "responses": 1,
        "loss": 0.0,
        "min": 18580.97004890442,
        "max": 18580.97004890442,
        "avg": 18580.97004890442
      }
    },
    "extensions": {}
  },
  "7": {
    "udp": {
      "probes": [
        {
          "rtt": 18475.417852401733,
          "from": "129.250.2.27",
          "reached": false
        }
      ],
      "stats": {
        "count": 1,
        "responses": 1,
        "loss": 0.0,
        "min": 18475.417852401733,
        "max": 18475.417852401733,
        "avg": 18475.417852401733
      }
    },
    "tcp": {
      "probes": [
        {
          "rtt": 18475.41880607605,
          "from": "129.250.2.27",
          "reached": false
        }
      ],
      "stats": {
        "count": 1,
        "responses": 1,
        "loss": 0.0,
        "min": 18475.41880607605,
        "max": 18475.41880607605,
        "avg": 18475.41880607605
      }
    },
    "icmp": {
      "probes": [
        {
          "rtt": 18475.419998168945,
          "from": "129.250.2.27",
          "reached": false
        }
      ],
      "stats": {
        "count": 1,
        "responses": 1,
        "loss": 0.0,
        "min": 18475.419998168945,
        "max": 18475.419998168945,
        "avg": 18475.419998168945
      }
    },
    "extensions": {}
  },
  "8": {
    "udp": {
      "probes": [
        {
          "rtt": 18372.884035110474,
          "from": "129.250.2.27",
          "reached": false
        }
      ],
      "stats": {
        "count": 1,
        "responses": 1,