{
  "1": {
    "udp": {
      "probes": [
        {
          "rtt": 14095.255136489868,
          "from": "10.213.33.25",
          "reached": false
        }
      ],
      "stats": {
        "count": 1,
        "responses": 1,
        "loss": 0.0,
        "min": 14095.255136489868,
        "max": 14095.255136489868,
        "avg": 14095.255136489868
      }
    },
    "tcp": {
      "probes": [
        {
          "rtt": 14102.980852127075,
          "from": "10.213.33.25",
          "reached": false
        }
      ],
      "stats": {
        "count": 1,
        "responses": 1,
        "loss": 0.0,
        "min": 14102.980852127075,
        "max": 14102.980852127075,
        "avg": 14102.980852127075
      }
    },
    "icmp": {
      "probes": [
        {
          "rtt": 14106.96291923523,
          "from": "10.213.33.25",
          "reached": false
        }
      ],
      "stats": {
        "count": 1,
        "responses": 1,
        "loss": 0.0,
        "min": 14106.96291923523,
        "max": 14106.96291923523,
        "avg": 14106.96291923523
      }
    },
    "extensions": {}
  },
  "2": {
    "udp": {
      "probes": [
        {
          "rtt": 13978.361129760742,
          "from": "10.213.33.25",
          "reached": false
        }
      ],
      "stats": {
        "count": 1,
        "responses": 1,
        "loss": 0.0,
        "min": 13978.361129760742,
        "max": 13978.361129760742,
        "avg": 13978.361129760742
      }
    },
    "tcp": {
      "probes": [],
      "stats": {}
    },
    "icmp": {
      "probes": [],
      "stats": {}
    },
    "extensions": {}
  },
  "metadata": {
    "series": [
      "udp",
      "tcp",
      "icmp"
    ],
    "target": "73.171.161.1",
    "protocol": "udp",
    "ip_version": "4",
    "timestamp": "2025-05-15 21:10:13",
    "reached_target": false
  }
}