{
  "1": {
    "udp": {
      "probes": [
        {
          "rtt": 15095.075845718384,
          "from": "129.250.5.227",
          "reached": false
        }
      ],
      "stats": {
        "count": 1,
        "responses": 1,
        "loss": 0.0,
        "min": 15095.075845718384,
        "max": 15095.075845718384,
        "avg": 15095.075845718384
      }
    },
    "tcp": {
      "probes": [
        {
          "rtt": 15024.961948394775,
          "from": "129.250.5.227",
          "reached": false
        }
      ],
      "stats": {
        "count": 1,
        "responses": 1,
        "loss": 0.0,
        "min": 15024.961948394775,
        "max": 15024.961948394775,
        "avg": 15024.961948394775
      }
    },
    "icmp": {
      "probes": [
        {
          "rtt": 15015.462875366211,
          "from": "129.250.5.227",
          "reached": false
        }
      ],
      "stats": {
        "count": 1,
        "responses": 1,
        "loss": 0.0,
        "min": 15015.462875366211,
        "max": 15015.462875366211,
        "avg": 15015.462875366211
      }
    },
    "extensions": {}
  },
  "2": {
    "udp": {
      "probes": [
        {
          "rtt": 14864.665746688843,
          "from": "129.250.5.227",
          "reached": false
        }
      ],
      "stats": {
        "count": 1,
        "responses": 1,
        "loss": 0.0,
        "min": 14864.665746688843,
        "max": 14864.665746688843,
        "avg": 14864.665746688843
      }
    },
    "tcp": {
      "probes": [
        {
          "rtt": 14863.676309585571,
          "from": "129.250.5.227",
          "reached": false
        }
      ],
      "stats": {
        "count": 1,
        "responses": 1,
        "loss": 0.0,
        "min": 14863.676309585571,
        "max": 14863.676309585571,
        "avg": 14863.676309585571
      }
    },
    "icmp": {
      "probes": [
        {
          "rtt": 14863.67392539978,
          "from": "129.250.5.227",
          "reached": false
        }
      ],
      "stats": {
        "count": 1,
        "responses": 1,
        "loss": 0.0,
        "min": 14863.67392539978,
        "max": 14863.67392539978,
        "avg": 14863.67392539978
      }
    },
    "extensions": {}
  },
  "3": {
    "udp": {
      "probes": [
        {
          "rtt": 14757.97414779663,
          "from": "129.250.5.227",
          "reached": false
        }
      ],
      "stats": {
        "count": 1,
        "responses": 1,
        "loss": 0.0,
        "min": 14757.97414779663,
        "max": 14757.97414779663,
        "avg": 14757.97414779663
      }
    },
    "tcp": {
      "probes": [
        {
          "rtt": 14757.96914100647,
          "from": "129.250.5.227",
          "reached": false
        }
      ],
      "stats": {
        "count": 1,
        "responses": 1,
        "loss": 0.0,
        "min": 14757.96914100647,
        "max": 14757.96914100647,
        "avg": 14757.96914100647
      }
    },
    "icmp": {
      "probes": [
        {
          "rtt": 14757.96627998352,
          "from": "129.250.5.227",
          "reached": false
        }
      ],
      "stats": {
        "count": 1,
        "responses": 1,
        "loss": 0.0,
        "min": 14757.96627998352,
        "max": 14757.96627998352,
        "avg": 14757.96627998352
      }
    },
    "extensions": {}
  },
  "4": {
    "udp": {
      "probes": [
        {
          "rtt": 14654.528141021729,
          "from": "129.250.5.227",
          "reached": false
        }
      ],
      "stats": {
        "count": 1,
        "responses": 1,
        "loss": 0.0,
        "min": 14654.528141021729,
        "max": 14654.528141021729,
        "avg": 14654.528141021729
      }
    },
    "tcp": {
      "probes": [
        {
          "rtt": 14654.290199279785,
          "from": "129.250.5.227",
          "reached": false
        }
      ],
      "stats": {
        "count": 1,
        "responses": 1,
        "loss": 0.0,
        "min": 14654.290199279785,
        "max": 14654.290199279785,
        "avg": 14654.290199279785
      }
    },
    "icmp": {
      "probes": [
        {
          "rtt": 14654.282093048096,
          "from": "129.250.5.227",
          "reached": false
        }
      ],
      "stats": {
        "count": 1,
        "responses": 1,
        "loss": 0.0,
        "min": 14654.282093048096,
        "max": 14654.282093048096,
        "avg": 14654.282093048096
      }
    },
    "extensions": {}
  },
  "5": {
    "udp": {
      "probes": [
        {
          "rtt": 14549.846887588501,
          "from": "129.250.5.227",
          "reached": false
        }
      ],
      "stats": {
        "count": 1,
        "responses": 1,
        "loss": 0.0,
        "min": 14549.846887588501,
        "max": 14549.846887588501,
        "avg": 14549.846887588501
      }
    },
    "tcp": {
      "probes": [
        {
          "rtt": 14549.397945404053,
          "from": "129.250.5.227",
          "reached": false
        }
      ],
      "stats": {
        "count": 1,
        "responses": 1,
        "loss": 0.0,
        "min": 14549.397945404053,
        "max": 14549.397945404053,
        "avg": 14549.397945404053
      }
    },
    "icmp": {
      "probes": [
        {
          "rtt": 14549.388885498047,
          "from": "129.250.5.227",
          "reached": false
        }
      ],
      "stats": {
        "count": 1,
        "responses": 1,
        "loss": 0.0,
        "min": 14549.388885498047,
        "max": 14549.388885498047,
        "avg": 14549.388885498047
      }
    },
    "extensions": {}
  },
  "6": {
    "udp": {
      "probes": [
        {
          "rtt": 14446.978092193604,
          "from": "129.250.5.227",
          "reached": false
        }
      ],
      "stats": {
        "count": 1,
        "responses": 1,
        "loss": 0.0,
        "min": 14446.978092193604,
        "max": 14446.978092193604,
        "avg": 14446.978092193604
      }
    },
    "tcp": {
      "probes": [
        {
          "rtt": 14446.91801071167,
          "from": "129.250.5.227",
          "reached": false
        }
      ],
      "stats": {
        "count": 1,
        "responses": 1,
        "loss": 0.0,
        "min": 14446.91801071167,
        "max": 14446.91801071167,
        "avg": 14446.91801071167
      }
    },
    "icmp": {
      "probes": [
        {
          "rtt": 14446.744918823242,
          "from": "129.250.5.227",
          "reached": false
        }
      ],
      "stats": {
        "count": 1,
        "responses": 1,
        "loss": 0.0,
        "min": 14446.744918823242,
        "max": 14446.744918823242,
        "avg": 14446.744918823242
      }
    },
    "extensions": {}
  },
  "7": {
    "udp": {
      "probes": [
        {
          "rtt": 14345.010042190552,
          "from": "129.250.5.227",
          "reached": false
        }
      ],
      "stats": {
        "count": 1,
        "responses": 1,
        "loss": 0.0,
        "min": 14345.010042190552,
        "max": 14345.010042190552,
        "avg": 14345.010042190552
      }
    },
    "tcp": {
      "probes": [
        {
          "rtt": 14344.799041748047,
          "from": "129.250.5.227",
          "reached": false
        }
      ],
      "stats": {
        "count": 1,
        "responses": 1,
        "loss": 0.0,
        "min": 14344.799041748047,
        "max": 14344.799041748047,
        "avg": 14344.799041748047
      }
    },
    "icmp": {
      "probes": [
        {
          "rtt": 14344.749212265015,
          "from": "129.250.5.227",
          "reached": false
        }
      ],
      "stats": {
        "count": 1,
        "responses": 1,
        "loss": 0.0,
        "min": 14344.749212265015,
        "max": 14344.749212265015,
        "avg": 14344.749212265015
      }
    },
    "extensions": {}
  },
  "8": {
    "udp": {
      "probes": [
        {
          "rtt": 14240.533828735352,
          "from": "129.250.5.227",
          "reached": false
        }
      ],
      "stats": {
        "count": 1,