{
  "1": {
    "udp": {
      "probes": [
        {
          "rtt": 16321.428060531616,
          "from": "129.250.5.227",
          "reached": false
        }
      ],
      "stats": {
        "count": 1,
        "responses": 1,
        "loss": 0.0,
        "min": 16321.428060531616,
        "max": 16321.428060531616,
        "avg": 16321.428060531616
      }
    },
    "tcp": {
      "probes": [
        {
          "rtt": 16318.281888961792,
          "from": "129.250.5.227",
          "reached": false
        }
      ],
      "stats": {
        "count": 1,
        "responses": 1,
        "loss": 0.0,
        "min": 16318.281888961792,
        "max": 16318.281888961792,
        "avg": 16318.281888961792
      }
    },
    "icmp": {
      "probes": [
        {
          "rtt": 16318.276166915894,
          "from": "129.250.5.227",
          "reached": false
        }
      ],
      "stats": {
        "count": 1,
        "responses": 1,
        "loss": 0.0,
        "min": 16318.276166915894,
        "max": 16318.276166915894,
        "avg": 16318.276166915894
      }
    },
    "extensions": {}
  },
  "2": {
    "udp": {
      "probes": [
        {
          "rtt": 16126.18112564087,
          "from": "129.250.5.227",
          "reached": false
        }
      ],
      "stats": {
        "count": 1,
        "responses": 1,
        "loss": 0.0,
        "min": 16126.18112564087,
        "max": 16126.18112564087,
        "avg": 16126.18112564087
      }
    },
    "tcp": {
      "probes": [
        {
          "rtt": 16126.09601020813,
          "from": "129.250.5.227",
          "reached": false
        }
      ],
      "stats": {
        "count": 1,
        "responses": 1,
        "loss": 0.0,
        "min": 16126.09601020813,
        "max": 16126.09601020813,
        "avg": 16126.09601020813
      }
    },
    "icmp": {
      "probes": [
        {
          "rtt": 16126.086235046387,
          "from": "129.250.5.227",
          "reached": false
        }
      ],
      "stats": {
        "count": 1,
        "responses": 1,
        "loss": 0.0,
        "min": 16126.086235046387,
        "max": 16126.086235046387,
        "avg": 16126.086235046387
      }
    },
    "extensions": {}
  },
  "3": {
    "udp": {
      "probes": [
        {
          "rtt": 16021.0599899292,
          "from": "129.250.5.227",
          "reached": false
        }
      ],
      "stats": {
        "count": 1,
        "responses": 1,
        "loss": 0.0,
        "min": 16021.0599899292,
        "max": 16021.0599899292,
        "avg": 16021.0599899292
      }
    },
    "tcp": {
      "probes": [
        {
          "rtt": 16021.055936813354,
          "from": "129.250.5.227",
          "reached": false
        }
      ],
      "stats": {
        "count": 1,
        "responses": 1,
        "loss": 0.0,
        "min": 16021.055936813354,
        "max": 16021.055936813354,
        "avg": 16021.055936813354
      }
    },
    "icmp": {
      "probes": [
        {
          "rtt": 16021.048784255981,
          "from": "129.250.5.227",
          "reached": false
        }
      ],
      "stats": {
        "count": 1,
        "responses": 1,
        "loss": 0.0,
        "min": 16021.048784255981,
        "max": 16021.048784255981,
        "avg": 16021.048784255981
      }
    },
    "extensions": {}
  },
  "4": {
    "udp": {
      "probes": [
        {
          "rtt": 15916.037321090698,
          "from": "129.250.5.227",
          "reached": false
        }
      ],
      "stats": {
        "count": 1,
        "responses": 1,
        "loss": 0.0,
        "min": 15916.037321090698,
        "max": 15916.037321090698,
        "avg": 15916.037321090698
      }
    },
    "tcp": {
      "probes": [
        {
          "rtt": 15916.018962860107,
          "from": "129.250.5.227",
          "reached": false
        }
      ],
      "stats": {
        "count": 1,
        "responses": 1,
        "loss": 0.0,
        "min": 15916.018962860107,
        "max": 15916.018962860107,
        "avg": 15916.018962860107
      }
    },
    "icmp": {
      "probes": [
        {
          "rtt": 15916.009187698364,
          "from": "129.250.5.227",
          "reached": false
        }
      ],
      "stats": {
        "count": 1,
        "responses": 1,
        "loss": 0.0,
        "min": 15916.009187698364,
        "max": 15916.009187698364,
        "avg": 15916.009187698364
      }
    },
    "extensions": {}
  },
  "5": {
    "udp": {
      "probes": [
        {
          "rtt": 15811.057090759277,
          "from": "129.250.5.227",
          "reached": false
        }
      ],
      "stats": {
        "count": 1,
        "responses": 1,
        "loss": 0.0,
        "min": 15811.057090759277,
        "max": 15811.057090759277,
        "avg": 15811.057090759277
      }
    },
    "tcp": {
      "probes": [
        {
          "rtt": 15811.048984527588,
          "from": "129.250.5.227",
          "reached": false
        }
      ],
      "stats": {
        "count": 1,
        "responses": 1,
        "loss": 0.0,
        "min": 15811.048984527588,
        "max": 15811.048984527588,
        "avg": 15811.048984527588
      }
    },
    "icmp": {
      "probes": [
        {
          "rtt": 15811.033725738525,
          "from": "129.250.5.227",
          "reached": false
        }
      ],
      "stats": {
        "count": 1,
        "responses": 1,
        "loss": 0.0,
        "min": 15811.033725738525,
        "max": 15811.033725738525,
        "avg": 15811.033725738525
      }
    },
    "extensions": {}
  },
  "6": {
    "udp": {
      "probes": [
        {
          "rtt": 15706.007957458496,
          "from": "129.250.5.227",
          "reached": false
        }
      ],
      "stats": {
        "count": 1,
        "responses": 1,
        "loss": 0.0,
        "min": 15706.007957458496,
        "max": 15706.007957458496,
        "avg": 15706.007957458496
      }
    },
    "tcp": {
      "probes": [
        {
          "rtt": 15705.996036529541,
          "from": "129.250.5.227",
          "reached": false
        }
      ],
      "stats": {
        "count": 1,
        "responses": 1,
        "loss": 0.0,
        "min": 15705.996036529541,
        "max": 15705.996036529541,
        "avg": 15705.996036529541
      }
    },
    "icmp": {
      "probes": [
        {
          "rtt": 15705.981016159058,
          "from": "129.250.5.227",
          "reached": false
        }
      ],
      "stats": {
        "count": 1,
        "responses": 1,
        "loss": 0.0,
        "min": 15705.981016159058,
        "max": 15705.981016159058,
        "avg": 15705.981016159058
      }
    },
    "extensions": {}
  },
  "7": {
    "udp": {
      "probes": [
        {
          "rtt": 15601.405382156372,
          "from": "129.250.5.227",
          "reached": false
        }
      ],
      "stats": {
        "count": 1,
        "responses": 1,
        "loss": 0.0,
        "min": 15601.405382156372,
        "max": 15601.405382156372,
        "avg": 15601.405382156372
      }
    },
    "tcp": {
      "probes": [
        {
          "rtt": 15601.383924484253,
          "from": "129.250.5.227",
          "reached": false
        }
      ],
      "stats": {
        "count": 1,
        "responses": 1,
        "loss": 0.0,
        "min": 15601.383924484253,
        "max": 15601.383924484253,
        "avg": 15601.383924484253
      }
    },
    "icmp": {
      "probes": [
        {
          "rtt": 15601.36866569519,
          "from": "129.250.5.227",
          "reached": false
        }
      ],
      "stats": {
        "count": 1,
        "responses": 1,
        "loss": 0.0,
        "min": 15601.36866569519,
        "max": 15601.36866569519,
        "avg": 15601.36866569519
      }
    },
    "extensions": {}
  },
  "8": {
    "udp": {
      "probes": [
        {
          "rtt": 15496.343851089478,
          "from": "129.250.5.227",
          "reached": false
        }
      ],
      "stats": {
        "count": 1,