{
  "1": {
    "udp": {
      "probes": [
        {
          "rtt": 5362.369060516357,
          "from": "10.213.33.33",
          "reached": false
        }
      ],
      "stats": {
        "count": 1,
        "responses": 1,
        "loss": 0.0,
        "min": 5362.369060516357,
        "max": 5362.369060516357,
        "avg": 5362.369060516357
      }
    },
    "tcp": {
      "probes": [
        {
          "rtt": 5359.976053237915,
          "from": "10.213.33.33",
          "reached": false
        }
      ],
      "stats": {
        "count": 1,
        "responses": 1,
        "loss": 0.0,
        "min": 5359.976053237915,
        "max": 5359.976053237915,
        "avg": 5359.976053237915
      }
    },
    "icmp": {
      "probes": [
        {
          "rtt": 5648.460149765015,
          "from": "10.213.33.33",
          "reached": false
        }
      ],
      "stats": {
        "count": 1,
        "responses": 1,
        "loss": 0.0,
        "min": 5648.460149765015,
        "max": 5648.460149765015,
        "avg": 5648.460149765015
      }
    },
    "extensions": {}
  },
  "2": {
    "udp": {
      "probes": [
        {
          "rtt": 5497.100114822388,
          "from": "10.213.33.33",
          "reached": false
        }
      ],
      "stats": {
        "count": 1,
        "responses": 1,
        "loss": 0.0,
        "min": 5497.100114822388,
        "max": 5497.100114822388,
        "avg": 5497.100114822388
      }
    },
    "tcp": {
      "probes": [
        {
          "rtt": 21321.3472366333,
          "from": "10.213.32.41",
          "reached": false
        }
      ],
      "stats": {
        "count": 1,
        "responses": 1,
        "loss": 0.0,
        "min": 21321.3472366333,
        "max": 21321.3472366333,
        "avg": 21321.3472366333
      }
    },
    "icmp": {
      "probes": [
        {
          "rtt": 21321.417808532715,
          "from": "10.213.32.41",
          "reached": false
        }
      ],
      "stats": {
        "count": 1,
        "responses": 1,
        "loss": 0.0,
        "min": 21321.417808532715,
        "max": 21321.417808532715,
        "avg": 21321.417808532715
      }
    },
    "extensions": {}
  },
  "metadata": {
    "series": [
      "udp",
      "tcp",
      "icmp"
    ],
    "target": "70.45.37.1",
    "protocol": "udp",
    "ip_version": "4",
    "timestamp": "2025-05-15 21:10:13",
    "reached_target": false
  }
}