{
  "1": {
    "udp": {
      "probes": [
        {
          "rtt": 12764.050960540771,
          "from": "180.87.84.128",
          "reached": false
        }
      ],
      "stats": {
        "count": 1,
        "responses": 1,
        "loss": 0.0,
        "min": 12764.050960540771,
        "max": 12764.050960540771,
        "avg": 12764.050960540771
      }
    },
    "tcp": {
      "probes": [
        {
          "rtt": 12703.1991481781,
          "from": "180.87.84.128",
          "reached": false
        }
      ],
      "stats": {
        "count": 1,
        "responses": 1,
        "loss": 0.0,
        "min": 12703.1991481781,
        "max": 12703.1991481781,
        "avg": 12703.1991481781
      }
    },
    "icmp": {
      "probes": [
        {
          "rtt": 12703.183889389038,
          "from": "180.87.84.128",
          "reached": false
        }
      ],
      "stats": {
        "count": 1,
        "responses": 1,
        "loss": 0.0,
        "min": 12703.183889389038,
        "max": 12703.183889389038,
        "avg": 12703.183889389038
      }
    },
    "extensions": {}
  },
  "2": {
    "udp": {
      "probes": [
        {
          "rtt": 12591.75705909729,
          "from": "180.87.84.128",
          "reached": false
        }
      ],
      "stats": {
        "count": 1,
        "responses": 1,
        "loss": 0.0,
        "min": 12591.75705909729,
        "max": 12591.75705909729,
        "avg": 12591.75705909729
      }
    },
    "tcp": {
      "probes": [
        {
          "rtt": 12591.79711341858,
          "from": "180.87.84.128",
          "reached": false
        }
      ],
      "stats": {
        "count": 1,
        "responses": 1,
        "loss": 0.0,
        "min": 12591.79711341858,
        "max": 12591.79711341858,
        "avg": 12591.79711341858
      }
    },
    "icmp": {
      "probes": [
        {
          "rtt": 12591.779947280884,
          "from": "180.87.84.128",
          "reached": false
        }
      ],
      "stats": {
        "count": 1,
        "responses": 1,
        "loss": 0.0,
        "min": 12591.779947280884,
        "max": 12591.779947280884,
        "avg": 12591.779947280884
      }
    },
    "extensions": {}
  },
  "3": {
    "udp": {
      "probes": [
        {
          "rtt": 12486.75513267517,
          "from": "180.87.84.128",
          "reached": false
        }
      ],
      "stats": {
        "count": 1,
        "responses": 1,
        "loss": 0.0,
        "min": 12486.75513267517,
        "max": 12486.75513267517,
        "avg": 12486.75513267517
      }
    },
    "tcp": {
      "probes": [
        {
          "rtt": 12486.752033233643,
          "from": "180.87.84.128",
          "reached": false
        }
      ],
      "stats": {
        "count": 1,
        "responses": 1,
        "loss": 0.0,
        "min": 12486.752033233643,
        "max": 12486.752033233643,
        "avg": 12486.752033233643
      }
    },
    "icmp": {
      "probes": [
        {
          "rtt": 12486.746311187744,
          "from": "180.87.84.128",
          "reached": false
        }
      ],
      "stats": {
        "count": 1,
        "responses": 1,
        "loss": 0.0,
        "min": 12486.746311187744,
        "max": 12486.746311187744,
        "avg": 12486.746311187744
      }
    },
    "extensions": {}
  },
  "4": {
    "udp": {
      "probes": [
        {
          "rtt": 12381.801128387451,
          "from": "180.87.84.128",
          "reached": false
        }
      ],
      "stats": {
        "count": 1,
        "responses": 1,
        "loss": 0.0,
        "min": 12381.801128387451,
        "max": 12381.801128387451,
        "avg": 12381.801128387451
      }
    },
    "tcp": {
      "probes": [
        {
          "rtt": 12381.787061691284,
          "from": "180.87.84.128",
          "reached": false
        }
      ],
      "stats": {
        "count": 1,
        "responses": 1,
        "loss": 0.0,
        "min": 12381.787061691284,
        "max": 12381.787061691284,
        "avg": 12381.787061691284
      }
    },
    "icmp": {
      "probes": [
        {
          "rtt": 12381.777286529541,
          "from": "180.87.84.128",
          "reached": false
        }
      ],
      "stats": {
        "count": 1,
        "responses": 1,
        "loss": 0.0,
        "min": 12381.777286529541,
        "max": 12381.777286529541,
        "avg": 12381.777286529541
      }
    },
    "extensions": {}
  },
  "5": {
    "udp": {
      "probes": [
        {
          "rtt": 12278.393030166626,
          "from": "180.87.84.128",
          "reached": false
        }
      ],
      "stats": {
        "count": 1,
        "responses": 1,
        "loss": 0.0,
        "min": 12278.393030166626,
        "max": 12278.393030166626,
        "avg": 12278.393030166626
      }
    },
    "tcp": {
      "probes": [
        {
          "rtt": 12278.388977050781,
          "from": "180.87.84.128",
          "reached": false
        }
      ],
      "stats": {
        "count": 1,
        "responses": 1,
        "loss": 0.0,
        "min": 12278.388977050781,
        "max": 12278.388977050781,
        "avg": 12278.388977050781
      }
    },
    "icmp": {
      "probes": [
        {
          "rtt": 12278.383016586304,
          "from": "180.87.84.128",
          "reached": false
        }
      ],
      "stats": {
        "count": 1,
        "responses": 1,
        "loss": 0.0,
        "min": 12278.383016586304,
        "max": 12278.383016586304,
        "avg": 12278.383016586304
      }
    },
    "extensions": {}
  },
  "6": {
    "udp": {
      "probes": [
        {
          "rtt": 12177.51693725586,
          "from": "180.87.84.128",
          "reached": false
        }
      ],
      "stats": {
        "count": 1,
        "responses": 1,
        "loss": 0.0,
        "min": 12177.51693725586,
        "max": 12177.51693725586,
        "avg": 12177.51693725586
      }
    },
    "tcp": {
      "probes": [
        {
          "rtt": 12177.481889724731,
          "from": "180.87.84.128",
          "reached": false
        }
      ],
      "stats": {
        "count": 1,
        "responses": 1,
        "loss": 0.0,
        "min": 12177.481889724731,
        "max": 12177.481889724731,
        "avg": 12177.481889724731
      }
    },
    "icmp": {
      "probes": [
        {
          "rtt": 12177.475214004517,
          "from": "180.87.84.128",
          "reached": false
        }
      ],
      "stats": {
        "count": 1,
        "responses": 1,
        "loss": 0.0,
        "min": 12177.475214004517,
        "max": 12177.475214004517,
        "avg": 12177.475214004517
      }
    },
    "extensions": {}
  },
  "7": {
    "udp": {
      "probes": [
        {
          "rtt": 12075.267791748047,
          "from": "180.87.84.128",
          "reached": false
        }
      ],
      "stats": {
        "count": 1,
        "responses": 1,
        "loss": 0.0,
        "min": 12075.267791748047,
        "max": 12075.267791748047,
        "avg": 12075.267791748047
      }
    },
    "tcp": {
      "probes": [
        {
          "rtt": 12075.114250183105,
          "from": "180.87.84.128",
          "reached": false
        }
      ],
      "stats": {
        "count": 1,
        "responses": 1,
        "loss": 0.0,
        "min": 12075.114250183105,
        "max": 12075.114250183105,
        "avg": 12075.114250183105
      }
    },
    "icmp": {
      "probes": [
        {
          "rtt": 12075.107097625732,
          "from": "180.87.84.128",
          "reached": false
        }
      ],
      "stats": {
        "count": 1,
        "responses": 1,
        "loss": 0.0,
        "min": 12075.107097625732,
        "max": 12075.107097625732,
        "avg": 12075.107097625732
      }
    },
    "extensions": {}
  },
  "8": {
    "udp": {
      "probes": [
        {
          "rtt": 11970.95799446106,
          "from": "180.87.84.128",
          "reached": false
        }
      ],
      "stats": {
        "count": 1,