{
  "1": {
    "udp": {
      "probes": [
        {
          "rtt": 13177.109003067017,
          "from": "221.183.141.222",
          "reached": false
        }
      ],
      "stats": {
        "count": 1,
        "responses": 1,
        "loss": 0.0,
        "min": 13177.109003067017,
        "max": 13177.109003067017,
        "avg": 13177.109003067017
      }
    },
    "tcp": {
      "probes": [
        {
          "rtt": 13133.169889450073,
          "from": "221.183.141.222",
          "reached": false
        }
      ],
      "stats": {
        "count": 1,
        "responses": 1,
        "loss": 0.0,
        "min": 13133.169889450073,
        "max": 13133.169889450073,
        "avg": 13133.169889450073
      }
    },
    "icmp": {
      "probes": [
        {
          "rtt": 13115.466117858887,
          "from": "221.183.141.222",
          "reached": false
        }
      ],
      "stats": {
        "count": 1,
        "responses": 1,
        "loss": 0.0,
        "min": 13115.466117858887,
        "max": 13115.466117858887,
        "avg": 13115.466117858887
      }
    },
    "extensions": {}
  },
  "2": {
    "udp": {
      "probes": [
        {
          "rtt": 12953.212976455688,
          "from": "221.183.141.222",
          "reached": false
        }
      ],
      "stats": {
        "count": 1,
        "responses": 1,
        "loss": 0.0,
        "min": 12953.212976455688,
        "max": 12953.212976455688,
        "avg": 12953.212976455688
      }
    },
    "tcp": {
      "probes": [
        {
          "rtt": 12952.713966369629,
          "from": "221.183.141.222",
          "reached": false
        }
      ],
      "stats": {
        "count": 1,
        "responses": 1,
        "loss": 0.0,
        "min": 12952.713966369629,
        "max": 12952.713966369629,
        "avg": 12952.713966369629
      }
    },
    "icmp": {
      "probes": [
        {
          "rtt": 12955.976963043213,
          "from": "221.183.141.222",
          "reached": false
        }
      ],
      "stats": {
        "count": 1,
        "responses": 1,
        "loss": 0.0,
        "min": 12955.976963043213,
        "max": 12955.976963043213,
        "avg": 12955.976963043213
      }
    },
    "extensions": {}
  },
  "3": {
    "udp": {
      "probes": [
        {
          "rtt": 12811.535835266113,
          "from": "221.183.141.222",
          "reached": false
        }
      ],
      "stats": {
        "count": 1,
        "responses": 1,
        "loss": 0.0,
        "min": 12811.535835266113,
        "max": 12811.535835266113,
        "avg": 12811.535835266113
      }
    },
    "tcp": {
      "probes": [
        {
          "rtt": 12811.361074447632,
          "from": "221.183.141.222",
          "reached": false
        }
      ],
      "stats": {
        "count": 1,
        "responses": 1,
        "loss": 0.0,
        "min": 12811.361074447632,
        "max": 12811.361074447632,
        "avg": 12811.361074447632
      }
    },
    "icmp": {
      "probes": [
        {
          "rtt": 12811.364889144897,
          "from": "221.183.141.222",
          "reached": false
        }
      ],
      "stats": {
        "count": 1,
        "responses": 1,
        "loss": 0.0,
        "min": 12811.364889144897,
        "max": 12811.364889144897,
        "avg": 12811.364889144897
      }
    },
    "extensions": {}
  },
  "4": {
    "udp": {
      "probes": [
        {
          "rtt": 12709.261178970337,
          "from": "221.183.141.222",
          "reached": false
        }
      ],
      "stats": {
        "count": 1,
        "responses": 1,
        "loss": 0.0,
        "min": 12709.261178970337,
        "max": 12709.261178970337,
        "avg": 12709.261178970337
      }
    },
    "tcp": {
      "probes": [
        {
          "rtt": 12710.767030715942,
          "from": "221.183.141.222",
          "reached": false
        }
      ],
      "stats": {
        "count": 1,
        "responses": 1,
        "loss": 0.0,
        "min": 12710.767030715942,
        "max": 12710.767030715942,
        "avg": 12710.767030715942
      }
    },
    "icmp": {
      "probes": [
        {
          "rtt": 12710.778951644897,
          "from": "221.183.141.222",
          "reached": false
        }
      ],
      "stats": {
        "count": 1,
        "responses": 1,
        "loss": 0.0,
        "min": 12710.778951644897,
        "max": 12710.778951644897,
        "avg": 12710.778951644897
      }
    },
    "extensions": {}
  },
  "5": {
    "udp": {
      "probes": [
        {
          "rtt": 12602.792978286743,
          "from": "221.183.141.222",
          "reached": false
        }
      ],
      "stats": {
        "count": 1,
        "responses": 1,
        "loss": 0.0,
        "min": 12602.792978286743,
        "max": 12602.792978286743,
        "avg": 12602.792978286743
      }
    },
    "tcp": {
      "probes": [
        {
          "rtt": 12602.351188659668,
          "from": "221.183.141.222",
          "reached": false
        }
      ],
      "stats": {
        "count": 1,
        "responses": 1,
        "loss": 0.0,
        "min": 12602.351188659668,
        "max": 12602.351188659668,
        "avg": 12602.351188659668
      }
    },
    "icmp": {
      "probes": [
        {
          "rtt": 12602.362871170044,
          "from": "221.183.141.222",
          "reached": false
        }
      ],
      "stats": {
        "count": 1,
        "responses": 1,
        "loss": 0.0,
        "min": 12602.362871170044,
        "max": 12602.362871170044,
        "avg": 12602.362871170044
      }
    },
    "extensions": {}
  },
  "6": {
    "udp": {
      "probes": [
        {
          "rtt": 12500.604152679443,
          "from": "221.183.141.222",
          "reached": false
        }
      ],
      "stats": {
        "count": 1,
        "responses": 1,
        "loss": 0.0,
        "min": 12500.604152679443,
        "max": 12500.604152679443,
        "avg": 12500.604152679443
      }
    },
    "tcp": {
      "probes": [
        {
          "rtt": 12501.768827438354,
          "from": "221.183.141.222",
          "reached": false
        }
      ],
      "stats": {
        "count": 1,
        "responses": 1,
        "loss": 0.0,
        "min": 12501.768827438354,
        "max": 12501.768827438354,
        "avg": 12501.768827438354
      }
    },
    "icmp": {
      "probes": [
        {
          "rtt": 12503.745079040527,
          "from": "221.183.141.222",
          "reached": false
        }
      ],
      "stats": {
        "count": 1,
        "responses": 1,
        "loss": 0.0,
        "min": 12503.745079040527,
        "max": 12503.745079040527,
        "avg": 12503.745079040527
      }
    },
    "extensions": {}
  },
  "7": {
    "udp": {
      "probes": [
        {
          "rtt": 13678.262948989868,
          "from": "221.183.141.222",
          "reached": false
        }
      ],
      "stats": {
        "count": 1,
        "responses": 1,
        "loss": 0.0,
        "min": 13678.262948989868,
        "max": 13678.262948989868,
        "avg": 13678.262948989868
      }
    },
    "tcp": {
      "probes": [
        {
          "rtt": 13679.05306816101,
          "from": "221.183.141.222",
          "reached": false
        }
      ],
      "stats": {
        "count": 1,
        "responses": 1,
        "loss": 0.0,
        "min": 13679.05306816101,
        "max": 13679.05306816101,
        "avg": 13679.05306816101
      }
    },
    "icmp": {
      "probes": [
        {
          "rtt": 13679.015159606934,
          "from": "221.183.141.222",
          "reached": false
        }
      ],
      "stats": {
        "count": 1,
        "responses": 1,
        "loss": 0.0,
        "min": 13679.015159606934,
        "max": 13679.015159606934,
        "avg": 13679.015159606934
      }
    },
    "extensions": {}
  },
  "8": {
    "udp": {
      "probes": [
        {
          "rtt": 13575.999975204468,
          "from": "221.183.141.222",