{
  "1": {
    "udp": {
      "probes": [
        {
          "rtt": 14017.791986465454,
          "from": "10.213.33.25",
          "reached": false
        }
      ],
      "stats": {
        "count": 1,
        "responses": 1,
        "loss": 0.0,
        "min": 14017.791986465454,
        "max": 14017.791986465454,
        "avg": 14017.791986465454
      }
    },
    "tcp": {
      "probes": [
        {
          "rtt": 14022.276163101196,
          "from": "10.213.33.25",
          "reached": false
        }
      ],
      "stats": {
        "count": 1,
        "responses": 1,
        "loss": 0.0,
        "min": 14022.276163101196,
        "max": 14022.276163101196,
        "avg": 14022.276163101196
      }
    },
    "icmp": {
      "probes": [
        {
          "rtt": 14037.346124649048,
          "from": "10.213.33.25",
          "reached": false
        }
      ],
      "stats": {
        "count": 1,
        "responses": 1,
        "loss": 0.0,
        "min": 14037.346124649048,
        "max": 14037.346124649048,
        "avg": 14037.346124649048
      }
    },
    "extensions": {}
  },
  "2": {
    "udp": {
      "probes": [
        {
          "rtt": 13922.347068786621,
          "from": "10.213.33.25",
          "reached": false
        }
      ],
      "stats": {
        "count": 1,
        "responses": 1,
        "loss": 0.0,
        "min": 13922.347068786621,
        "max": 13922.347068786621,
        "avg": 13922.347068786621
      }
    },
    "tcp": {
      "probes": [],
      "stats": {}
    },
    "icmp": {
      "probes": [],
      "stats": {}
    },
    "extensions": {}
  },
  "metadata": {
    "series": [
      "udp",
      "tcp",
      "icmp"
    ],
    "target": "72.174.73.1",
    "protocol": "udp",
    "ip_version": "4",
    "timestamp": "2025-05-15 21:10:13",
    "reached_target": false
  }
}