{
  "1": {
    "udp": {
      "probes": [
        {
          "rtt": 23073.08077812195,
          "from": "4.35.156.66",
          "reached": false
        }
      ],
      "stats": {
        "count": 1,
        "responses": 1,
        "loss": 0.0,
        "min": 23073.08077812195,
        "max": 23073.08077812195,
        "avg": 23073.08077812195
      }
    },
    "tcp": {
      "probes": [
        {
          "rtt": 23029.431104660034,
          "from": "4.35.156.66",
          "reached": false
        }
      ],
      "stats": {
        "count": 1,
        "responses": 1,
        "loss": 0.0,
        "min": 23029.431104660034,
        "max": 23029.431104660034,
        "avg": 23029.431104660034
      }
    },
    "icmp": {
      "probes": [
        {
          "rtt": 23026.328086853027,
          "from": "4.35.156.66",
          "reached": false
        }
      ],
      "stats": {
        "count": 1,
        "responses": 1,
        "loss": 0.0,
        "min": 23026.328086853027,
        "max": 23026.328086853027,
        "avg": 23026.328086853027
      }
    },
    "extensions": {}
  },
  "2": {
    "udp": {
      "probes": [
        {
          "rtt": 22908.036947250366,
          "from": "4.35.156.66",
          "reached": false
        }
      ],
      "stats": {
        "count": 1,
        "responses": 1,
        "loss": 0.0,
        "min": 22908.036947250366,
        "max": 22908.036947250366,
        "avg": 22908.036947250366
      }
    },
    "tcp": {
      "probes": [
        {
          "rtt": 22907.289743423462,
          "from": "4.35.156.66",
          "reached": false
        }
      ],
      "stats": {
        "count": 1,
        "responses": 1,
        "loss": 0.0,
        "min": 22907.289743423462,
        "max": 22907.289743423462,
        "avg": 22907.289743423462
      }
    },
    "icmp": {
      "probes": [
        {
          "rtt": 22906.656980514526,
          "from": "4.35.156.66",
          "reached": false
        }
      ],
      "stats": {
        "count": 1,
        "responses": 1,
        "loss": 0.0,
        "min": 22906.656980514526,
        "max": 22906.656980514526,
        "avg": 22906.656980514526
      }
    },
    "extensions": {}
  },
  "3": {
    "udp": {
      "probes": [
        {
          "rtt": 22704.732179641724,
          "from": "4.35.156.66",
          "reached": false
        }
      ],
      "stats": {
        "count": 1,
        "responses": 1,
        "loss": 0.0,
        "min": 22704.732179641724,
        "max": 22704.732179641724,
        "avg": 22704.732179641724
      }
    },
    "tcp": {
      "probes": [
        {
          "rtt": 22703.183889389038,
          "from": "4.35.156.66",
          "reached": false
        }
      ],
      "stats": {
        "count": 1,
        "responses": 1,
        "loss": 0.0,
        "min": 22703.183889389038,
        "max": 22703.183889389038,
        "avg": 22703.183889389038
      }
    },
    "icmp": {
      "probes": [
        {
          "rtt": 22696.47192955017,
          "from": "4.35.156.66",
          "reached": false
        }
      ],
      "stats": {
        "count": 1,
        "responses": 1,
        "loss": 0.0,
        "min": 22696.47192955017,
        "max": 22696.47192955017,
        "avg": 22696.47192955017
      }
    },
    "extensions": {}
  },
  "4": {
    "udp": {
      "probes": [
        {
          "rtt": 22591.522932052612,
          "from": "4.35.156.66",
          "reached": false
        }
      ],
      "stats": {
        "count": 1,
        "responses": 1,
        "loss": 0.0,
        "min": 22591.522932052612,
        "max": 22591.522932052612,
        "avg": 22591.522932052612
      }
    },
    "tcp": {
      "probes": [
        {
          "rtt": 22591.78400039673,
          "from": "4.35.156.66",
          "reached": false
        }
      ],
      "stats": {
        "count": 1,
        "responses": 1,
        "loss": 0.0,
        "min": 22591.78400039673,
        "max": 22591.78400039673,
        "avg": 22591.78400039673
      }
    },
    "icmp": {
      "probes": [
        {
          "rtt": 22591.882944107056,
          "from": "4.35.156.66",
          "reached": false
        }
      ],
      "stats": {
        "count": 1,
        "responses": 1,
        "loss": 0.0,
        "min": 22591.882944107056,
        "max": 22591.882944107056,
        "avg": 22591.882944107056
      }
    },
    "extensions": {}
  },
  "5": {
    "udp": {
      "probes": [
        {
          "rtt": 22487.151861190796,
          "from": "4.35.156.66",
          "reached": false
        }
      ],
      "stats": {
        "count": 1,
        "responses": 1,
        "loss": 0.0,
        "min": 22487.151861190796,
        "max": 22487.151861190796,
        "avg": 22487.151861190796
      }
    },
    "tcp": {
      "probes": [
        {
          "rtt": 22486.878871917725,
          "from": "4.35.156.66",
          "reached": false
        }
      ],
      "stats": {
        "count": 1,
        "responses": 1,
        "loss": 0.0,
        "min": 22486.878871917725,
        "max": 22486.878871917725,
        "avg": 22486.878871917725
      }
    },
    "icmp": {
      "probes": [
        {
          "rtt": 22487.083911895752,
          "from": "4.35.156.66",
          "reached": false
        }
      ],
      "stats": {
        "count": 1,
        "responses": 1,
        "loss": 0.0,
        "min": 22487.083911895752,
        "max": 22487.083911895752,
        "avg": 22487.083911895752
      }
    },
    "extensions": {}
  },
  "6": {
    "udp": {
      "probes": [
        {
          "rtt": 22384.615182876587,
          "from": "4.35.156.66",
          "reached": false
        }
      ],
      "stats": {
        "count": 1,
        "responses": 1,
        "loss": 0.0,
        "min": 22384.615182876587,
        "max": 22384.615182876587,
        "avg": 22384.615182876587
      }
    },
    "tcp": {
      "probes": [
        {
          "rtt": 22384.617805480957,
          "from": "4.35.156.66",
          "reached": false
        }
      ],
      "stats": {
        "count": 1,
        "responses": 1,
        "loss": 0.0,
        "min": 22384.617805480957,
        "max": 22384.617805480957,
        "avg": 22384.617805480957
      }
    },
    "icmp": {
      "probes": [
        {
          "rtt": 22384.627103805542,
          "from": "4.35.156.66",
          "reached": false
        }
      ],
      "stats": {
        "count": 1,
        "responses": 1,
        "loss": 0.0,
        "min": 22384.627103805542,
        "max": 22384.627103805542,
        "avg": 22384.627103805542
      }
    },
    "extensions": {}
  },
  "7": {
    "udp": {
      "probes": [
        {
          "rtt": 22281.10408782959,
          "from": "4.35.156.66",
          "reached": false
        }
      ],
      "stats": {
        "count": 1,
        "responses": 1,
        "loss": 0.0,
        "min": 22281.10408782959,
        "max": 22281.10408782959,
        "avg": 22281.10408782959
      }
    },
    "tcp": {
      "probes": [
        {
          "rtt": 22281.838178634644,
          "from": "4.35.156.66",
          "reached": false
        }
      ],
      "stats": {
        "count": 1,
        "responses": 1,
        "loss": 0.0,
        "min": 22281.838178634644,
        "max": 22281.838178634644,
        "avg": 22281.838178634644
      }
    },
    "icmp": {
      "probes": [
        {
          "rtt": 22281.84986114502,
          "from": "4.35.156.66",
          "reached": false
        }
      ],
      "stats": {
        "count": 1,
        "responses": 1,
        "loss": 0.0,
        "min": 22281.84986114502,
        "max": 22281.84986114502,
        "avg": 22281.84986114502
      }
    },
    "extensions": {}
  },
  "8": {
    "udp": {
      "probes": [
        {
          "rtt": 22179.542064666748,
          "from": "4.35.156.66",
          "reached": false
        }
      ],
      "stats": {
        "count": 1,
        "responses": 1,
        "loss": 0.0,