{
  "1": {
    "udp": {
      "probes": [
        {
          "rtt": 16359.655857086182,
          "from": "4.35.156.66",
          "reached": false
        }
      ],
      "stats": {
        "count": 1,
        "responses": 1,
        "loss": 0.0,
        "min": 16359.655857086182,
        "max": 16359.655857086182,
        "avg": 16359.655857086182
      }
    },
    "tcp": {
      "probes": [
        {
          "rtt": 16300.899028778076,
          "from": "4.35.156.66",
          "reached": false
        }
      ],
      "stats": {
        "count": 1,
        "responses": 1,
        "loss": 0.0,
        "min": 16300.899028778076,
        "max": 16300.899028778076,
        "avg": 16300.899028778076
      }
    },
    "icmp": {
      "probes": [
        {
          "rtt": 16300.875902175903,
          "from": "4.35.156.66",
          "reached": false
        }
      ],
      "stats": {
        "count": 1,
        "responses": 1,
        "loss": 0.0,
        "min": 16300.875902175903,
        "max": 16300.875902175903,
        "avg": 16300.875902175903
      }
    },
    "extensions": {}
  },
  "2": {
    "udp": {
      "probes": [
        {
          "rtt": 16190.10591506958,
          "from": "4.35.156.66",
          "reached": false
        }
      ],
      "stats": {
        "count": 1,
        "responses": 1,
        "loss": 0.0,
        "min": 16190.10591506958,
        "max": 16190.10591506958,
        "avg": 16190.10591506958
      }
    },
    "tcp": {
      "probes": [
        {
          "rtt": 16190.097093582153,
          "from": "4.35.156.66",
          "reached": false
        }
      ],
      "stats": {
        "count": 1,
        "responses": 1,
        "loss": 0.0,
        "min": 16190.097093582153,
        "max": 16190.097093582153,
        "avg": 16190.097093582153
      }
    },
    "icmp": {
      "probes": [
        {
          "rtt": 16190.084218978882,
          "from": "4.35.156.66",
          "reached": false
        }
      ],
      "stats": {
        "count": 1,
        "responses": 1,
        "loss": 0.0,
        "min": 16190.084218978882,
        "max": 16190.084218978882,
        "avg": 16190.084218978882
      }
    },
    "extensions": {}
  },
  "3": {
    "udp": {
      "probes": [
        {
          "rtt": 16085.07490158081,
          "from": "4.35.156.66",
          "reached": false
        }
      ],
      "stats": {
        "count": 1,
        "responses": 1,
        "loss": 0.0,
        "min": 16085.07490158081,
        "max": 16085.07490158081,
        "avg": 16085.07490158081
      }
    },
    "tcp": {
      "probes": [
        {
          "rtt": 16085.062742233276,
          "from": "4.35.156.66",
          "reached": false
        }
      ],
      "stats": {
        "count": 1,
        "responses": 1,
        "loss": 0.0,
        "min": 16085.062742233276,
        "max": 16085.062742233276,
        "avg": 16085.062742233276
      }
    },
    "icmp": {
      "probes": [
        {
          "rtt": 16085.052728652954,
          "from": "4.35.156.66",
          "reached": false
        }
      ],
      "stats": {
        "count": 1,
        "responses": 1,
        "loss": 0.0,
        "min": 16085.052728652954,
        "max": 16085.052728652954,
        "avg": 16085.052728652954
      }
    },
    "extensions": {}
  },
  "4": {
    "udp": {
      "probes": [
        {
          "rtt": 15984.961986541748,
          "from": "4.35.156.66",
          "reached": false
        }
      ],
      "stats": {
        "count": 1,
        "responses": 1,
        "loss": 0.0,
        "min": 15984.961986541748,
        "max": 15984.961986541748,
        "avg": 15984.961986541748
      }
    },
    "tcp": {
      "probes": [
        {
          "rtt": 15984.95101928711,
          "from": "4.35.156.66",
          "reached": false
        }
      ],
      "stats": {
        "count": 1,
        "responses": 1,
        "loss": 0.0,
        "min": 15984.95101928711,
        "max": 15984.95101928711,
        "avg": 15984.95101928711
      }
    },
    "icmp": {
      "probes": [
        {
          "rtt": 15984.94005203247,
          "from": "4.35.156.66",
          "reached": false
        }
      ],
      "stats": {
        "count": 1,
        "responses": 1,
        "loss": 0.0,
        "min": 15984.94005203247,
        "max": 15984.94005203247,
        "avg": 15984.94005203247
      }
    },
    "extensions": {}
  },
  "5": {
    "udp": {
      "probes": [
        {
          "rtt": 15881.407260894775,
          "from": "4.35.156.66",
          "reached": false
        }
      ],
      "stats": {
        "count": 1,
        "responses": 1,
        "loss": 0.0,
        "min": 15881.407260894775,
        "max": 15881.407260894775,
        "avg": 15881.407260894775
      }
    },
    "tcp": {
      "probes": [
        {
          "rtt": 15881.386995315552,
          "from": "4.35.156.66",
          "reached": false
        }
      ],
      "stats": {
        "count": 1,
        "responses": 1,
        "loss": 0.0,
        "min": 15881.386995315552,
        "max": 15881.386995315552,
        "avg": 15881.386995315552
      }
    },
    "icmp": {
      "probes": [
        {
          "rtt": 15881.36887550354,
          "from": "4.35.156.66",
          "reached": false
        }
      ],
      "stats": {
        "count": 1,
        "responses": 1,
        "loss": 0.0,
        "min": 15881.36887550354,
        "max": 15881.36887550354,
        "avg": 15881.36887550354
      }
    },
    "extensions": {}
  },
  "6": {
    "udp": {
      "probes": [
        {
          "rtt": 15780.46727180481,
          "from": "4.35.156.66",
          "reached": false
        }
      ],
      "stats": {
        "count": 1,
        "responses": 1,
        "loss": 0.0,
        "min": 15780.46727180481,
        "max": 15780.46727180481,
        "avg": 15780.46727180481
      }
    },
    "tcp": {
      "probes": [
        {
          "rtt": 15780.417919158936,
          "from": "4.35.156.66",
          "reached": false
        }
      ],
      "stats": {
        "count": 1,
        "responses": 1,
        "loss": 0.0,
        "min": 15780.417919158936,
        "max": 15780.417919158936,
        "avg": 15780.417919158936
      }
    },
    "icmp": {
      "probes": [
        {
          "rtt": 15780.398845672607,
          "from": "4.35.156.66",
          "reached": false
        }
      ],
      "stats": {
        "count": 1,
        "responses": 1,
        "loss": 0.0,
        "min": 15780.398845672607,
        "max": 15780.398845672607,
        "avg": 15780.398845672607
      }
    },
    "extensions": {}
  },
  "7": {
    "udp": {
      "probes": [
        {
          "rtt": 15675.361633300781,
          "from": "4.35.156.66",
          "reached": false
        }
      ],
      "stats": {
        "count": 1,
        "responses": 1,
        "loss": 0.0,
        "min": 15675.361633300781,
        "max": 15675.361633300781,
        "avg": 15675.361633300781
      }
    },
    "tcp": {
      "probes": [
        {
          "rtt": 15675.360918045044,
          "from": "4.35.156.66",
          "reached": false
        }
      ],
      "stats": {
        "count": 1,
        "responses": 1,
        "loss": 0.0,
        "min": 15675.360918045044,
        "max": 15675.360918045044,
        "avg": 15675.360918045044
      }
    },
    "icmp": {
      "probes": [
        {
          "rtt": 15675.352096557617,
          "from": "4.35.156.66",
          "reached": false
        }
      ],
      "stats": {
        "count": 1,
        "responses": 1,
        "loss": 0.0,
        "min": 15675.352096557617,
        "max": 15675.352096557617,
        "avg": 15675.352096557617
      }
    },
    "extensions": {}
  },
  "8": {
    "udp": {
      "probes": [
        {
          "rtt": 15570.326805114746,
          "from": "4.35.156.66",
          "reached": false
        }
      ],
      "stats": {
        "count": 1,
        "responses": 1,
        "loss": 0.0,