{
  "1": {
    "udp": {
      "probes": [
        {
          "rtt": 23132.032871246338,
          "from": "129.250.2.27",
          "reached": false
        }
      ],
      "stats": {
        "count": 1,
        "responses": 1,
        "loss": 0.0,
        "min": 23132.032871246338,
        "max": 23132.032871246338,
        "avg": 23132.032871246338
      }
    },
    "tcp": {
      "probes": [
        {
          "rtt": 23084.47790145874,
          "from": "129.250.2.27",
          "reached": false
        }
      ],
      "stats": {
        "count": 1,
        "responses": 1,
        "loss": 0.0,
        "min": 23084.47790145874,
        "max": 23084.47790145874,
        "avg": 23084.47790145874
      }
    },
    "icmp": {
      "probes": [
        {
          "rtt": 23080.808877944946,
          "from": "129.250.2.27",
          "reached": false
        }
      ],
      "stats": {
        "count": 1,
        "responses": 1,
        "loss": 0.0,
        "min": 23080.808877944946,
        "max": 23080.808877944946,
        "avg": 23080.808877944946
      }
    },
    "extensions": {}
  },
  "2": {
    "udp": {
      "probes": [
        {
          "rtt": 22935.79602241516,
          "from": "129.250.2.27",
          "reached": false
        }
      ],
      "stats": {
        "count": 1,
        "responses": 1,
        "loss": 0.0,
        "min": 22935.79602241516,
        "max": 22935.79602241516,
        "avg": 22935.79602241516
      }
    },
    "tcp": {
      "probes": [
        {
          "rtt": 22936.259984970093,
          "from": "129.250.2.27",
          "reached": false
        }
      ],
      "stats": {
        "count": 1,
        "responses": 1,
        "loss": 0.0,
        "min": 22936.259984970093,
        "max": 22936.259984970093,
        "avg": 22936.259984970093
      }
    },
    "icmp": {
      "probes": [
        {
          "rtt": 22936.378002166748,
          "from": "129.250.2.27",
          "reached": false
        }
      ],
      "stats": {
        "count": 1,
        "responses": 1,
        "loss": 0.0,
        "min": 22936.378002166748,
        "max": 22936.378002166748,
        "avg": 22936.378002166748
      }
    },
    "extensions": {}
  },
  "3": {
    "udp": {
      "probes": [
        {
          "rtt": 22832.694053649902,
          "from": "129.250.2.27",
          "reached": false
        }
      ],
      "stats": {
        "count": 1,
        "responses": 1,
        "loss": 0.0,
        "min": 22832.694053649902,
        "max": 22832.694053649902,
        "avg": 22832.694053649902
      }
    },
    "tcp": {
      "probes": [
        {
          "rtt": 22832.220792770386,
          "from": "129.250.2.27",
          "reached": false
        }
      ],
      "stats": {
        "count": 1,
        "responses": 1,
        "loss": 0.0,
        "min": 22832.220792770386,
        "max": 22832.220792770386,
        "avg": 22832.220792770386
      }
    },
    "icmp": {
      "probes": [
        {
          "rtt": 22832.21173286438,
          "from": "129.250.2.27",
          "reached": false
        }
      ],
      "stats": {
        "count": 1,
        "responses": 1,
        "loss": 0.0,
        "min": 22832.21173286438,
        "max": 22832.21173286438,
        "avg": 22832.21173286438
      }
    },
    "extensions": {}
  },
  "4": {
    "udp": {
      "probes": [
        {
          "rtt": 22728.984117507935,
          "from": "129.250.2.27",
          "reached": false
        }
      ],
      "stats": {
        "count": 1,
        "responses": 1,
        "loss": 0.0,
        "min": 22728.984117507935,
        "max": 22728.984117507935,
        "avg": 22728.984117507935
      }
    },
    "tcp": {
      "probes": [
        {
          "rtt": 22728.612899780273,
          "from": "129.250.2.27",
          "reached": false
        }
      ],
      "stats": {
        "count": 1,
        "responses": 1,
        "loss": 0.0,
        "min": 22728.612899780273,
        "max": 22728.612899780273,
        "avg": 22728.612899780273
      }
    },
    "icmp": {
      "probes": [
        {
          "rtt": 22728.617906570435,
          "from": "129.250.2.27",
          "reached": false
        }
      ],
      "stats": {
        "count": 1,
        "responses": 1,
        "loss": 0.0,
        "min": 22728.617906570435,
        "max": 22728.617906570435,
        "avg": 22728.617906570435
      }
    },
    "extensions": {}
  },
  "5": {
    "udp": {
      "probes": [
        {
          "rtt": 22623.820066452026,
          "from": "129.250.2.27",
          "reached": false
        }
      ],
      "stats": {
        "count": 1,
        "responses": 1,
        "loss": 0.0,
        "min": 22623.820066452026,
        "max": 22623.820066452026,
        "avg": 22623.820066452026
      }
    },
    "tcp": {
      "probes": [
        {
          "rtt": 22623.817920684814,
          "from": "129.250.2.27",
          "reached": false
        }
      ],
      "stats": {
        "count": 1,
        "responses": 1,
        "loss": 0.0,
        "min": 22623.817920684814,
        "max": 22623.817920684814,
        "avg": 22623.817920684814
      }
    },
    "icmp": {
      "probes": [
        {
          "rtt": 22623.812198638916,
          "from": "129.250.2.27",
          "reached": false
        }
      ],
      "stats": {
        "count": 1,
        "responses": 1,
        "loss": 0.0,
        "min": 22623.812198638916,
        "max": 22623.812198638916,
        "avg": 22623.812198638916
      }
    },
    "extensions": {}
  },
  "6": {
    "udp": {
      "probes": [
        {
          "rtt": 22523.48804473877,
          "from": "129.250.2.27",
          "reached": false
        }
      ],
      "stats": {
        "count": 1,
        "responses": 1,
        "loss": 0.0,
        "min": 22523.48804473877,
        "max": 22523.48804473877,
        "avg": 22523.48804473877
      }
    },
    "tcp": {
      "probes": [
        {
          "rtt": 22524.305820465088,
          "from": "129.250.2.27",
          "reached": false
        }
      ],
      "stats": {
        "count": 1,
        "responses": 1,
        "loss": 0.0,
        "min": 22524.305820465088,
        "max": 22524.305820465088,
        "avg": 22524.305820465088
      }
    },
    "icmp": {
      "probes": [
        {
          "rtt": 22524.319171905518,
          "from": "129.250.2.27",
          "reached": false
        }
      ],
      "stats": {
        "count": 1,
        "responses": 1,
        "loss": 0.0,
        "min": 22524.319171905518,
        "max": 22524.319171905518,
        "avg": 22524.319171905518
      }
    },
    "extensions": {}
  },
  "7": {
    "udp": {
      "probes": [
        {
          "rtt": 22419.174194335938,
          "from": "129.250.2.27",
          "reached": false
        }
      ],
      "stats": {
        "count": 1,
        "responses": 1,
        "loss": 0.0,
        "min": 22419.174194335938,
        "max": 22419.174194335938,
        "avg": 22419.174194335938
      }
    },
    "tcp": {
      "probes": [
        {
          "rtt": 22419.130086898804,
          "from": "129.250.2.27",
          "reached": false
        }
      ],
      "stats": {
        "count": 1,
        "responses": 1,
        "loss": 0.0,
        "min": 22419.130086898804,
        "max": 22419.130086898804,
        "avg": 22419.130086898804
      }
    },
    "icmp": {
      "probes": [
        {
          "rtt": 22419.102907180786,
          "from": "129.250.2.27",
          "reached": false
        }
      ],
      "stats": {
        "count": 1,
        "responses": 1,
        "loss": 0.0,
        "min": 22419.102907180786,
        "max": 22419.102907180786,
        "avg": 22419.102907180786
      }
    },
    "extensions": {}
  },
  "8": {
    "udp": {
      "probes": [
        {
          "rtt": 22317.05117225647,
          "from": "129.250.2.27",
          "reached": false
        }
      ],
      "stats": {
        "count": 1,