{
  "1": {
    "udp": {
      "probes": [
        {
          "rtt": 11775.04301071167,
          "from": "10.213.33.33",
          "reached": false
        }
      ],
      "stats": {
        "count": 1,
        "responses": 1,
        "loss": 0.0,
        "min": 11775.04301071167,
        "max": 11775.04301071167,
        "avg": 11775.04301071167
      }
    },
    "tcp": {
      "probes": [
        {
          "rtt": 11772.924184799194,
          "from": "10.213.33.33",
          "reached": false
        }
      ],
      "stats": {
        "count": 1,
        "responses": 1,
        "loss": 0.0,
        "min": 11772.924184799194,
        "max": 11772.924184799194,
        "avg": 11772.924184799194
      }
    },
    "icmp": {
      "probes": [
        {
          "rtt": 11742.94400215149,
          "from": "10.213.33.33",
          "reached": false
        }
      ],
      "stats": {
        "count": 1,
        "responses": 1,
        "loss": 0.0,
        "min": 11742.94400215149,
        "max": 11742.94400215149,
        "avg": 11742.94400215149
      }
    },
    "extensions": {}
  },
  "2": {
    "udp": {
      "probes": [
        {
          "rtt": 11600.109815597534,
          "from": "10.213.33.33",
          "reached": false
        }
      ],
      "stats": {
        "count": 1,
        "responses": 1,
        "loss": 0.0,
        "min": 11600.109815597534,
        "max": 11600.109815597534,
        "avg": 11600.109815597534
      }
    },
    "tcp": {
      "probes": [
        {
          "rtt": 29133.452892303467,
          "from": "10.213.32.41",
          "reached": false
        }
      ],
      "stats": {
        "count": 1,
        "responses": 1,
        "loss": 0.0,
        "min": 29133.452892303467,
        "max": 29133.452892303467,
        "avg": 29133.452892303467
      }
    },
    "icmp": {
      "probes": [
        {
          "rtt": 28651.79991722107,
          "from": "10.213.32.41",
          "reached": false
        }
      ],
      "stats": {
        "count": 1,
        "responses": 1,
        "loss": 0.0,
        "min": 28651.79991722107,
        "max": 28651.79991722107,
        "avg": 28651.79991722107
      }
    },
    "extensions": {}
  },
  "3": {
    "udp": {
      "probes": [
        {
          "rtt": 28620.91302871704,
          "from": "10.213.32.22",
          "reached": false
        }
      ],
      "stats": {
        "count": 1,
        "responses": 1,
        "loss": 0.0,
        "min": 28620.91302871704,
        "max": 28620.91302871704,
        "avg": 28620.91302871704
      }
    },
    "tcp": {
      "probes": [
        {
          "rtt": 28586.425065994263,
          "from": "10.213.32.22",
          "reached": false
        }
      ],
      "stats": {
        "count": 1,
        "responses": 1,
        "loss": 0.0,
        "min": 28586.425065994263,
        "max": 28586.425065994263,
        "avg": 28586.425065994263
      }
    },
    "icmp": {
      "probes": [
        {
          "rtt": 28644.459009170532,
          "from": "203.85.128.94",
          "reached": false
        }
      ],
      "stats": {
        "count": 1,
        "responses": 1,
        "loss": 0.0,
        "min": 28644.459009170532,
        "max": 28644.459009170532,
        "avg": 28644.459009170532
      }
    },
    "extensions": {}
  },
  "4": {
    "udp": {
      "probes": [
        {
          "rtt": 28309.340000152588,
          "from": "203.85.128.94",
          "reached": false
        }
      ],
      "stats": {
        "count": 1,
        "responses": 1,
        "loss": 0.0,
        "min": 28309.340000152588,
        "max": 28309.340000152588,
        "avg": 28309.340000152588
      }
    },
    "tcp": {
      "probes": [],
      "stats": {}
    },
    "icmp": {
      "probes": [],
      "stats": {}
    },
    "extensions": {}
  },
  "metadata": {
    "series": [
      "udp",
      "tcp",
      "icmp"
    ],
    "target": "111.185.176.1",
    "protocol": "udp",
    "ip_version": "4",
    "timestamp": "2025-05-15 21:10:15",
    "reached_target": false
  }
}