{
  "1": {
    "udp": {
      "probes": [
        {
          "rtt": 9872.222185134888,
          "from": "202.105.95.16",
          "reached": false
        }
      ],
      "stats": {
        "count": 1,
        "responses": 1,
        "loss": 0.0,
        "min": 9872.222185134888,
        "max": 9872.222185134888,
        "avg": 9872.222185134888
      }
    },
    "tcp": {
      "probes": [
        {
          "rtt": 9813.135862350464,
          "from": "202.105.95.16",
          "reached": false
        }
      ],
      "stats": {
        "count": 1,
        "responses": 1,
        "loss": 0.0,
        "min": 9813.135862350464,
        "max": 9813.135862350464,
        "avg": 9813.135862350464
      }
    },
    "icmp": {
      "probes": [
        {
          "rtt": 9813.14206123352,
          "from": "202.105.95.16",
          "reached": false
        }
      ],
      "stats": {
        "count": 1,
        "responses": 1,
        "loss": 0.0,
        "min": 9813.14206123352,
        "max": 9813.14206123352,
        "avg": 9813.14206123352
      }
    },
    "extensions": {}
  },
  "2": {
    "udp": {
      "probes": [
        {
          "rtt": 10433.349132537842,
          "from": "202.105.95.16",
          "reached": false
        }
      ],
      "stats": {
        "count": 1,
        "responses": 1,
        "loss": 0.0,
        "min": 10433.349132537842,
        "max": 10433.349132537842,
        "avg": 10433.349132537842
      }
    },
    "tcp": {
      "probes": [
        {
          "rtt": 10433.9919090271,
          "from": "202.105.95.16",
          "reached": false
        }
      ],
      "stats": {
        "count": 1,
        "responses": 1,
        "loss": 0.0,
        "min": 10433.9919090271,
        "max": 10433.9919090271,
        "avg": 10433.9919090271
      }
    },
    "icmp": {
      "probes": [
        {
          "rtt": 10437.55316734314,
          "from": "202.105.95.16",
          "reached": false
        }
      ],
      "stats": {
        "count": 1,
        "responses": 1,
        "loss": 0.0,
        "min": 10437.55316734314,
        "max": 10437.55316734314,
        "avg": 10437.55316734314
      }
    },
    "extensions": {}
  },
  "3": {
    "udp": {
      "probes": [
        {
          "rtt": 10333.070993423462,
          "from": "202.105.95.16",
          "reached": false
        }
      ],
      "stats": {
        "count": 1,
        "responses": 1,
        "loss": 0.0,
        "min": 10333.070993423462,
        "max": 10333.070993423462,
        "avg": 10333.070993423462
      }
    },
    "tcp": {
      "probes": [],
      "stats": {}
    },
    "icmp": {
      "probes": [],
      "stats": {}
    },
    "extensions": {}
  },
  "metadata": {
    "series": [
      "udp",
      "tcp",
      "icmp"
    ],
    "target": "61.235.151.1",
    "protocol": "udp",
    "ip_version": "4",
    "timestamp": "2025-05-15 21:16:18",
    "reached_target": false
  }
}