{
  "1": {
    "udp": {
      "probes": [
        {
          "rtt": 21480.77630996704,
          "from": "129.250.2.123",
          "reached": false
        }
      ],
      "stats": {
        "count": 1,
        "responses": 1,
        "loss": 0.0,
        "min": 21480.77630996704,
        "max": 21480.77630996704,
        "avg": 21480.77630996704
      }
    },
    "tcp": {
      "probes": [
        {
          "rtt": 21434.73792076111,
          "from": "129.250.2.123",
          "reached": false
        }
      ],
      "stats": {
        "count": 1,
        "responses": 1,
        "loss": 0.0,
        "min": 21434.73792076111,
        "max": 21434.73792076111,
        "avg": 21434.73792076111
      }
    },
    "icmp": {
      "probes": [
        {
          "rtt": 21429.46720123291,
          "from": "129.250.2.123",
          "reached": false
        }
      ],
      "stats": {
        "count": 1,
        "responses": 1,
        "loss": 0.0,
        "min": 21429.46720123291,
        "max": 21429.46720123291,
        "avg": 21429.46720123291
      }
    },
    "extensions": {}
  },
  "2": {
    "udp": {
      "probes": [
        {
          "rtt": 21316.437005996704,
          "from": "129.250.2.123",
          "reached": false
        }
      ],
      "stats": {
        "count": 1,
        "responses": 1,
        "loss": 0.0,
        "min": 21316.437005996704,
        "max": 21316.437005996704,
        "avg": 21316.437005996704
      }
    },
    "tcp": {
      "probes": [
        {
          "rtt": 21316.40386581421,
          "from": "129.250.2.123",
          "reached": false
        }
      ],
      "stats": {
        "count": 1,
        "responses": 1,
        "loss": 0.0,
        "min": 21316.40386581421,
        "max": 21316.40386581421,
        "avg": 21316.40386581421
      }
    },
    "icmp": {
      "probes": [
        {
          "rtt": 21316.388845443726,
          "from": "129.250.2.123",
          "reached": false
        }
      ],
      "stats": {
        "count": 1,
        "responses": 1,
        "loss": 0.0,
        "min": 21316.388845443726,
        "max": 21316.388845443726,
        "avg": 21316.388845443726
      }
    },
    "extensions": {}
  },
  "3": {
    "udp": {
      "probes": [
        {
          "rtt": 21214.200973510742,
          "from": "129.250.2.123",
          "reached": false
        }
      ],
      "stats": {
        "count": 1,
        "responses": 1,
        "loss": 0.0,
        "min": 21214.200973510742,
        "max": 21214.200973510742,
        "avg": 21214.200973510742
      }
    },
    "tcp": {
      "probes": [
        {
          "rtt": 21214.195013046265,
          "from": "129.250.2.123",
          "reached": false
        }
      ],
      "stats": {
        "count": 1,
        "responses": 1,
        "loss": 0.0,
        "min": 21214.195013046265,
        "max": 21214.195013046265,
        "avg": 21214.195013046265
      }
    },
    "icmp": {
      "probes": [
        {
          "rtt": 21214.455127716064,
          "from": "129.250.2.123",
          "reached": false
        }
      ],
      "stats": {
        "count": 1,
        "responses": 1,
        "loss": 0.0,
        "min": 21214.455127716064,
        "max": 21214.455127716064,
        "avg": 21214.455127716064
      }
    },
    "extensions": {}
  },
  "4": {
    "udp": {
      "probes": [
        {
          "rtt": 21111.361026763916,
          "from": "129.250.2.123",
          "reached": false
        }
      ],
      "stats": {
        "count": 1,
        "responses": 1,
        "loss": 0.0,
        "min": 21111.361026763916,
        "max": 21111.361026763916,
        "avg": 21111.361026763916
      }
    },
    "tcp": {
      "probes": [
        {
          "rtt": 21111.592054367065,
          "from": "129.250.2.123",
          "reached": false
        }
      ],
      "stats": {
        "count": 1,
        "responses": 1,
        "loss": 0.0,
        "min": 21111.592054367065,
        "max": 21111.592054367065,
        "avg": 21111.592054367065
      }
    },
    "icmp": {
      "probes": [
        {
          "rtt": 21111.61208152771,
          "from": "129.250.2.123",
          "reached": false
        }
      ],
      "stats": {
        "count": 1,
        "responses": 1,
        "loss": 0.0,
        "min": 21111.61208152771,
        "max": 21111.61208152771,
        "avg": 21111.61208152771
      }
    },
    "extensions": {}
  },
  "5": {
    "udp": {
      "probes": [
        {
          "rtt": 21007.292985916138,
          "from": "129.250.2.123",
          "reached": false
        }
      ],
      "stats": {
        "count": 1,
        "responses": 1,
        "loss": 0.0,
        "min": 21007.292985916138,
        "max": 21007.292985916138,
        "avg": 21007.292985916138
      }
    },
    "tcp": {
      "probes": [
        {
          "rtt": 21007.269144058228,
          "from": "129.250.2.123",
          "reached": false
        }
      ],
      "stats": {
        "count": 1,
        "responses": 1,
        "loss": 0.0,
        "min": 21007.269144058228,
        "max": 21007.269144058228,
        "avg": 21007.269144058228
      }
    },
    "icmp": {
      "probes": [
        {
          "rtt": 21176.971673965454,
          "from": "129.250.2.123",
          "reached": false
        }
      ],
      "stats": {
        "count": 1,
        "responses": 1,
        "loss": 0.0,
        "min": 21176.971673965454,
        "max": 21176.971673965454,
        "avg": 21176.971673965454
      }
    },
    "extensions": {}
  },
  "6": {
    "udp": {
      "probes": [
        {
          "rtt": 21072.545051574707,
          "from": "129.250.2.123",
          "reached": false
        }
      ],
      "stats": {
        "count": 1,
        "responses": 1,
        "loss": 0.0,
        "min": 21072.545051574707,
        "max": 21072.545051574707,
        "avg": 21072.545051574707
      }
    },
    "tcp": {
      "probes": [
        {
          "rtt": 21074.584007263184,
          "from": "129.250.2.123",
          "reached": false
        }
      ],
      "stats": {
        "count": 1,
        "responses": 1,
        "loss": 0.0,
        "min": 21074.584007263184,
        "max": 21074.584007263184,
        "avg": 21074.584007263184
      }
    },
    "icmp": {
      "probes": [
        {
          "rtt": 21074.755907058716,
          "from": "129.250.2.123",
          "reached": false
        }
      ],
      "stats": {
        "count": 1,
        "responses": 1,
        "loss": 0.0,
        "min": 21074.755907058716,
        "max": 21074.755907058716,
        "avg": 21074.755907058716
      }
    },
    "extensions": {}
  },
  "7": {
    "udp": {
      "probes": [
        {
          "rtt": 20972.75400161743,
          "from": "129.250.2.123",
          "reached": false
        }
      ],
      "stats": {
        "count": 1,
        "responses": 1,
        "loss": 0.0,
        "min": 20972.75400161743,
        "max": 20972.75400161743,
        "avg": 20972.75400161743
      }
    },
    "tcp": {
      "probes": [
        {
          "rtt": 20971.647024154663,
          "from": "129.250.2.123",
          "reached": false
        }
      ],
      "stats": {
        "count": 1,
        "responses": 1,
        "loss": 0.0,
        "min": 20971.647024154663,
        "max": 20971.647024154663,
        "avg": 20971.647024154663
      }
    },
    "icmp": {
      "probes": [
        {
          "rtt": 20971.48609161377,
          "from": "129.250.2.123",
          "reached": false
        }
      ],
      "stats": {
        "count": 1,
        "responses": 1,
        "loss": 0.0,
        "min": 20971.48609161377,
        "max": 20971.48609161377,
        "avg": 20971.48609161377
      }
    },
    "extensions": {}
  },
  "8": {
    "udp": {
      "probes": [
        {
          "rtt": 20869.394063949585,
          "from": "129.250.2.123",
          "reached": false
        }
      ],
      "stats": {
        "count": 1,