{
  "1": {
    "udp": {
      "probes": [
        {
          "rtt": 12323.385238647461,
          "from": "129.250.9.138",
          "reached": false
        }
      ],
      "stats": {
        "count": 1,
        "responses": 1,
        "loss": 0.0,
        "min": 12323.385238647461,
        "max": 12323.385238647461,
        "avg": 12323.385238647461
      }
    },
    "tcp": {
      "probes": [
        {
          "rtt": 12272.228717803955,
          "from": "129.250.9.138",
          "reached": false
        }
      ],
      "stats": {
        "count": 1,
        "responses": 1,
        "loss": 0.0,
        "min": 12272.228717803955,
        "max": 12272.228717803955,
        "avg": 12272.228717803955
      }
    },
    "icmp": {
      "probes": [
        {
          "rtt": 12271.138191223145,
          "from": "129.250.9.138",
          "reached": false
        }
      ],
      "stats": {
        "count": 1,
        "responses": 1,
        "loss": 0.0,
        "min": 12271.138191223145,
        "max": 12271.138191223145,
        "avg": 12271.138191223145
      }
    },
    "extensions": {}
  },
  "2": {
    "udp": {
      "probes": [
        {
          "rtt": 12137.898921966553,
          "from": "129.250.9.138",
          "reached": false
        }
      ],
      "stats": {
        "count": 1,
        "responses": 1,
        "loss": 0.0,
        "min": 12137.898921966553,
        "max": 12137.898921966553,
        "avg": 12137.898921966553
      }
    },
    "tcp": {
      "probes": [
        {
          "rtt": 12137.511014938354,
          "from": "129.250.9.138",
          "reached": false
        }
      ],
      "stats": {
        "count": 1,
        "responses": 1,
        "loss": 0.0,
        "min": 12137.511014938354,
        "max": 12137.511014938354,
        "avg": 12137.511014938354
      }
    },
    "icmp": {
      "probes": [
        {
          "rtt": 12137.488842010498,
          "from": "129.250.9.138",
          "reached": false
        }
      ],
      "stats": {
        "count": 1,
        "responses": 1,
        "loss": 0.0,
        "min": 12137.488842010498,
        "max": 12137.488842010498,
        "avg": 12137.488842010498
      }
    },
    "extensions": {}
  },
  "3": {
    "udp": {
      "probes": [
        {
          "rtt": 12032.725095748901,
          "from": "129.250.9.138",
          "reached": false
        }
      ],
      "stats": {
        "count": 1,
        "responses": 1,
        "loss": 0.0,
        "min": 12032.725095748901,
        "max": 12032.725095748901,
        "avg": 12032.725095748901
      }
    },
    "tcp": {
      "probes": [
        {
          "rtt": 12031.42499923706,
          "from": "129.250.9.138",
          "reached": false
        }
      ],
      "stats": {
        "count": 1,
        "responses": 1,
        "loss": 0.0,
        "min": 12031.42499923706,
        "max": 12031.42499923706,
        "avg": 12031.42499923706
      }
    },
    "icmp": {
      "probes": [
        {
          "rtt": 12031.419038772583,
          "from": "129.250.9.138",
          "reached": false
        }
      ],
      "stats": {
        "count": 1,
        "responses": 1,
        "loss": 0.0,
        "min": 12031.419038772583,
        "max": 12031.419038772583,
        "avg": 12031.419038772583
      }
    },
    "extensions": {}
  },
  "4": {
    "udp": {
      "probes": [
        {
          "rtt": 11928.214073181152,
          "from": "129.250.9.138",
          "reached": false
        }
      ],
      "stats": {
        "count": 1,
        "responses": 1,
        "loss": 0.0,
        "min": 11928.214073181152,
        "max": 11928.214073181152,
        "avg": 11928.214073181152
      }
    },
    "tcp": {
      "probes": [
        {
          "rtt": 11928.210735321045,
          "from": "129.250.9.138",
          "reached": false
        }
      ],
      "stats": {
        "count": 1,
        "responses": 1,
        "loss": 0.0,
        "min": 11928.210735321045,
        "max": 11928.210735321045,
        "avg": 11928.210735321045
      }
    },
    "icmp": {
      "probes": [
        {
          "rtt": 11928.207874298096,
          "from": "129.250.9.138",
          "reached": false
        }
      ],
      "stats": {
        "count": 1,
        "responses": 1,
        "loss": 0.0,
        "min": 11928.207874298096,
        "max": 11928.207874298096,
        "avg": 11928.207874298096
      }
    },
    "extensions": {}
  },
  "5": {
    "udp": {
      "probes": [
        {
          "rtt": 11826.775074005127,
          "from": "129.250.9.138",
          "reached": false
        }
      ],
      "stats": {
        "count": 1,
        "responses": 1,
        "loss": 0.0,
        "min": 11826.775074005127,
        "max": 11826.775074005127,
        "avg": 11826.775074005127
      }
    },
    "tcp": {
      "probes": [
        {
          "rtt": 11825.77395439148,
          "from": "129.250.9.138",
          "reached": false
        }
      ],
      "stats": {
        "count": 1,
        "responses": 1,
        "loss": 0.0,
        "min": 11825.77395439148,
        "max": 11825.77395439148,
        "avg": 11825.77395439148
      }
    },
    "icmp": {
      "probes": [
        {
          "rtt": 11825.522899627686,
          "from": "129.250.9.138",
          "reached": false
        }
      ],
      "stats": {
        "count": 1,
        "responses": 1,
        "loss": 0.0,
        "min": 11825.522899627686,
        "max": 11825.522899627686,
        "avg": 11825.522899627686
      }
    },
    "extensions": {}
  },
  "6": {
    "udp": {
      "probes": [
        {
          "rtt": 11720.240831375122,
          "from": "129.250.9.138",
          "reached": false
        }
      ],
      "stats": {
        "count": 1,
        "responses": 1,
        "loss": 0.0,
        "min": 11720.240831375122,
        "max": 11720.240831375122,
        "avg": 11720.240831375122
      }
    },
    "tcp": {
      "probes": [
        {
          "rtt": 11719.89917755127,
          "from": "129.250.9.138",
          "reached": false
        }
      ],
      "stats": {
        "count": 1,
        "responses": 1,
        "loss": 0.0,
        "min": 11719.89917755127,
        "max": 11719.89917755127,
        "avg": 11719.89917755127
      }
    },
    "icmp": {
      "probes": [
        {
          "rtt": 11719.237804412842,
          "from": "129.250.9.138",
          "reached": false
        }
      ],
      "stats": {
        "count": 1,
        "responses": 1,
        "loss": 0.0,
        "min": 11719.237804412842,
        "max": 11719.237804412842,
        "avg": 11719.237804412842
      }
    },
    "extensions": {}
  },
  "7": {
    "udp": {
      "probes": [
        {
          "rtt": 11616.837978363037,
          "from": "129.250.9.138",
          "reached": false
        }
      ],
      "stats": {
        "count": 1,
        "responses": 1,
        "loss": 0.0,
        "min": 11616.837978363037,
        "max": 11616.837978363037,
        "avg": 11616.837978363037
      }
    },
    "tcp": {
      "probes": [
        {
          "rtt": 11616.020917892456,
          "from": "129.250.9.138",
          "reached": false
        }
      ],
      "stats": {
        "count": 1,
        "responses": 1,
        "loss": 0.0,
        "min": 11616.020917892456,
        "max": 11616.020917892456,
        "avg": 11616.020917892456
      }
    },
    "icmp": {
      "probes": [
        {
          "rtt": 11616.000890731812,
          "from": "129.250.9.138",
          "reached": false
        }
      ],
      "stats": {
        "count": 1,
        "responses": 1,
        "loss": 0.0,
        "min": 11616.000890731812,
        "max": 11616.000890731812,
        "avg": 11616.000890731812
      }
    },
    "extensions": {}
  },
  "8": {
    "udp": {
      "probes": [
        {
          "rtt": 11512.50410079956,
          "from": "129.250.9.138",
          "reached": false
        }
      ],