{
  "1": {
    "udp": {
      "probes": [
        {
          "rtt": 433.7189197540283,
          "from": "10.209.64.1",
          "reached": false
        }
      ],
      "stats": {
        "count": 1,
        "responses": 1,
        "loss": 0.0,
        "min": 433.7189197540283,
        "max": 433.7189197540283,
        "avg": 433.7189197540283
      }
    },
    "tcp": {
      "probes": [
        {
          "rtt": 667.809009552002,
          "from": "10.213.32.41",
          "reached": false
        }
      ],
      "stats": {
        "count": 1,
        "responses": 1,
        "loss": 0.0,
        "min": 667.809009552002,
        "max": 667.809009552002,
        "avg": 667.809009552002
      }
    },
    "icmp": {
      "probes": [
        {
          "rtt": 677.5181293487549,
          "from": "10.213.32.41",
          "reached": false
        }
      ],
      "stats": {
        "count": 1,
        "responses": 1,
        "loss": 0.0,
        "min": 677.5181293487549,
        "max": 677.5181293487549,
        "avg": 677.5181293487549
      }
    },
    "extensions": {}
  },
  "2": {
    "udp": {
      "probes": [
        {
          "rtt": 27874.128818511963,
          "from": "10.213.32.22",
          "reached": false
        }
      ],
      "stats": {
        "count": 1,
        "responses": 1,
        "loss": 0.0,
        "min": 27874.128818511963,
        "max": 27874.128818511963,
        "avg": 27874.128818511963
      }
    },
    "tcp": {
      "probes": [
        {
          "rtt": 47877.81023979187,
          "from": "10.213.32.22",
          "reached": false
        }
      ],
      "stats": {
        "count": 1,
        "responses": 1,
        "loss": 0.0,
        "min": 47877.81023979187,
        "max": 47877.81023979187,
        "avg": 47877.81023979187
      }
    },
    "icmp": {
      "probes": [
        {
          "rtt": 57326.79986953735,
          "from": "203.85.128.94",
          "reached": false
        }
      ],
      "stats": {
        "count": 1,
        "responses": 1,
        "loss": 0.0,
        "min": 57326.79986953735,
        "max": 57326.79986953735,
        "avg": 57326.79986953735
      }
    },
    "extensions": {}
  },
  "3": {
    "udp": {
      "probes": [
        {
          "rtt": 57225.887060165405,
          "from": "203.85.128.94",
          "reached": false
        }
      ],
      "stats": {
        "count": 1,
        "responses": 1,
        "loss": 0.0,
        "min": 57225.887060165405,
        "max": 57225.887060165405,
        "avg": 57225.887060165405
      }
    },
    "tcp": {
      "probes": [
        {
          "rtt": 69962.41903305054,
          "from": "202.76.18.72",
          "reached": false
        }
      ],
      "stats": {
        "count": 1,
        "responses": 1,
        "loss": 0.0,
        "min": 69962.41903305054,
        "max": 69962.41903305054,
        "avg": 69962.41903305054
      }
    },
    "icmp": {
      "probes": [
        {
          "rtt": 69980.63492774963,
          "from": "202.76.18.72",
          "reached": false
        }
      ],
      "stats": {
        "count": 1,
        "responses": 1,
        "loss": 0.0,
        "min": 69980.63492774963,
        "max": 69980.63492774963,
        "avg": 69980.63492774963
      }
    },
    "extensions": {}
  },
  "metadata": {
    "series": [
      "udp",
      "tcp",
      "icmp"
    ],
    "target": "27.170.222.1",
    "protocol": "udp",
    "ip_version": "4",
    "timestamp": "2025-05-15 16:59:42",
    "reached_target": false
  }
}