{
  "1": {
    "udp": {
      "probes": [
        {
          "rtt": 28045.676946640015,
          "from": "129.250.5.247",
          "reached": false
        }
      ],
      "stats": {
        "count": 1,
        "responses": 1,
        "loss": 0.0,
        "min": 28045.676946640015,
        "max": 28045.676946640015,
        "avg": 28045.676946640015
      }
    },
    "tcp": {
      "probes": [
        {
          "rtt": 28009.21082496643,
          "from": "129.250.5.247",
          "reached": false
        }
      ],
      "stats": {
        "count": 1,
        "responses": 1,
        "loss": 0.0,
        "min": 28009.21082496643,
        "max": 28009.21082496643,
        "avg": 28009.21082496643
      }
    },
    "icmp": {
      "probes": [
        {
          "rtt": 28004.94909286499,
          "from": "129.250.5.247",
          "reached": false
        }
      ],
      "stats": {
        "count": 1,
        "responses": 1,
        "loss": 0.0,
        "min": 28004.94909286499,
        "max": 28004.94909286499,
        "avg": 28004.94909286499
      }
    },
    "extensions": {}
  },
  "2": {
    "udp": {
      "probes": [
        {
          "rtt": 27860.604763031006,
          "from": "129.250.5.247",
          "reached": false
        }
      ],
      "stats": {
        "count": 1,
        "responses": 1,
        "loss": 0.0,
        "min": 27860.604763031006,
        "max": 27860.604763031006,
        "avg": 27860.604763031006
      }
    },
    "tcp": {
      "probes": [
        {
          "rtt": 27860.52393913269,
          "from": "129.250.5.247",
          "reached": false
        }
      ],
      "stats": {
        "count": 1,
        "responses": 1,
        "loss": 0.0,
        "min": 27860.52393913269,
        "max": 27860.52393913269,
        "avg": 27860.52393913269
      }
    },
    "icmp": {
      "probes": [
        {
          "rtt": 27860.464096069336,
          "from": "129.250.5.247",
          "reached": false
        }
      ],
      "stats": {
        "count": 1,
        "responses": 1,
        "loss": 0.0,
        "min": 27860.464096069336,
        "max": 27860.464096069336,
        "avg": 27860.464096069336
      }
    },
    "extensions": {}
  },
  "3": {
    "udp": {
      "probes": [
        {
          "rtt": 27755.640983581543,
          "from": "129.250.5.247",
          "reached": false
        }
      ],
      "stats": {
        "count": 1,
        "responses": 1,
        "loss": 0.0,
        "min": 27755.640983581543,
        "max": 27755.640983581543,
        "avg": 27755.640983581543
      }
    },
    "tcp": {
      "probes": [
        {
          "rtt": 27755.63073158264,
          "from": "129.250.5.247",
          "reached": false
        }
      ],
      "stats": {
        "count": 1,
        "responses": 1,
        "loss": 0.0,
        "min": 27755.63073158264,
        "max": 27755.63073158264,
        "avg": 27755.63073158264
      }
    },
    "icmp": {
      "probes": [
        {
          "rtt": 27755.348920822144,
          "from": "129.250.5.247",
          "reached": false
        }
      ],
      "stats": {
        "count": 1,
        "responses": 1,
        "loss": 0.0,
        "min": 27755.348920822144,
        "max": 27755.348920822144,
        "avg": 27755.348920822144
      }
    },
    "extensions": {}
  },
  "4": {
    "udp": {
      "probes": [
        {
          "rtt": 27651.45707130432,
          "from": "129.250.5.247",
          "reached": false
        }
      ],
      "stats": {
        "count": 1,
        "responses": 1,
        "loss": 0.0,
        "min": 27651.45707130432,
        "max": 27651.45707130432,
        "avg": 27651.45707130432
      }
    },
    "tcp": {
      "probes": [
        {
          "rtt": 27651.45492553711,
          "from": "129.250.5.247",
          "reached": false
        }
      ],
      "stats": {
        "count": 1,
        "responses": 1,
        "loss": 0.0,
        "min": 27651.45492553711,
        "max": 27651.45492553711,
        "avg": 27651.45492553711
      }
    },
    "icmp": {
      "probes": [
        {
          "rtt": 27651.445150375366,
          "from": "129.250.5.247",
          "reached": false
        }
      ],
      "stats": {
        "count": 1,
        "responses": 1,
        "loss": 0.0,
        "min": 27651.445150375366,
        "max": 27651.445150375366,
        "avg": 27651.445150375366
      }
    },
    "extensions": {}
  },
  "5": {
    "udp": {
      "probes": [
        {
          "rtt": 27546.422958374023,
          "from": "129.250.5.247",
          "reached": false
        }
      ],
      "stats": {
        "count": 1,
        "responses": 1,
        "loss": 0.0,
        "min": 27546.422958374023,
        "max": 27546.422958374023,
        "avg": 27546.422958374023
      }
    },
    "tcp": {
      "probes": [
        {
          "rtt": 27546.29611968994,
          "from": "129.250.5.247",
          "reached": false
        }
      ],
      "stats": {
        "count": 1,
        "responses": 1,
        "loss": 0.0,
        "min": 27546.29611968994,
        "max": 27546.29611968994,
        "avg": 27546.29611968994
      }
    },
    "icmp": {
      "probes": [
        {
          "rtt": 27546.113967895508,
          "from": "129.250.5.247",
          "reached": false
        }
      ],
      "stats": {
        "count": 1,
        "responses": 1,
        "loss": 0.0,
        "min": 27546.113967895508,
        "max": 27546.113967895508,
        "avg": 27546.113967895508
      }
    },
    "extensions": {}
  },
  "6": {
    "udp": {
      "probes": [
        {
          "rtt": 27445.139169692993,
          "from": "129.250.5.247",
          "reached": false
        }
      ],
      "stats": {
        "count": 1,
        "responses": 1,
        "loss": 0.0,
        "min": 27445.139169692993,
        "max": 27445.139169692993,
        "avg": 27445.139169692993
      }
    },
    "tcp": {
      "probes": [
        {
          "rtt": 27445.110082626343,
          "from": "129.250.5.247",
          "reached": false
        }
      ],
      "stats": {
        "count": 1,
        "responses": 1,
        "loss": 0.0,
        "min": 27445.110082626343,
        "max": 27445.110082626343,
        "avg": 27445.110082626343
      }
    },
    "icmp": {
      "probes": [
        {
          "rtt": 27444.899797439575,
          "from": "129.250.5.247",
          "reached": false
        }
      ],
      "stats": {
        "count": 1,
        "responses": 1,
        "loss": 0.0,
        "min": 27444.899797439575,
        "max": 27444.899797439575,
        "avg": 27444.899797439575
      }
    },
    "extensions": {}
  },
  "7": {
    "udp": {
      "probes": [
        {
          "rtt": 27339.89191055298,
          "from": "129.250.5.247",
          "reached": false
        }
      ],
      "stats": {
        "count": 1,
        "responses": 1,
        "loss": 0.0,
        "min": 27339.89191055298,
        "max": 27339.89191055298,
        "avg": 27339.89191055298
      }
    },
    "tcp": {
      "probes": [
        {
          "rtt": 27339.828968048096,
          "from": "129.250.5.247",
          "reached": false
        }
      ],
      "stats": {
        "count": 1,
        "responses": 1,
        "loss": 0.0,
        "min": 27339.828968048096,
        "max": 27339.828968048096,
        "avg": 27339.828968048096
      }
    },
    "icmp": {
      "probes": [
        {
          "rtt": 27339.811086654663,
          "from": "129.250.5.247",
          "reached": false
        }
      ],
      "stats": {
        "count": 1,
        "responses": 1,
        "loss": 0.0,
        "min": 27339.811086654663,
        "max": 27339.811086654663,
        "avg": 27339.811086654663
      }
    },
    "extensions": {}
  },
  "8": {
    "udp": {
      "probes": [
        {
          "rtt": 27237.468957901,
          "from": "129.250.5.247",
          "reached": false
        }
      ],
      "stats": {
        "count": 1,