{
  "1": {
    "udp": {
      "probes": [
        {
          "rtt": 14035.43210029602,
          "from": "10.213.33.25",
          "reached": false
        }
      ],
      "stats": {
        "count": 1,
        "responses": 1,
        "loss": 0.0,
        "min": 14035.43210029602,
        "max": 14035.43210029602,
        "avg": 14035.43210029602
      }
    },
    "tcp": {
      "probes": [
        {
          "rtt": 14035.379886627197,
          "from": "10.213.33.25",
          "reached": false
        }
      ],
      "stats": {
        "count": 1,
        "responses": 1,
        "loss": 0.0,
        "min": 14035.379886627197,
        "max": 14035.379886627197,
        "avg": 14035.379886627197
      }
    },
    "icmp": {
      "probes": [
        {
          "rtt": 14035.470962524414,
          "from": "10.213.33.25",
          "reached": false
        }
      ],
      "stats": {
        "count": 1,
        "responses": 1,
        "loss": 0.0,
        "min": 14035.470962524414,
        "max": 14035.470962524414,
        "avg": 14035.470962524414
      }
    },
    "extensions": {}
  },
  "2": {
    "udp": {
      "probes": [
        {
          "rtt": 13929.675102233887,
          "from": "10.213.33.25",
          "reached": false
        }
      ],
      "stats": {
        "count": 1,
        "responses": 1,
        "loss": 0.0,
        "min": 13929.675102233887,
        "max": 13929.675102233887,
        "avg": 13929.675102233887
      }
    },
    "tcp": {
      "probes": [],
      "stats": {}
    },
    "icmp": {
      "probes": [],
      "stats": {}
    },
    "extensions": {}
  },
  "metadata": {
    "series": [
      "udp",
      "tcp",
      "icmp"
    ],
    "target": "87.68.203.1",
    "protocol": "udp",
    "ip_version": "4",
    "timestamp": "2025-05-15 21:10:13",
    "reached_target": false
  }
}