{
  "1": {
    "udp": {
      "probes": [
        {
          "rtt": 13420.171022415161,
          "from": "129.250.5.227",
          "reached": false
        }
      ],
      "stats": {
        "count": 1,
        "responses": 1,
        "loss": 0.0,
        "min": 13420.171022415161,
        "max": 13420.171022415161,
        "avg": 13420.171022415161
      }
    },
    "tcp": {
      "probes": [
        {
          "rtt": 13358.247995376587,
          "from": "129.250.5.227",
          "reached": false
        }
      ],
      "stats": {
        "count": 1,
        "responses": 1,
        "loss": 0.0,
        "min": 13358.247995376587,
        "max": 13358.247995376587,
        "avg": 13358.247995376587
      }
    },
    "icmp": {
      "probes": [
        {
          "rtt": 13358.067989349365,
          "from": "129.250.5.227",
          "reached": false
        }
      ],
      "stats": {
        "count": 1,
        "responses": 1,
        "loss": 0.0,
        "min": 13358.067989349365,
        "max": 13358.067989349365,
        "avg": 13358.067989349365
      }
    },
    "extensions": {}
  },
  "2": {
    "udp": {
      "probes": [
        {
          "rtt": 13247.661828994751,
          "from": "129.250.5.227",
          "reached": false
        }
      ],
      "stats": {
        "count": 1,
        "responses": 1,
        "loss": 0.0,
        "min": 13247.661828994751,
        "max": 13247.661828994751,
        "avg": 13247.661828994751
      }
    },
    "tcp": {
      "probes": [
        {
          "rtt": 13247.655868530273,
          "from": "129.250.5.227",
          "reached": false
        }
      ],
      "stats": {
        "count": 1,
        "responses": 1,
        "loss": 0.0,
        "min": 13247.655868530273,
        "max": 13247.655868530273,
        "avg": 13247.655868530273
      }
    },
    "icmp": {
      "probes": [
        {
          "rtt": 13248.007774353027,
          "from": "129.250.5.227",
          "reached": false
        }
      ],
      "stats": {
        "count": 1,
        "responses": 1,
        "loss": 0.0,
        "min": 13248.007774353027,
        "max": 13248.007774353027,
        "avg": 13248.007774353027
      }
    },
    "extensions": {}
  },
  "3": {
    "udp": {
      "probes": [
        {
          "rtt": 13143.813133239746,
          "from": "129.250.5.227",
          "reached": false
        }
      ],
      "stats": {
        "count": 1,
        "responses": 1,
        "loss": 0.0,
        "min": 13143.813133239746,
        "max": 13143.813133239746,
        "avg": 13143.813133239746
      }
    },
    "tcp": {
      "probes": [
        {
          "rtt": 13144.706964492798,
          "from": "129.250.5.227",
          "reached": false
        }
      ],
      "stats": {
        "count": 1,
        "responses": 1,
        "loss": 0.0,
        "min": 13144.706964492798,
        "max": 13144.706964492798,
        "avg": 13144.706964492798
      }
    },
    "icmp": {
      "probes": [
        {
          "rtt": 13144.522905349731,
          "from": "129.250.5.227",
          "reached": false
        }
      ],
      "stats": {
        "count": 1,
        "responses": 1,
        "loss": 0.0,
        "min": 13144.522905349731,
        "max": 13144.522905349731,
        "avg": 13144.522905349731
      }
    },
    "extensions": {}
  },
  "4": {
    "udp": {
      "probes": [
        {
          "rtt": 13040.029287338257,
          "from": "129.250.5.227",
          "reached": false
        }
      ],
      "stats": {
        "count": 1,
        "responses": 1,
        "loss": 0.0,
        "min": 13040.029287338257,
        "max": 13040.029287338257,
        "avg": 13040.029287338257
      }
    },
    "tcp": {
      "probes": [
        {
          "rtt": 13040.026187896729,
          "from": "129.250.5.227",
          "reached": false
        }
      ],
      "stats": {
        "count": 1,
        "responses": 1,
        "loss": 0.0,
        "min": 13040.026187896729,
        "max": 13040.026187896729,
        "avg": 13040.026187896729
      }
    },
    "icmp": {
      "probes": [
        {
          "rtt": 13040.021896362305,
          "from": "129.250.5.227",
          "reached": false
        }
      ],
      "stats": {
        "count": 1,
        "responses": 1,
        "loss": 0.0,
        "min": 13040.021896362305,
        "max": 13040.021896362305,
        "avg": 13040.021896362305
      }
    },
    "extensions": {}
  },
  "5": {
    "udp": {
      "probes": [
        {
          "rtt": 12936.805009841919,
          "from": "129.250.5.227",
          "reached": false
        }
      ],
      "stats": {
        "count": 1,
        "responses": 1,
        "loss": 0.0,
        "min": 12936.805009841919,
        "max": 12936.805009841919,
        "avg": 12936.805009841919
      }
    },
    "tcp": {
      "probes": [
        {
          "rtt": 12938.457250595093,
          "from": "129.250.5.227",
          "reached": false
        }
      ],
      "stats": {
        "count": 1,
        "responses": 1,
        "loss": 0.0,
        "min": 12938.457250595093,
        "max": 12938.457250595093,
        "avg": 12938.457250595093
      }
    },
    "icmp": {
      "probes": [
        {
          "rtt": 12938.451290130615,
          "from": "129.250.5.227",
          "reached": false
        }
      ],
      "stats": {
        "count": 1,
        "responses": 1,
        "loss": 0.0,
        "min": 12938.451290130615,
        "max": 12938.451290130615,
        "avg": 12938.451290130615
      }
    },
    "extensions": {}
  },
  "6": {
    "udp": {
      "probes": [
        {
          "rtt": 12834.451913833618,
          "from": "129.250.5.227",
          "reached": false
        }
      ],
      "stats": {
        "count": 1,
        "responses": 1,
        "loss": 0.0,
        "min": 12834.451913833618,
        "max": 12834.451913833618,
        "avg": 12834.451913833618
      }
    },
    "tcp": {
      "probes": [
        {
          "rtt": 12834.437131881714,
          "from": "129.250.5.227",
          "reached": false
        }
      ],
      "stats": {
        "count": 1,
        "responses": 1,
        "loss": 0.0,
        "min": 12834.437131881714,
        "max": 12834.437131881714,
        "avg": 12834.437131881714
      }
    },
    "icmp": {
      "probes": [
        {
          "rtt": 12834.429264068604,
          "from": "129.250.5.227",
          "reached": false
        }
      ],
      "stats": {
        "count": 1,
        "responses": 1,
        "loss": 0.0,
        "min": 12834.429264068604,
        "max": 12834.429264068604,
        "avg": 12834.429264068604
      }
    },
    "extensions": {}
  },
  "7": {
    "udp": {
      "probes": [
        {
          "rtt": 12729.398012161255,
          "from": "129.250.5.227",
          "reached": false
        }
      ],
      "stats": {
        "count": 1,
        "responses": 1,
        "loss": 0.0,
        "min": 12729.398012161255,
        "max": 12729.398012161255,
        "avg": 12729.398012161255
      }
    },
    "tcp": {
      "probes": [
        {
          "rtt": 12729.387998580933,
          "from": "129.250.5.227",
          "reached": false
        }
      ],
      "stats": {
        "count": 1,
        "responses": 1,
        "loss": 0.0,
        "min": 12729.387998580933,
        "max": 12729.387998580933,
        "avg": 12729.387998580933
      }
    },
    "icmp": {
      "probes": [
        {
          "rtt": 12730.411767959595,
          "from": "129.250.5.227",
          "reached": false
        }
      ],
      "stats": {
        "count": 1,
        "responses": 1,
        "loss": 0.0,
        "min": 12730.411767959595,
        "max": 12730.411767959595,
        "avg": 12730.411767959595
      }
    },
    "extensions": {}
  },
  "8": {
    "udp": {
      "probes": [
        {
          "rtt": 12627.707719802856,
          "from": "129.250.5.227",
          "reached": false
        }
      ],