{
  "1": {
    "udp": {
      "probes": [
        {
          "rtt": 6726.416110992432,
          "from": "122.237.97.94",
          "reached": false
        }
      ],
      "stats": {
        "count": 1,
        "responses": 1,
        "loss": 0.0,
        "min": 6726.416110992432,
        "max": 6726.416110992432,
        "avg": 6726.416110992432
      }
    },
    "tcp": {
      "probes": [
        {
          "rtt": 6709.941148757935,
          "from": "122.237.97.94",
          "reached": false
        }
      ],
      "stats": {
        "count": 1,
        "responses": 1,
        "loss": 0.0,
        "min": 6709.941148757935,
        "max": 6709.941148757935,
        "avg": 6709.941148757935
      }
    },
    "icmp": {
      "probes": [
        {
          "rtt": 6711.135387420654,
          "from": "122.237.97.94",
          "reached": false
        }
      ],
      "stats": {
        "count": 1,
        "responses": 1,
        "loss": 0.0,
        "min": 6711.135387420654,
        "max": 6711.135387420654,
        "avg": 6711.135387420654
      }
    },
    "extensions": {}
  },
  "2": {
    "udp": {
      "probes": [
        {
          "rtt": 6598.962783813477,
          "from": "122.237.97.94",
          "reached": false
        }
      ],
      "stats": {
        "count": 1,
        "responses": 1,
        "loss": 0.0,
        "min": 6598.962783813477,
        "max": 6598.962783813477,
        "avg": 6598.962783813477
      }
    },
    "tcp": {
      "probes": [
        {
          "rtt": 6598.974943161011,
          "from": "122.237.97.94",
          "reached": false
        }
      ],
      "stats": {
        "count": 1,
        "responses": 1,
        "loss": 0.0,
        "min": 6598.974943161011,
        "max": 6598.974943161011,
        "avg": 6598.974943161011
      }
    },
    "icmp": {
      "probes": [
        {
          "rtt": 6602.903127670288,
          "from": "122.237.97.94",
          "reached": false
        }
      ],
      "stats": {
        "count": 1,
        "responses": 1,
        "loss": 0.0,
        "min": 6602.903127670288,
        "max": 6602.903127670288,
        "avg": 6602.903127670288
      }
    },
    "extensions": {}
  },
  "3": {
    "udp": {
      "probes": [
        {
          "rtt": 6500.170707702637,
          "from": "122.237.97.94",
          "reached": false
        }
      ],
      "stats": {
        "count": 1,
        "responses": 1,
        "loss": 0.0,
        "min": 6500.170707702637,
        "max": 6500.170707702637,
        "avg": 6500.170707702637
      }
    },
    "tcp": {
      "probes": [
        {
          "rtt": 6500.194072723389,
          "from": "122.237.97.94",
          "reached": false
        }
      ],
      "stats": {
        "count": 1,
        "responses": 1,
        "loss": 0.0,
        "min": 6500.194072723389,
        "max": 6500.194072723389,
        "avg": 6500.194072723389
      }
    },
    "icmp": {
      "probes": [
        {
          "rtt": 6500.147104263306,
          "from": "122.237.97.94",
          "reached": false
        }
      ],
      "stats": {
        "count": 1,
        "responses": 1,
        "loss": 0.0,
        "min": 6500.147104263306,
        "max": 6500.147104263306,
        "avg": 6500.147104263306
      }
    },
    "extensions": {}
  },
  "4": {
    "udp": {
      "probes": [
        {
          "rtt": 6396.332025527954,
          "from": "122.237.97.94",
          "reached": false
        }
      ],
      "stats": {
        "count": 1,
        "responses": 1,
        "loss": 0.0,
        "min": 6396.332025527954,
        "max": 6396.332025527954,
        "avg": 6396.332025527954
      }
    },
    "tcp": {
      "probes": [
        {
          "rtt": 6396.296977996826,
          "from": "122.237.97.94",
          "reached": false
        }
      ],
      "stats": {
        "count": 1,
        "responses": 1,
        "loss": 0.0,
        "min": 6396.296977996826,
        "max": 6396.296977996826,
        "avg": 6396.296977996826
      }
    },
    "icmp": {
      "probes": [
        {
          "rtt": 6866.150140762329,
          "from": "122.237.97.94",
          "reached": false
        }
      ],
      "stats": {
        "count": 1,
        "responses": 1,
        "loss": 0.0,
        "min": 6866.150140762329,
        "max": 6866.150140762329,
        "avg": 6866.150140762329
      }
    },
    "extensions": {}
  },
  "5": {
    "udp": {
      "probes": [
        {
          "rtt": 6770.5957889556885,
          "from": "122.237.97.94",
          "reached": false
        }
      ],
      "stats": {
        "count": 1,
        "responses": 1,
        "loss": 0.0,
        "min": 6770.5957889556885,
        "max": 6770.5957889556885,
        "avg": 6770.5957889556885
      }
    },
    "tcp": {
      "probes": [
        {
          "rtt": 6771.842956542969,
          "from": "122.237.97.94",
          "reached": false
        }
      ],
      "stats": {
        "count": 1,
        "responses": 1,
        "loss": 0.0,
        "min": 6771.842956542969,
        "max": 6771.842956542969,
        "avg": 6771.842956542969
      }
    },
    "icmp": {
      "probes": [
        {
          "rtt": 6771.842956542969,
          "from": "122.237.97.94",
          "reached": false
        }
      ],
      "stats": {
        "count": 1,
        "responses": 1,
        "loss": 0.0,
        "min": 6771.842956542969,
        "max": 6771.842956542969,
        "avg": 6771.842956542969
      }
    },
    "extensions": {}
  },
  "6": {
    "udp": {
      "probes": [
        {
          "rtt": 6671.684741973877,
          "from": "122.237.97.94",
          "reached": false
        }
      ],
      "stats": {
        "count": 1,
        "responses": 1,
        "loss": 0.0,
        "min": 6671.684741973877,
        "max": 6671.684741973877,
        "avg": 6671.684741973877
      }
    },
    "tcp": {
      "probes": [
        {
          "rtt": 6671.674013137817,
          "from": "122.237.97.94",
          "reached": false
        }
      ],
      "stats": {
        "count": 1,
        "responses": 1,
        "loss": 0.0,
        "min": 6671.674013137817,
        "max": 6671.674013137817,
        "avg": 6671.674013137817
      }
    },
    "icmp": {
      "probes": [
        {
          "rtt": 6672.254800796509,
          "from": "122.237.97.94",
          "reached": false
        }
      ],
      "stats": {
        "count": 1,
        "responses": 1,
        "loss": 0.0,
        "min": 6672.254800796509,
        "max": 6672.254800796509,
        "avg": 6672.254800796509
      }
    },
    "extensions": {}
  },
  "7": {
    "udp": {
      "probes": [
        {
          "rtt": 6569.157123565674,
          "from": "122.237.97.94",
          "reached": false
        }
      ],
      "stats": {
        "count": 1,
        "responses": 1,
        "loss": 0.0,
        "min": 6569.157123565674,
        "max": 6569.157123565674,
        "avg": 6569.157123565674
      }
    },
    "tcp": {
      "probes": [
        {
          "rtt": 6574.55587387085,
          "from": "122.237.97.94",
          "reached": false
        }
      ],
      "stats": {
        "count": 1,
        "responses": 1,
        "loss": 0.0,
        "min": 6574.55587387085,
        "max": 6574.55587387085,
        "avg": 6574.55587387085
      }
    },
    "icmp": {
      "probes": [
        {
          "rtt": 6575.169086456299,
          "from": "122.237.97.94",
          "reached": false
        }
      ],
      "stats": {
        "count": 1,
        "responses": 1,
        "loss": 0.0,
        "min": 6575.169086456299,
        "max": 6575.169086456299,
        "avg": 6575.169086456299
      }
    },
    "extensions": {}
  },
  "8": {
    "udp": {
      "probes": [
        {
          "rtt": 6470.721960067749,
          "from": "122.237.97.94",
          "reached": false
        }
      ],
      "stats": {
        "count": 1,
        "responses": 1,
        "loss": 0.0,