{
  "1": {
    "udp": {
      "probes": [
        {
          "rtt": 7194.080114364624,
          "from": "111.75.54.1",
          "reached": true
        }
      ],
      "stats": {
        "count": 1,
        "responses": 1,
        "loss": 0.0,
        "min": 7194.080114364624,
        "max": 7194.080114364624,
        "avg": 7194.080114364624
      }
    },
    "tcp": {
      "probes": [
        {
          "rtt": 7308.946847915649,
          "from": "111.75.54.1",
          "reached": true
        }
      ],
      "stats": {
        "count": 1,
        "responses": 1,
        "loss": 0.0,
        "min": 7308.946847915649,
        "max": 7308.946847915649,
        "avg": 7308.946847915649
      }
    },
    "icmp": {
      "probes": [
        {
          "rtt": 7313.663959503174,
          "from": "111.75.54.1",
          "reached": true
        }
      ],
      "stats": {
        "count": 1,
        "responses": 1,
        "loss": 0.0,
        "min": 7313.663959503174,
        "max": 7313.663959503174,
        "avg": 7313.663959503174
      }
    },
    "extensions": {}
  },
  "2": {
    "udp": {
      "probes": [
        {
          "rtt": 7207.3259353637695,
          "from": "111.75.54.1",
          "reached": true
        }
      ],
      "stats": {
        "count": 1,
        "responses": 1,
        "loss": 0.0,
        "min": 7207.3259353637695,
        "max": 7207.3259353637695,
        "avg": 7207.3259353637695
      }
    },
    "tcp": {
      "probes": [
        {
          "rtt": 7207.3352336883545,
          "from": "111.75.54.1",
          "reached": true
        }
      ],
      "stats": {
        "count": 1,
        "responses": 1,
        "loss": 0.0,
        "min": 7207.3352336883545,
        "max": 7207.3352336883545,
        "avg": 7207.3352336883545
      }
    },
    "icmp": {
      "probes": [
        {
          "rtt": 7214.493989944458,
          "from": "111.75.54.1",
          "reached": true
        }
      ],
      "stats": {
        "count": 1,
        "responses": 1,
        "loss": 0.0,
        "min": 7214.493989944458,
        "max": 7214.493989944458,
        "avg": 7214.493989944458
      }
    },
    "extensions": {}
  },
  "3": {
    "udp": {
      "probes": [
        {
          "rtt": 7110.069036483765,
          "from": "111.75.54.1",
          "reached": true
        }
      ],
      "stats": {
        "count": 1,
        "responses": 1,
        "loss": 0.0,
        "min": 7110.069036483765,
        "max": 7110.069036483765,
        "avg": 7110.069036483765
      }
    },
    "tcp": {
      "probes": [
        {
          "rtt": 7110.065221786499,
          "from": "111.75.54.1",
          "reached": true
        }
      ],
      "stats": {
        "count": 1,
        "responses": 1,
        "loss": 0.0,
        "min": 7110.065221786499,
        "max": 7110.065221786499,
        "avg": 7110.065221786499
      }
    },
    "icmp": {
      "probes": [
        {
          "rtt": 7110.073089599609,
          "from": "111.75.54.1",
          "reached": true
        }
      ],
      "stats": {
        "count": 1,
        "responses": 1,
        "loss": 0.0,
        "min": 7110.073089599609,
        "max": 7110.073089599609,
        "avg": 7110.073089599609
      }
    },
    "extensions": {}
  },
  "4": {
    "udp": {
      "probes": [
        {
          "rtt": 7006.985902786255,
          "from": "111.75.54.1",
          "reached": true
        }
      ],
      "stats": {
        "count": 1,
        "responses": 1,
        "loss": 0.0,
        "min": 7006.985902786255,
        "max": 7006.985902786255,
        "avg": 7006.985902786255
      }
    },
    "tcp": {
      "probes": [
        {
          "rtt": 7010.251998901367,
          "from": "111.75.54.1",
          "reached": true
        }
      ],
      "stats": {
        "count": 1,
        "responses": 1,
        "loss": 0.0,
        "min": 7010.251998901367,
        "max": 7010.251998901367,
        "avg": 7010.251998901367
      }
    },
    "icmp": {
      "probes": [
        {
          "rtt": 7013.6168003082275,
          "from": "111.75.54.1",
          "reached": true
        }
      ],
      "stats": {
        "count": 1,
        "responses": 1,
        "loss": 0.0,
        "min": 7013.6168003082275,
        "max": 7013.6168003082275,
        "avg": 7013.6168003082275
      }
    },
    "extensions": {}
  },
  "5": {
    "udp": {
      "probes": [
        {
          "rtt": 6908.602952957153,
          "from": "111.75.54.1",
          "reached": true
        }
      ],
      "stats": {
        "count": 1,
        "responses": 1,
        "loss": 0.0,
        "min": 6908.602952957153,
        "max": 6908.602952957153,
        "avg": 6908.602952957153
      }
    },
    "tcp": {
      "probes": [
        {
          "rtt": 6908.594846725464,
          "from": "111.75.54.1",
          "reached": true
        }
      ],
      "stats": {
        "count": 1,
        "responses": 1,
        "loss": 0.0,
        "min": 6908.594846725464,
        "max": 6908.594846725464,
        "avg": 6908.594846725464
      }
    },
    "icmp": {
      "probes": [
        {
          "rtt": 6909.707069396973,
          "from": "111.75.54.1",
          "reached": true
        }
      ],
      "stats": {
        "count": 1,
        "responses": 1,
        "loss": 0.0,
        "min": 6909.707069396973,
        "max": 6909.707069396973,
        "avg": 6909.707069396973
      }
    },
    "extensions": {}
  },
  "6": {
    "udp": {
      "probes": [
        {
          "rtt": 6805.15193939209,
          "from": "111.75.54.1",
          "reached": true
        }
      ],
      "stats": {
        "count": 1,
        "responses": 1,
        "loss": 0.0,
        "min": 6805.15193939209,
        "max": 6805.15193939209,
        "avg": 6805.15193939209
      }
    },
    "tcp": {
      "probes": [
        {
          "rtt": 6805.138111114502,
          "from": "111.75.54.1",
          "reached": true
        }
      ],
      "stats": {
        "count": 1,
        "responses": 1,
        "loss": 0.0,
        "min": 6805.138111114502,
        "max": 6805.138111114502,
        "avg": 6805.138111114502
      }
    },
    "icmp": {
      "probes": [
        {
          "rtt": 6805.137872695923,
          "from": "111.75.54.1",
          "reached": true
        }
      ],
      "stats": {
        "count": 1,
        "responses": 1,
        "loss": 0.0,
        "min": 6805.137872695923,
        "max": 6805.137872695923,
        "avg": 6805.137872695923
      }
    },
    "extensions": {}
  },
  "7": {
    "udp": {
      "probes": [
        {
          "rtt": 6701.53021812439,
          "from": "111.75.54.1",
          "reached": true
        }
      ],
      "stats": {
        "count": 1,
        "responses": 1,
        "loss": 0.0,
        "min": 6701.53021812439,
        "max": 6701.53021812439,
        "avg": 6701.53021812439
      }
    },
    "tcp": {
      "probes": [
        {
          "rtt": 6701.528787612915,
          "from": "111.75.54.1",
          "reached": true
        }
      ],
      "stats": {
        "count": 1,
        "responses": 1,
        "loss": 0.0,
        "min": 6701.528787612915,
        "max": 6701.528787612915,
        "avg": 6701.528787612915
      }
    },
    "icmp": {
      "probes": [
        {
          "rtt": 6701.535940170288,
          "from": "111.75.54.1",
          "reached": true
        }
      ],
      "stats": {
        "count": 1,
        "responses": 1,
        "loss": 0.0,
        "min": 6701.535940170288,
        "max": 6701.535940170288,
        "avg": 6701.535940170288
      }
    },
    "extensions": {}
  },
  "8": {
    "udp": {
      "probes": [
        {
          "rtt": 6600.31270980835,
          "from": "111.75.54.1",
          "reached": true
        }
      ],
      "stats": {
        "count": 1,
        "responses": 1,
        "loss": 0.0,
        "min": 6600.31270980835,
        "max": 6600.31270980835,