{
  "1": {
    "udp": {
      "probes": [
        {
          "rtt": 14078.744173049927,
          "from": "10.213.33.25",
          "reached": false
        }
      ],
      "stats": {
        "count": 1,
        "responses": 1,
        "loss": 0.0,
        "min": 14078.744173049927,
        "max": 14078.744173049927,
        "avg": 14078.744173049927
      }
    },
    "tcp": {
      "probes": [
        {
          "rtt": 14095.147132873535,
          "from": "10.213.33.25",
          "reached": false
        }
      ],
      "stats": {
        "count": 1,
        "responses": 1,
        "loss": 0.0,
        "min": 14095.147132873535,
        "max": 14095.147132873535,
        "avg": 14095.147132873535
      }
    },
    "icmp": {
      "probes": [
        {
          "rtt": 14113.940954208374,
          "from": "10.213.33.25",
          "reached": false
        }
      ],
      "stats": {
        "count": 1,
        "responses": 1,
        "loss": 0.0,
        "min": 14113.940954208374,
        "max": 14113.940954208374,
        "avg": 14113.940954208374
      }
    },
    "extensions": {}
  },
  "2": {
    "udp": {
      "probes": [
        {
          "rtt": 14005.032062530518,
          "from": "10.213.33.25",
          "reached": false
        }
      ],
      "stats": {
        "count": 1,
        "responses": 1,
        "loss": 0.0,
        "min": 14005.032062530518,
        "max": 14005.032062530518,
        "avg": 14005.032062530518
      }
    },
    "tcp": {
      "probes": [],
      "stats": {}
    },
    "icmp": {
      "probes": [],
      "stats": {}
    },
    "extensions": {}
  },
  "metadata": {
    "series": [
      "udp",
      "tcp",
      "icmp"
    ],
    "target": "170.79.129.1",
    "protocol": "udp",
    "ip_version": "4",
    "timestamp": "2025-05-15 21:10:13",
    "reached_target": false
  }
}