{
  "1": {
    "udp": {
      "probes": [
        {
          "rtt": 12006.206035614014,
          "from": "10.213.33.25",
          "reached": false
        }
      ],
      "stats": {
        "count": 1,
        "responses": 1,
        "loss": 0.0,
        "min": 12006.206035614014,
        "max": 12006.206035614014,
        "avg": 12006.206035614014
      }
    },
    "tcp": {
      "probes": [
        {
          "rtt": 11997.704029083252,
          "from": "10.213.33.25",
          "reached": false
        }
      ],
      "stats": {
        "count": 1,
        "responses": 1,
        "loss": 0.0,
        "min": 11997.704029083252,
        "max": 11997.704029083252,
        "avg": 11997.704029083252
      }
    },
    "icmp": {
      "probes": [
        {
          "rtt": 12014.804124832153,
          "from": "10.213.33.25",
          "reached": false
        }
      ],
      "stats": {
        "count": 1,
        "responses": 1,
        "loss": 0.0,
        "min": 12014.804124832153,
        "max": 12014.804124832153,
        "avg": 12014.804124832153
      }
    },
    "extensions": {}
  },
  "2": {
    "udp": {
      "probes": [
        {
          "rtt": 11888.909816741943,
          "from": "10.213.33.25",
          "reached": false
        }
      ],
      "stats": {
        "count": 1,
        "responses": 1,
        "loss": 0.0,
        "min": 11888.909816741943,
        "max": 11888.909816741943,
        "avg": 11888.909816741943
      }
    },
    "tcp": {
      "probes": [],
      "stats": {}
    },
    "icmp": {
      "probes": [],
      "stats": {}
    },
    "extensions": {}
  },
  "metadata": {
    "series": [
      "udp",
      "tcp",
      "icmp"
    ],
    "target": "45.235.172.1",
    "protocol": "udp",
    "ip_version": "4",
    "timestamp": "2025-05-15 21:10:13",
    "reached_target": false
  }
}