{
  "1": {
    "udp": {
      "probes": [
        {
          "rtt": 14795.96495628357,
          "from": "112.174.91.13",
          "reached": false
        }
      ],
      "stats": {
        "count": 1,
        "responses": 1,
        "loss": 0.0,
        "min": 14795.96495628357,
        "max": 14795.96495628357,
        "avg": 14795.96495628357
      }
    },
    "tcp": {
      "probes": [
        {
          "rtt": 14719.769954681396,
          "from": "112.174.91.13",
          "reached": false
        }
      ],
      "stats": {
        "count": 1,
        "responses": 1,
        "loss": 0.0,
        "min": 14719.769954681396,
        "max": 14719.769954681396,
        "avg": 14719.769954681396
      }
    },
    "icmp": {
      "probes": [
        {
          "rtt": 14718.528032302856,
          "from": "112.174.91.13",
          "reached": false
        }
      ],
      "stats": {
        "count": 1,
        "responses": 1,
        "loss": 0.0,
        "min": 14718.528032302856,
        "max": 14718.528032302856,
        "avg": 14718.528032302856
      }
    },
    "extensions": {}
  },
  "2": {
    "udp": {
      "probes": [
        {
          "rtt": 14598.824977874756,
          "from": "112.174.91.13",
          "reached": false
        }
      ],
      "stats": {
        "count": 1,
        "responses": 1,
        "loss": 0.0,
        "min": 14598.824977874756,
        "max": 14598.824977874756,
        "avg": 14598.824977874756
      }
    },
    "tcp": {
      "probes": [
        {
          "rtt": 14598.75202178955,
          "from": "112.174.91.13",
          "reached": false
        }
      ],
      "stats": {
        "count": 1,
        "responses": 1,
        "loss": 0.0,
        "min": 14598.75202178955,
        "max": 14598.75202178955,
        "avg": 14598.75202178955
      }
    },
    "icmp": {
      "probes": [
        {
          "rtt": 14598.737955093384,
          "from": "112.174.91.13",
          "reached": false
        }
      ],
      "stats": {
        "count": 1,
        "responses": 1,
        "loss": 0.0,
        "min": 14598.737955093384,
        "max": 14598.737955093384,
        "avg": 14598.737955093384
      }
    },
    "extensions": {}
  },
  "3": {
    "udp": {
      "probes": [
        {
          "rtt": 14494.410037994385,
          "from": "112.174.91.13",
          "reached": false
        }
      ],
      "stats": {
        "count": 1,
        "responses": 1,
        "loss": 0.0,
        "min": 14494.410037994385,
        "max": 14494.410037994385,
        "avg": 14494.410037994385
      }
    },
    "tcp": {
      "probes": [
        {
          "rtt": 14494.12989616394,
          "from": "112.174.91.13",
          "reached": false
        }
      ],
      "stats": {
        "count": 1,
        "responses": 1,
        "loss": 0.0,
        "min": 14494.12989616394,
        "max": 14494.12989616394,
        "avg": 14494.12989616394
      }
    },
    "icmp": {
      "probes": [
        {
          "rtt": 14494.123935699463,
          "from": "112.174.91.13",
          "reached": false
        }
      ],
      "stats": {
        "count": 1,
        "responses": 1,
        "loss": 0.0,
        "min": 14494.123935699463,
        "max": 14494.123935699463,
        "avg": 14494.123935699463
      }
    },
    "extensions": {}
  },
  "4": {
    "udp": {
      "probes": [
        {
          "rtt": 14389.2080783844,
          "from": "112.174.91.13",
          "reached": false
        }
      ],
      "stats": {
        "count": 1,
        "responses": 1,
        "loss": 0.0,
        "min": 14389.2080783844,
        "max": 14389.2080783844,
        "avg": 14389.2080783844
      }
    },
    "tcp": {
      "probes": [
        {
          "rtt": 14389.204978942871,
          "from": "112.174.91.13",
          "reached": false
        }
      ],
      "stats": {
        "count": 1,
        "responses": 1,
        "loss": 0.0,
        "min": 14389.204978942871,
        "max": 14389.204978942871,
        "avg": 14389.204978942871
      }
    },
    "icmp": {
      "probes": [
        {
          "rtt": 14389.202356338501,
          "from": "112.174.91.13",
          "reached": false
        }
      ],
      "stats": {
        "count": 1,
        "responses": 1,
        "loss": 0.0,
        "min": 14389.202356338501,
        "max": 14389.202356338501,
        "avg": 14389.202356338501
      }
    },
    "extensions": {}
  },
  "5": {
    "udp": {
      "probes": [
        {
          "rtt": 14285.08186340332,
          "from": "112.174.91.13",
          "reached": false
        }
      ],
      "stats": {
        "count": 1,
        "responses": 1,
        "loss": 0.0,
        "min": 14285.08186340332,
        "max": 14285.08186340332,
        "avg": 14285.08186340332
      }
    },
    "tcp": {
      "probes": [
        {
          "rtt": 14285.035848617554,
          "from": "112.174.91.13",
          "reached": false
        }
      ],
      "stats": {
        "count": 1,
        "responses": 1,
        "loss": 0.0,
        "min": 14285.035848617554,
        "max": 14285.035848617554,
        "avg": 14285.035848617554
      }
    },
    "icmp": {
      "probes": [
        {
          "rtt": 14285.02893447876,
          "from": "112.174.91.13",
          "reached": false
        }
      ],
      "stats": {
        "count": 1,
        "responses": 1,
        "loss": 0.0,
        "min": 14285.02893447876,
        "max": 14285.02893447876,
        "avg": 14285.02893447876
      }
    },
    "extensions": {}
  },
  "6": {
    "udp": {
      "probes": [
        {
          "rtt": 14183.369159698486,
          "from": "112.174.91.13",
          "reached": false
        }
      ],
      "stats": {
        "count": 1,
        "responses": 1,
        "loss": 0.0,
        "min": 14183.369159698486,
        "max": 14183.369159698486,
        "avg": 14183.369159698486
      }
    },
    "tcp": {
      "probes": [
        {
          "rtt": 14182.981967926025,
          "from": "112.174.91.13",
          "reached": false
        }
      ],
      "stats": {
        "count": 1,
        "responses": 1,
        "loss": 0.0,
        "min": 14182.981967926025,
        "max": 14182.981967926025,
        "avg": 14182.981967926025
      }
    },
    "icmp": {
      "probes": [
        {
          "rtt": 14182.963848114014,
          "from": "112.174.91.13",
          "reached": false
        }
      ],
      "stats": {
        "count": 1,
        "responses": 1,
        "loss": 0.0,
        "min": 14182.963848114014,
        "max": 14182.963848114014,
        "avg": 14182.963848114014
      }
    },
    "extensions": {}
  },
  "7": {
    "udp": {
      "probes": [
        {
          "rtt": 14079.017877578735,
          "from": "112.174.91.13",
          "reached": false
        }
      ],
      "stats": {
        "count": 1,
        "responses": 1,
        "loss": 0.0,
        "min": 14079.017877578735,
        "max": 14079.017877578735,
        "avg": 14079.017877578735
      }
    },
    "tcp": {
      "probes": [
        {
          "rtt": 14078.92918586731,
          "from": "112.174.91.13",
          "reached": false
        }
      ],
      "stats": {
        "count": 1,
        "responses": 1,
        "loss": 0.0,
        "min": 14078.92918586731,
        "max": 14078.92918586731,
        "avg": 14078.92918586731
      }
    },
    "icmp": {
      "probes": [
        {
          "rtt": 14078.904151916504,
          "from": "112.174.91.13",
          "reached": false
        }
      ],
      "stats": {
        "count": 1,
        "responses": 1,
        "loss": 0.0,
        "min": 14078.904151916504,
        "max": 14078.904151916504,
        "avg": 14078.904151916504
      }
    },
    "extensions": {}
  },
  "8": {
    "udp": {
      "probes": [
        {
          "rtt": 13975.62313079834,
          "from": "112.174.91.13",
          "reached": false
        }
      ],
      "stats": {
        "count": 1,