{
  "1": {
    "udp": {
      "probes": [
        {
          "rtt": 14061.923027038574,
          "from": "58.49.28.1",
          "reached": true
        }
      ],
      "stats": {
        "count": 1,
        "responses": 1,
        "loss": 0.0,
        "min": 14061.923027038574,
        "max": 14061.923027038574,
        "avg": 14061.923027038574
      }
    },
    "tcp": {
      "probes": [
        {
          "rtt": 14030.76696395874,
          "from": "58.49.28.1",
          "reached": true
        }
      ],
      "stats": {
        "count": 1,
        "responses": 1,
        "loss": 0.0,
        "min": 14030.76696395874,
        "max": 14030.76696395874,
        "avg": 14030.76696395874
      }
    },
    "icmp": {
      "probes": [
        {
          "rtt": 14035.62593460083,
          "from": "58.49.28.1",
          "reached": true
        }
      ],
      "stats": {
        "count": 1,
        "responses": 1,
        "loss": 0.0,
        "min": 14035.62593460083,
        "max": 14035.62593460083,
        "avg": 14035.62593460083
      }
    },
    "extensions": {}
  },
  "2": {
    "udp": {
      "probes": [
        {
          "rtt": 13918.62416267395,
          "from": "58.49.28.1",
          "reached": true
        }
      ],
      "stats": {
        "count": 1,
        "responses": 1,
        "loss": 0.0,
        "min": 13918.62416267395,
        "max": 13918.62416267395,
        "avg": 13918.62416267395
      }
    },
    "tcp": {
      "probes": [
        {
          "rtt": 13920.535802841187,
          "from": "58.49.28.1",
          "reached": true
        }
      ],
      "stats": {
        "count": 1,
        "responses": 1,
        "loss": 0.0,
        "min": 13920.535802841187,
        "max": 13920.535802841187,
        "avg": 13920.535802841187
      }
    },
    "icmp": {
      "probes": [
        {
          "rtt": 13920.53198814392,
          "from": "58.49.28.1",
          "reached": true
        }
      ],
      "stats": {
        "count": 1,
        "responses": 1,
        "loss": 0.0,
        "min": 13920.53198814392,
        "max": 13920.53198814392,
        "avg": 13920.53198814392
      }
    },
    "extensions": {}
  },
  "3": {
    "udp": {
      "probes": [
        {
          "rtt": 13815.521240234375,
          "from": "58.49.28.1",
          "reached": true
        }
      ],
      "stats": {
        "count": 1,
        "responses": 1,
        "loss": 0.0,
        "min": 13815.521240234375,
        "max": 13815.521240234375,
        "avg": 13815.521240234375
      }
    },
    "tcp": {
      "probes": [
        {
          "rtt": 13817.165613174438,
          "from": "58.49.28.1",
          "reached": true
        }
      ],
      "stats": {
        "count": 1,
        "responses": 1,
        "loss": 0.0,
        "min": 13817.165613174438,
        "max": 13817.165613174438,
        "avg": 13817.165613174438
      }
    },
    "icmp": {
      "probes": [
        {
          "rtt": 13817.16775894165,
          "from": "58.49.28.1",
          "reached": true
        }
      ],
      "stats": {
        "count": 1,
        "responses": 1,
        "loss": 0.0,
        "min": 13817.16775894165,
        "max": 13817.16775894165,
        "avg": 13817.16775894165
      }
    },
    "extensions": {}
  },
  "4": {
    "udp": {
      "probes": [
        {
          "rtt": 13713.09494972229,
          "from": "58.49.28.1",
          "reached": true
        }
      ],
      "stats": {
        "count": 1,
        "responses": 1,
        "loss": 0.0,
        "min": 13713.09494972229,
        "max": 13713.09494972229,
        "avg": 13713.09494972229
      }
    },
    "tcp": {
      "probes": [
        {
          "rtt": 13713.058710098267,
          "from": "58.49.28.1",
          "reached": true
        }
      ],
      "stats": {
        "count": 1,
        "responses": 1,
        "loss": 0.0,
        "min": 13713.058710098267,
        "max": 13713.058710098267,
        "avg": 13713.058710098267
      }
    },
    "icmp": {
      "probes": [
        {
          "rtt": 13714.739799499512,
          "from": "58.49.28.1",
          "reached": true
        }
      ],
      "stats": {
        "count": 1,
        "responses": 1,
        "loss": 0.0,
        "min": 13714.739799499512,
        "max": 13714.739799499512,
        "avg": 13714.739799499512
      }
    },
    "extensions": {}
  },
  "5": {
    "udp": {
      "probes": [
        {
          "rtt": 13611.384868621826,
          "from": "58.49.28.1",
          "reached": true
        }
      ],
      "stats": {
        "count": 1,
        "responses": 1,
        "loss": 0.0,
        "min": 13611.384868621826,
        "max": 13611.384868621826,
        "avg": 13611.384868621826
      }
    },
    "tcp": {
      "probes": [
        {
          "rtt": 13611.305952072144,
          "from": "58.49.28.1",
          "reached": true
        }
      ],
      "stats": {
        "count": 1,
        "responses": 1,
        "loss": 0.0,
        "min": 13611.305952072144,
        "max": 13611.305952072144,
        "avg": 13611.305952072144
      }
    },
    "icmp": {
      "probes": [
        {
          "rtt": 13612.867832183838,
          "from": "58.49.28.1",
          "reached": true
        }
      ],
      "stats": {
        "count": 1,
        "responses": 1,
        "loss": 0.0,
        "min": 13612.867832183838,
        "max": 13612.867832183838,
        "avg": 13612.867832183838
      }
    },
    "extensions": {}
  },
  "6": {
    "udp": {
      "probes": [
        {
          "rtt": 13508.318185806274,
          "from": "58.49.28.1",
          "reached": true
        }
      ],
      "stats": {
        "count": 1,
        "responses": 1,
        "loss": 0.0,
        "min": 13508.318185806274,
        "max": 13508.318185806274,
        "avg": 13508.318185806274
      }
    },
    "tcp": {
      "probes": [
        {
          "rtt": 13508.291721343994,
          "from": "58.49.28.1",
          "reached": true
        }
      ],
      "stats": {
        "count": 1,
        "responses": 1,
        "loss": 0.0,
        "min": 13508.291721343994,
        "max": 13508.291721343994,
        "avg": 13508.291721343994
      }
    },
    "icmp": {
      "probes": [
        {
          "rtt": 13508.267164230347,
          "from": "58.49.28.1",
          "reached": true
        }
      ],
      "stats": {
        "count": 1,
        "responses": 1,
        "loss": 0.0,
        "min": 13508.267164230347,
        "max": 13508.267164230347,
        "avg": 13508.267164230347
      }
    },
    "extensions": {}
  },
  "7": {
    "udp": {
      "probes": [
        {
          "rtt": 13403.233051300049,
          "from": "58.49.28.1",
          "reached": true
        }
      ],
      "stats": {
        "count": 1,
        "responses": 1,
        "loss": 0.0,
        "min": 13403.233051300049,
        "max": 13403.233051300049,
        "avg": 13403.233051300049
      }
    },
    "tcp": {
      "probes": [
        {
          "rtt": 13405.01618385315,
          "from": "58.49.28.1",
          "reached": true
        }
      ],
      "stats": {
        "count": 1,
        "responses": 1,
        "loss": 0.0,
        "min": 13405.01618385315,
        "max": 13405.01618385315,
        "avg": 13405.01618385315
      }
    },
    "icmp": {
      "probes": [
        {
          "rtt": 13405.02381324768,
          "from": "58.49.28.1",
          "reached": true
        }
      ],
      "stats": {
        "count": 1,
        "responses": 1,
        "loss": 0.0,
        "min": 13405.02381324768,
        "max": 13405.02381324768,
        "avg": 13405.02381324768
      }
    },
    "extensions": {}
  },
  "8": {
    "udp": {
      "probes": [
        {
          "rtt": 13305.97996711731,
          "from": "58.49.28.1",
          "reached": true
        }
      ],
      "stats": {
        "count": 1,
        "responses": 1,
        "loss": 0.0,
        "min": 13305.97996711731,