{
  "1": {
    "udp": {
      "probes": [
        {
          "rtt": 14659.615755081177,
          "from": "180.87.84.128",
          "reached": false
        }
      ],
      "stats": {
        "count": 1,
        "responses": 1,
        "loss": 0.0,
        "min": 14659.615755081177,
        "max": 14659.615755081177,
        "avg": 14659.615755081177
      }
    },
    "tcp": {
      "probes": [
        {
          "rtt": 14585.978746414185,
          "from": "180.87.84.128",
          "reached": false
        }
      ],
      "stats": {
        "count": 1,
        "responses": 1,
        "loss": 0.0,
        "min": 14585.978746414185,
        "max": 14585.978746414185,
        "avg": 14585.978746414185
      }
    },
    "icmp": {
      "probes": [
        {
          "rtt": 14584.886074066162,
          "from": "180.87.84.128",
          "reached": false
        }
      ],
      "stats": {
        "count": 1,
        "responses": 1,
        "loss": 0.0,
        "min": 14584.886074066162,
        "max": 14584.886074066162,
        "avg": 14584.886074066162
      }
    },
    "extensions": {}
  },
  "2": {
    "udp": {
      "probes": [
        {
          "rtt": 14465.028762817383,
          "from": "180.87.84.128",
          "reached": false
        }
      ],
      "stats": {
        "count": 1,
        "responses": 1,
        "loss": 0.0,
        "min": 14465.028762817383,
        "max": 14465.028762817383,
        "avg": 14465.028762817383
      }
    },
    "tcp": {
      "probes": [
        {
          "rtt": 14464.763879776001,
          "from": "180.87.84.128",
          "reached": false
        }
      ],
      "stats": {
        "count": 1,
        "responses": 1,
        "loss": 0.0,
        "min": 14464.763879776001,
        "max": 14464.763879776001,
        "avg": 14464.763879776001
      }
    },
    "icmp": {
      "probes": [
        {
          "rtt": 14464.750289916992,
          "from": "180.87.84.128",
          "reached": false
        }
      ],
      "stats": {
        "count": 1,
        "responses": 1,
        "loss": 0.0,
        "min": 14464.750289916992,
        "max": 14464.750289916992,
        "avg": 14464.750289916992
      }
    },
    "extensions": {}
  },
  "3": {
    "udp": {
      "probes": [
        {
          "rtt": 14363.03186416626,
          "from": "180.87.84.128",
          "reached": false
        }
      ],
      "stats": {
        "count": 1,
        "responses": 1,
        "loss": 0.0,
        "min": 14363.03186416626,
        "max": 14363.03186416626,
        "avg": 14363.03186416626
      }
    },
    "tcp": {
      "probes": [
        {
          "rtt": 14363.027095794678,
          "from": "180.87.84.128",
          "reached": false
        }
      ],
      "stats": {
        "count": 1,
        "responses": 1,
        "loss": 0.0,
        "min": 14363.027095794678,
        "max": 14363.027095794678,
        "avg": 14363.027095794678
      }
    },
    "icmp": {
      "probes": [
        {
          "rtt": 14363.015174865723,
          "from": "180.87.84.128",
          "reached": false
        }
      ],
      "stats": {
        "count": 1,
        "responses": 1,
        "loss": 0.0,
        "min": 14363.015174865723,
        "max": 14363.015174865723,
        "avg": 14363.015174865723
      }
    },
    "extensions": {}
  },
  "4": {
    "udp": {
      "probes": [
        {
          "rtt": 14261.8989944458,
          "from": "180.87.84.128",
          "reached": false
        }
      ],
      "stats": {
        "count": 1,
        "responses": 1,
        "loss": 0.0,
        "min": 14261.8989944458,
        "max": 14261.8989944458,
        "avg": 14261.8989944458
      }
    },
    "tcp": {
      "probes": [
        {
          "rtt": 14261.894941329956,
          "from": "180.87.84.128",
          "reached": false
        }
      ],
      "stats": {
        "count": 1,
        "responses": 1,
        "loss": 0.0,
        "min": 14261.894941329956,
        "max": 14261.894941329956,
        "avg": 14261.894941329956
      }
    },
    "icmp": {
      "probes": [
        {
          "rtt": 14261.888980865479,
          "from": "180.87.84.128",
          "reached": false
        }
      ],
      "stats": {
        "count": 1,
        "responses": 1,
        "loss": 0.0,
        "min": 14261.888980865479,
        "max": 14261.888980865479,
        "avg": 14261.888980865479
      }
    },
    "extensions": {}
  },
  "5": {
    "udp": {
      "probes": [
        {
          "rtt": 14157.166004180908,
          "from": "180.87.84.128",
          "reached": false
        }
      ],
      "stats": {
        "count": 1,
        "responses": 1,
        "loss": 0.0,
        "min": 14157.166004180908,
        "max": 14157.166004180908,
        "avg": 14157.166004180908
      }
    },
    "tcp": {
      "probes": [
        {
          "rtt": 14157.068014144897,
          "from": "180.87.84.128",
          "reached": false
        }
      ],
      "stats": {
        "count": 1,
        "responses": 1,
        "loss": 0.0,
        "min": 14157.068014144897,
        "max": 14157.068014144897,
        "avg": 14157.068014144897
      }
    },
    "icmp": {
      "probes": [
        {
          "rtt": 14156.991004943848,
          "from": "180.87.84.128",
          "reached": false
        }
      ],
      "stats": {
        "count": 1,
        "responses": 1,
        "loss": 0.0,
        "min": 14156.991004943848,
        "max": 14156.991004943848,
        "avg": 14156.991004943848
      }
    },
    "extensions": {}
  },
  "6": {
    "udp": {
      "probes": [
        {
          "rtt": 14054.82816696167,
          "from": "180.87.84.128",
          "reached": false
        }
      ],
      "stats": {
        "count": 1,
        "responses": 1,
        "loss": 0.0,
        "min": 14054.82816696167,
        "max": 14054.82816696167,
        "avg": 14054.82816696167
      }
    },
    "tcp": {
      "probes": [
        {
          "rtt": 14054.774045944214,
          "from": "180.87.84.128",
          "reached": false
        }
      ],
      "stats": {
        "count": 1,
        "responses": 1,
        "loss": 0.0,
        "min": 14054.774045944214,
        "max": 14054.774045944214,
        "avg": 14054.774045944214
      }
    },
    "icmp": {
      "probes": [
        {
          "rtt": 14054.724931716919,
          "from": "180.87.84.128",
          "reached": false
        }
      ],
      "stats": {
        "count": 1,
        "responses": 1,
        "loss": 0.0,
        "min": 14054.724931716919,
        "max": 14054.724931716919,
        "avg": 14054.724931716919
      }
    },
    "extensions": {}
  },
  "7": {
    "udp": {
      "probes": [
        {
          "rtt": 13953.670024871826,
          "from": "180.87.84.128",
          "reached": false
        }
      ],
      "stats": {
        "count": 1,
        "responses": 1,
        "loss": 0.0,
        "min": 13953.670024871826,
        "max": 13953.670024871826,
        "avg": 13953.670024871826
      }
    },
    "tcp": {
      "probes": [
        {
          "rtt": 13953.56297492981,
          "from": "180.87.84.128",
          "reached": false
        }
      ],
      "stats": {
        "count": 1,
        "responses": 1,
        "loss": 0.0,
        "min": 13953.56297492981,
        "max": 13953.56297492981,
        "avg": 13953.56297492981
      }
    },
    "icmp": {
      "probes": [
        {
          "rtt": 13953.137874603271,
          "from": "180.87.84.128",
          "reached": false
        }
      ],
      "stats": {
        "count": 1,
        "responses": 1,
        "loss": 0.0,
        "min": 13953.137874603271,
        "max": 13953.137874603271,
        "avg": 13953.137874603271
      }
    },
    "extensions": {}
  },
  "8": {
    "udp": {
      "probes": [
        {
          "rtt": 13848.481893539429,
          "from": "180.87.84.128",
          "reached": false
        }
      ],
      "stats": {
        "count": 1,