{
  "1": {
    "udp": {
      "probes": [
        {
          "rtt": 3397.327184677124,
          "from": "10.209.64.1",
          "reached": false
        }
      ],
      "stats": {
        "count": 1,
        "responses": 1,
        "loss": 0.0,
        "min": 3397.327184677124,
        "max": 3397.327184677124,
        "avg": 3397.327184677124
      }
    },
    "tcp": {
      "probes": [
        {
          "rtt": 3407.6130390167236,
          "from": "10.209.64.1",
          "reached": false
        }
      ],
      "stats": {
        "count": 1,
        "responses": 1,
        "loss": 0.0,
        "min": 3407.6130390167236,
        "max": 3407.6130390167236,
        "avg": 3407.6130390167236
      }
    },
    "icmp": {
      "probes": [
        {
          "rtt": 5673.156023025513,
          "from": "10.213.33.33",
          "reached": false
        }
      ],
      "stats": {
        "count": 1,
        "responses": 1,
        "loss": 0.0,
        "min": 5673.156023025513,
        "max": 5673.156023025513,
        "avg": 5673.156023025513
      }
    },
    "extensions": {}
  },
  "2": {
    "udp": {
      "probes": [
        {
          "rtt": 6103.493213653564,
          "from": "10.213.33.33",
          "reached": false
        }
      ],
      "stats": {
        "count": 1,
        "responses": 1,
        "loss": 0.0,
        "min": 6103.493213653564,
        "max": 6103.493213653564,
        "avg": 6103.493213653564
      }
    },
    "tcp": {
      "probes": [
        {
          "rtt": 15518.165826797485,
          "from": "10.213.32.41",
          "reached": false
        }
      ],
      "stats": {
        "count": 1,
        "responses": 1,
        "loss": 0.0,
        "min": 15518.165826797485,
        "max": 15518.165826797485,
        "avg": 15518.165826797485
      }
    },
    "icmp": {
      "probes": [
        {
          "rtt": 15546.802282333374,
          "from": "10.213.32.41",
          "reached": false
        }
      ],
      "stats": {
        "count": 1,
        "responses": 1,
        "loss": 0.0,
        "min": 15546.802282333374,
        "max": 15546.802282333374,
        "avg": 15546.802282333374
      }
    },
    "extensions": {}
  },
  "metadata": {
    "series": [
      "udp",
      "tcp",
      "icmp"
    ],
    "target": "216.241.36.1",
    "protocol": "udp",
    "ip_version": "4",
    "timestamp": "2025-05-15 21:10:13",
    "reached_target": false
  }
}