{
  "1": {
    "udp": {
      "probes": [
        {
          "rtt": 151.4449119567871,
          "from": "10.209.64.1",
          "reached": false
        }
      ],
      "stats": {
        "count": 1,
        "responses": 1,
        "loss": 0.0,
        "min": 151.4449119567871,
        "max": 151.4449119567871,
        "avg": 151.4449119567871
      }
    },
    "tcp": {
      "probes": [
        {
          "rtt": 205.0931453704834,
          "from": "10.209.64.1",
          "reached": false
        }
      ],
      "stats": {
        "count": 1,
        "responses": 1,
        "loss": 0.0,
        "min": 205.0931453704834,
        "max": 205.0931453704834,
        "avg": 205.0931453704834
      }
    },
    "icmp": {
      "probes": [
        {
          "rtt": 640.4011249542236,
          "from": "10.213.33.25",
          "reached": false
        }
      ],
      "stats": {
        "count": 1,
        "responses": 1,
        "loss": 0.0,
        "min": 640.4011249542236,
        "max": 640.4011249542236,
        "avg": 640.4011249542236
      }
    },
    "extensions": {}
  },
  "2": {
    "udp": {
      "probes": [
        {
          "rtt": 539.219856262207,
          "from": "10.213.33.25",
          "reached": false
        }
      ],
      "stats": {
        "count": 1,
        "responses": 1,
        "loss": 0.0,
        "min": 539.219856262207,
        "max": 539.219856262207,
        "avg": 539.219856262207
      }
    },
    "tcp": {
      "probes": [
        {
          "rtt": 558.978796005249,
          "from": "10.213.32.41",
          "reached": false
        }
      ],
      "stats": {
        "count": 1,
        "responses": 1,
        "loss": 0.0,
        "min": 558.978796005249,
        "max": 558.978796005249,
        "avg": 558.978796005249
      }
    },
    "icmp": {
      "probes": [
        {
          "rtt": 566.3249492645264,
          "from": "10.213.32.41",
          "reached": false
        }
      ],
      "stats": {
        "count": 1,
        "responses": 1,
        "loss": 0.0,
        "min": 566.3249492645264,
        "max": 566.3249492645264,
        "avg": 566.3249492645264
      }
    },
    "extensions": {}
  },
  "3": {
    "udp": {
      "probes": [
        {
          "rtt": 57171.446084976196,
          "from": "10.213.32.22",
          "reached": false
        }
      ],
      "stats": {
        "count": 1,
        "responses": 1,
        "loss": 0.0,
        "min": 57171.446084976196,
        "max": 57171.446084976196,
        "avg": 57171.446084976196
      }
    },
    "tcp": {
      "probes": [
        {
          "rtt": 57222.1360206604,
          "from": "10.213.32.22",
          "reached": false
        }
      ],
      "stats": {
        "count": 1,
        "responses": 1,
        "loss": 0.0,
        "min": 57222.1360206604,
        "max": 57222.1360206604,
        "avg": 57222.1360206604
      }
    },
    "icmp": {
      "probes": [
        {
          "rtt": 65872.43700027466,
          "from": "203.85.128.94",
          "reached": false
        }
      ],
      "stats": {
        "count": 1,
        "responses": 1,
        "loss": 0.0,
        "min": 65872.43700027466,
        "max": 65872.43700027466,
        "avg": 65872.43700027466
      }
    },
    "extensions": {}
  },
  "4": {
    "udp": {
      "probes": [
        {
          "rtt": 65773.94890785217,
          "from": "203.85.128.94",
          "reached": false
        }
      ],
      "stats": {
        "count": 1,
        "responses": 1,
        "loss": 0.0,
        "min": 65773.94890785217,
        "max": 65773.94890785217,
        "avg": 65773.94890785217
      }
    },
    "tcp": {
      "probes": [],
      "stats": {}
    },
    "icmp": {
      "probes": [],
      "stats": {}
    },
    "extensions": {}
  },
  "metadata": {
    "series": [
      "udp",
      "tcp",
      "icmp"
    ],
    "target": "24.128.141.1",
    "protocol": "udp",
    "ip_version": "4",
    "timestamp": "2025-05-15 16:59:48",
    "reached_target": false
  }
}