{
  "1": {
    "udp": {
      "probes": [
        {
          "rtt": 3943.629026412964,
          "from": "10.209.64.1",
          "reached": false
        }
      ],
      "stats": {
        "count": 1,
        "responses": 1,
        "loss": 0.0,
        "min": 3943.629026412964,
        "max": 3943.629026412964,
        "avg": 3943.629026412964
      }
    },
    "tcp": {
      "probes": [
        {
          "rtt": 4568.944931030273,
          "from": "10.209.64.1",
          "reached": false
        }
      ],
      "stats": {
        "count": 1,
        "responses": 1,
        "loss": 0.0,
        "min": 4568.944931030273,
        "max": 4568.944931030273,
        "avg": 4568.944931030273
      }
    },
    "icmp": {
      "probes": [
        {
          "rtt": 12041.384935379028,
          "from": "10.213.33.25",
          "reached": false
        }
      ],
      "stats": {
        "count": 1,
        "responses": 1,
        "loss": 0.0,
        "min": 12041.384935379028,
        "max": 12041.384935379028,
        "avg": 12041.384935379028
      }
    },
    "extensions": {}
  },
  "2": {
    "udp": {
      "probes": [
        {
          "rtt": 11996.031045913696,
          "from": "10.213.33.25",
          "reached": false
        }
      ],
      "stats": {
        "count": 1,
        "responses": 1,
        "loss": 0.0,
        "min": 11996.031045913696,
        "max": 11996.031045913696,
        "avg": 11996.031045913696
      }
    },
    "tcp": {
      "probes": [],
      "stats": {}
    },
    "icmp": {
      "probes": [],
      "stats": {}
    },
    "extensions": {}
  },
  "metadata": {
    "series": [
      "udp",
      "tcp",
      "icmp"
    ],
    "target": "117.193.137.1",
    "protocol": "udp",
    "ip_version": "4",
    "timestamp": "2025-05-15 21:10:13",
    "reached_target": false
  }
}