{
  "1": {
    "udp": {
      "probes": [
        {
          "rtt": 15724.208116531372,
          "from": "210.173.174.154",
          "reached": false
        }
      ],
      "stats": {
        "count": 1,
        "responses": 1,
        "loss": 0.0,
        "min": 15724.208116531372,
        "max": 15724.208116531372,
        "avg": 15724.208116531372
      }
    },
    "tcp": {
      "probes": [
        {
          "rtt": 15658.93816947937,
          "from": "210.173.174.154",
          "reached": false
        }
      ],
      "stats": {
        "count": 1,
        "responses": 1,
        "loss": 0.0,
        "min": 15658.93816947937,
        "max": 15658.93816947937,
        "avg": 15658.93816947937
      }
    },
    "icmp": {
      "probes": [
        {
          "rtt": 15659.753799438477,
          "from": "210.173.174.154",
          "reached": false
        }
      ],
      "stats": {
        "count": 1,
        "responses": 1,
        "loss": 0.0,
        "min": 15659.753799438477,
        "max": 15659.753799438477,
        "avg": 15659.753799438477
      }
    },
    "extensions": {}
  },
  "2": {
    "udp": {
      "probes": [
        {
          "rtt": 15548.161029815674,
          "from": "210.173.174.154",
          "reached": false
        }
      ],
      "stats": {
        "count": 1,
        "responses": 1,
        "loss": 0.0,
        "min": 15548.161029815674,
        "max": 15548.161029815674,
        "avg": 15548.161029815674
      }
    },
    "tcp": {
      "probes": [
        {
          "rtt": 15548.164129257202,
          "from": "210.173.174.154",
          "reached": false
        }
      ],
      "stats": {
        "count": 1,
        "responses": 1,
        "loss": 0.0,
        "min": 15548.164129257202,
        "max": 15548.164129257202,
        "avg": 15548.164129257202
      }
    },
    "icmp": {
      "probes": [
        {
          "rtt": 15548.16222190857,
          "from": "210.173.174.154",
          "reached": false
        }
      ],
      "stats": {
        "count": 1,
        "responses": 1,
        "loss": 0.0,
        "min": 15548.16222190857,
        "max": 15548.16222190857,
        "avg": 15548.16222190857
      }
    },
    "extensions": {}
  },
  "3": {
    "udp": {
      "probes": [
        {
          "rtt": 15444.355249404907,
          "from": "210.173.174.154",
          "reached": false
        }
      ],
      "stats": {
        "count": 1,
        "responses": 1,
        "loss": 0.0,
        "min": 15444.355249404907,
        "max": 15444.355249404907,
        "avg": 15444.355249404907
      }
    },
    "tcp": {
      "probes": [
        {
          "rtt": 15444.659948348999,
          "from": "210.173.174.154",
          "reached": false
        }
      ],
      "stats": {
        "count": 1,
        "responses": 1,
        "loss": 0.0,
        "min": 15444.659948348999,
        "max": 15444.659948348999,
        "avg": 15444.659948348999
      }
    },
    "icmp": {
      "probes": [
        {
          "rtt": 15445.384979248047,
          "from": "210.173.174.154",
          "reached": false
        }
      ],
      "stats": {
        "count": 1,
        "responses": 1,
        "loss": 0.0,
        "min": 15445.384979248047,
        "max": 15445.384979248047,
        "avg": 15445.384979248047
      }
    },
    "extensions": {}
  },
  "4": {
    "udp": {
      "probes": [
        {
          "rtt": 15341.994047164917,
          "from": "210.173.174.154",
          "reached": false
        }
      ],
      "stats": {
        "count": 1,
        "responses": 1,
        "loss": 0.0,
        "min": 15341.994047164917,
        "max": 15341.994047164917,
        "avg": 15341.994047164917
      }
    },
    "tcp": {
      "probes": [
        {
          "rtt": 15341.89486503601,
          "from": "210.173.174.154",
          "reached": false
        }
      ],
      "stats": {
        "count": 1,
        "responses": 1,
        "loss": 0.0,
        "min": 15341.89486503601,
        "max": 15341.89486503601,
        "avg": 15341.89486503601
      }
    },
    "icmp": {
      "probes": [
        {
          "rtt": 15341.87912940979,
          "from": "210.173.174.154",
          "reached": false
        }
      ],
      "stats": {
        "count": 1,
        "responses": 1,
        "loss": 0.0,
        "min": 15341.87912940979,
        "max": 15341.87912940979,
        "avg": 15341.87912940979
      }
    },
    "extensions": {}
  },
  "5": {
    "udp": {
      "probes": [
        {
          "rtt": 15241.602659225464,
          "from": "210.173.174.154",
          "reached": false
        }
      ],
      "stats": {
        "count": 1,
        "responses": 1,
        "loss": 0.0,
        "min": 15241.602659225464,
        "max": 15241.602659225464,
        "avg": 15241.602659225464
      }
    },
    "tcp": {
      "probes": [
        {
          "rtt": 15241.590023040771,
          "from": "210.173.174.154",
          "reached": false
        }
      ],
      "stats": {
        "count": 1,
        "responses": 1,
        "loss": 0.0,
        "min": 15241.590023040771,
        "max": 15241.590023040771,
        "avg": 15241.590023040771
      }
    },
    "icmp": {
      "probes": [
        {
          "rtt": 15241.61696434021,
          "from": "210.173.174.154",
          "reached": false
        }
      ],
      "stats": {
        "count": 1,
        "responses": 1,
        "loss": 0.0,
        "min": 15241.61696434021,
        "max": 15241.61696434021,
        "avg": 15241.61696434021
      }
    },
    "extensions": {}
  },
  "6": {
    "udp": {
      "probes": [
        {
          "rtt": 15138.962984085083,
          "from": "210.173.174.154",
          "reached": false
        }
      ],
      "stats": {
        "count": 1,
        "responses": 1,
        "loss": 0.0,
        "min": 15138.962984085083,
        "max": 15138.962984085083,
        "avg": 15138.962984085083
      }
    },
    "tcp": {
      "probes": [
        {
          "rtt": 15138.95869255066,
          "from": "210.173.174.154",
          "reached": false
        }
      ],
      "stats": {
        "count": 1,
        "responses": 1,
        "loss": 0.0,
        "min": 15138.95869255066,
        "max": 15138.95869255066,
        "avg": 15138.95869255066
      }
    },
    "icmp": {
      "probes": [
        {
          "rtt": 15138.947010040283,
          "from": "210.173.174.154",
          "reached": false
        }
      ],
      "stats": {
        "count": 1,
        "responses": 1,
        "loss": 0.0,
        "min": 15138.947010040283,
        "max": 15138.947010040283,
        "avg": 15138.947010040283
      }
    },
    "extensions": {}
  },
  "7": {
    "udp": {
      "probes": [
        {
          "rtt": 15033.929109573364,
          "from": "210.173.174.154",
          "reached": false
        }
      ],
      "stats": {
        "count": 1,
        "responses": 1,
        "loss": 0.0,
        "min": 15033.929109573364,
        "max": 15033.929109573364,
        "avg": 15033.929109573364
      }
    },
    "tcp": {
      "probes": [
        {
          "rtt": 15033.901691436768,
          "from": "210.173.174.154",
          "reached": false
        }
      ],
      "stats": {
        "count": 1,
        "responses": 1,
        "loss": 0.0,
        "min": 15033.901691436768,
        "max": 15033.901691436768,
        "avg": 15033.901691436768
      }
    },
    "icmp": {
      "probes": [
        {
          "rtt": 15033.89286994934,
          "from": "210.173.174.154",
          "reached": false
        }
      ],
      "stats": {
        "count": 1,
        "responses": 1,
        "loss": 0.0,
        "min": 15033.89286994934,
        "max": 15033.89286994934,
        "avg": 15033.89286994934
      }
    },
    "extensions": {}
  },
  "8": {
    "udp": {
      "probes": [
        {
          "rtt": 14930.961847305298,
          "from": "210.173.174.154",
          "reached": false
        }
      ],