{
  "1": {
    "udp": {
      "probes": [
        {
          "rtt": 15029.7212600708,
          "from": "120.88.53.30",
          "reached": false
        }
      ],
      "stats": {
        "count": 1,
        "responses": 1,
        "loss": 0.0,
        "min": 15029.7212600708,
        "max": 15029.7212600708,
        "avg": 15029.7212600708
      }
    },
    "tcp": {
      "probes": [
        {
          "rtt": 14945.213317871094,
          "from": "120.88.53.30",
          "reached": false
        }
      ],
      "stats": {
        "count": 1,
        "responses": 1,
        "loss": 0.0,
        "min": 14945.213317871094,
        "max": 14945.213317871094,
        "avg": 14945.213317871094
      }
    },
    "icmp": {
      "probes": [
        {
          "rtt": 14936.74373626709,
          "from": "120.88.53.30",
          "reached": false
        }
      ],
      "stats": {
        "count": 1,
        "responses": 1,
        "loss": 0.0,
        "min": 14936.74373626709,
        "max": 14936.74373626709,
        "avg": 14936.74373626709
      }
    },
    "extensions": {}
  },
  "2": {
    "udp": {
      "probes": [
        {
          "rtt": 14787.61100769043,
          "from": "120.88.53.30",
          "reached": false
        }
      ],
      "stats": {
        "count": 1,
        "responses": 1,
        "loss": 0.0,
        "min": 14787.61100769043,
        "max": 14787.61100769043,
        "avg": 14787.61100769043
      }
    },
    "tcp": {
      "probes": [
        {
          "rtt": 14787.174224853516,
          "from": "120.88.53.30",
          "reached": false
        }
      ],
      "stats": {
        "count": 1,
        "responses": 1,
        "loss": 0.0,
        "min": 14787.174224853516,
        "max": 14787.174224853516,
        "avg": 14787.174224853516
      }
    },
    "icmp": {
      "probes": [
        {
          "rtt": 14787.249088287354,
          "from": "120.88.53.30",
          "reached": false
        }
      ],
      "stats": {
        "count": 1,
        "responses": 1,
        "loss": 0.0,
        "min": 14787.249088287354,
        "max": 14787.249088287354,
        "avg": 14787.249088287354
      }
    },
    "extensions": {}
  },
  "3": {
    "udp": {
      "probes": [
        {
          "rtt": 14681.443691253662,
          "from": "120.88.53.30",
          "reached": false
        }
      ],
      "stats": {
        "count": 1,
        "responses": 1,
        "loss": 0.0,
        "min": 14681.443691253662,
        "max": 14681.443691253662,
        "avg": 14681.443691253662
      }
    },
    "tcp": {
      "probes": [
        {
          "rtt": 14681.44679069519,
          "from": "120.88.53.30",
          "reached": false
        }
      ],
      "stats": {
        "count": 1,
        "responses": 1,
        "loss": 0.0,
        "min": 14681.44679069519,
        "max": 14681.44679069519,
        "avg": 14681.44679069519
      }
    },
    "icmp": {
      "probes": [
        {
          "rtt": 14680.443048477173,
          "from": "120.88.53.30",
          "reached": false
        }
      ],
      "stats": {
        "count": 1,
        "responses": 1,
        "loss": 0.0,
        "min": 14680.443048477173,
        "max": 14680.443048477173,
        "avg": 14680.443048477173
      }
    },
    "extensions": {}
  },
  "4": {
    "udp": {
      "probes": [
        {
          "rtt": 14576.855182647705,
          "from": "120.88.53.30",
          "reached": false
        }
      ],
      "stats": {
        "count": 1,
        "responses": 1,
        "loss": 0.0,
        "min": 14576.855182647705,
        "max": 14576.855182647705,
        "avg": 14576.855182647705
      }
    },
    "tcp": {
      "probes": [
        {
          "rtt": 14576.742887496948,
          "from": "120.88.53.30",
          "reached": false
        }
      ],
      "stats": {
        "count": 1,
        "responses": 1,
        "loss": 0.0,
        "min": 14576.742887496948,
        "max": 14576.742887496948,
        "avg": 14576.742887496948
      }
    },
    "icmp": {
      "probes": [
        {
          "rtt": 14576.738119125366,
          "from": "120.88.53.30",
          "reached": false
        }
      ],
      "stats": {
        "count": 1,
        "responses": 1,
        "loss": 0.0,
        "min": 14576.738119125366,
        "max": 14576.738119125366,
        "avg": 14576.738119125366
      }
    },
    "extensions": {}
  },
  "5": {
    "udp": {
      "probes": [
        {
          "rtt": 14474.163055419922,
          "from": "120.88.53.30",
          "reached": false
        }
      ],
      "stats": {
        "count": 1,
        "responses": 1,
        "loss": 0.0,
        "min": 14474.163055419922,
        "max": 14474.163055419922,
        "avg": 14474.163055419922
      }
    },
    "tcp": {
      "probes": [
        {
          "rtt": 14474.160194396973,
          "from": "120.88.53.30",
          "reached": false
        }
      ],
      "stats": {
        "count": 1,
        "responses": 1,
        "loss": 0.0,
        "min": 14474.160194396973,
        "max": 14474.160194396973,
        "avg": 14474.160194396973
      }
    },
    "icmp": {
      "probes": [
        {
          "rtt": 14474.155187606812,
          "from": "120.88.53.30",
          "reached": false
        }
      ],
      "stats": {
        "count": 1,
        "responses": 1,
        "loss": 0.0,
        "min": 14474.155187606812,
        "max": 14474.155187606812,
        "avg": 14474.155187606812
      }
    },
    "extensions": {}
  },
  "6": {
    "udp": {
      "probes": [
        {
          "rtt": 14371.784210205078,
          "from": "120.88.53.30",
          "reached": false
        }
      ],
      "stats": {
        "count": 1,
        "responses": 1,
        "loss": 0.0,
        "min": 14371.784210205078,
        "max": 14371.784210205078,
        "avg": 14371.784210205078
      }
    },
    "tcp": {
      "probes": [
        {
          "rtt": 14371.784210205078,
          "from": "120.88.53.30",
          "reached": false
        }
      ],
      "stats": {
        "count": 1,
        "responses": 1,
        "loss": 0.0,
        "min": 14371.784210205078,
        "max": 14371.784210205078,
        "avg": 14371.784210205078
      }
    },
    "icmp": {
      "probes": [
        {
          "rtt": 14371.847867965698,
          "from": "120.88.53.30",
          "reached": false
        }
      ],
      "stats": {
        "count": 1,
        "responses": 1,
        "loss": 0.0,
        "min": 14371.847867965698,
        "max": 14371.847867965698,
        "avg": 14371.847867965698
      }
    },
    "extensions": {}
  },
  "7": {
    "udp": {
      "probes": [
        {
          "rtt": 14268.537282943726,
          "from": "120.88.53.30",
          "reached": false
        }
      ],
      "stats": {
        "count": 1,
        "responses": 1,
        "loss": 0.0,
        "min": 14268.537282943726,
        "max": 14268.537282943726,
        "avg": 14268.537282943726
      }
    },
    "tcp": {
      "probes": [
        {
          "rtt": 14268.395185470581,
          "from": "120.88.53.30",
          "reached": false
        }
      ],
      "stats": {
        "count": 1,
        "responses": 1,
        "loss": 0.0,
        "min": 14268.395185470581,
        "max": 14268.395185470581,
        "avg": 14268.395185470581
      }
    },
    "icmp": {
      "probes": [
        {
          "rtt": 14268.39017868042,
          "from": "120.88.53.30",
          "reached": false
        }
      ],
      "stats": {
        "count": 1,
        "responses": 1,
        "loss": 0.0,
        "min": 14268.39017868042,
        "max": 14268.39017868042,
        "avg": 14268.39017868042
      }
    },
    "extensions": {}
  },
  "8": {
    "udp": {
      "probes": [
        {
          "rtt": 14164.283037185669,
          "from": "120.88.53.30",
          "reached": false
        }
      ],
      "stats": {
        "count": 1,
        "responses": 1,