{
  "1": {
    "udp": {
      "probes": [
        {
          "rtt": 21185.97912788391,
          "from": "10.213.32.41",
          "reached": false
        }
      ],
      "stats": {
        "count": 1,
        "responses": 1,
        "loss": 0.0,
        "min": 21185.97912788391,
        "max": 21185.97912788391,
        "avg": 21185.97912788391
      }
    },
    "tcp": {
      "probes": [
        {
          "rtt": 21303.168058395386,
          "from": "10.213.32.41",
          "reached": false
        }
      ],
      "stats": {
        "count": 1,
        "responses": 1,
        "loss": 0.0,
        "min": 21303.168058395386,
        "max": 21303.168058395386,
        "avg": 21303.168058395386
      }
    },
    "icmp": {
      "probes": [
        {
          "rtt": 21323.86875152588,
          "from": "10.213.32.41",
          "reached": false
        }
      ],
      "stats": {
        "count": 1,
        "responses": 1,
        "loss": 0.0,
        "min": 21323.86875152588,
        "max": 21323.86875152588,
        "avg": 21323.86875152588
      }
    },
    "extensions": {}
  },
  "2": {
    "udp": {
      "probes": [
        {
          "rtt": 21226.5362739563,
          "from": "10.213.32.41",
          "reached": false
        }
      ],
      "stats": {
        "count": 1,
        "responses": 1,
        "loss": 0.0,
        "min": 21226.5362739563,
        "max": 21226.5362739563,
        "avg": 21226.5362739563
      }
    },
    "tcp": {
      "probes": [
        {
          "rtt": 21246.840953826904,
          "from": "10.213.32.41",
          "reached": false
        }
      ],
      "stats": {
        "count": 1,
        "responses": 1,
        "loss": 0.0,
        "min": 21246.840953826904,
        "max": 21246.840953826904,
        "avg": 21246.840953826904
      }
    },
    "icmp": {
      "probes": [],
      "stats": {}
    },
    "extensions": {}
  },
  "metadata": {
    "series": [
      "udp",
      "tcp",
      "icmp"
    ],
    "target": "121.120.125.1",
    "protocol": "udp",
    "ip_version": "4",
    "timestamp": "2025-05-15 21:10:15",
    "reached_target": false
  }
}