{
  "1": {
    "udp": {
      "probes": [
        {
          "rtt": 24756.786823272705,
          "from": "184.104.188.77",
          "reached": false
        }
      ],
      "stats": {
        "count": 1,
        "responses": 1,
        "loss": 0.0,
        "min": 24756.786823272705,
        "max": 24756.786823272705,
        "avg": 24756.786823272705
      }
    },
    "tcp": {
      "probes": [
        {
          "rtt": 24720.995903015137,
          "from": "184.104.188.77",
          "reached": false
        }
      ],
      "stats": {
        "count": 1,
        "responses": 1,
        "loss": 0.0,
        "min": 24720.995903015137,
        "max": 24720.995903015137,
        "avg": 24720.995903015137
      }
    },
    "icmp": {
      "probes": [
        {
          "rtt": 24719.78235244751,
          "from": "184.104.188.77",
          "reached": false
        }
      ],
      "stats": {
        "count": 1,
        "responses": 1,
        "loss": 0.0,
        "min": 24719.78235244751,
        "max": 24719.78235244751,
        "avg": 24719.78235244751
      }
    },
    "extensions": {}
  },
  "2": {
    "udp": {
      "probes": [
        {
          "rtt": 24612.08987236023,
          "from": "184.104.188.77",
          "reached": false
        }
      ],
      "stats": {
        "count": 1,
        "responses": 1,
        "loss": 0.0,
        "min": 24612.08987236023,
        "max": 24612.08987236023,
        "avg": 24612.08987236023
      }
    },
    "tcp": {
      "probes": [
        {
          "rtt": 24612.06007003784,
          "from": "184.104.188.77",
          "reached": false
        }
      ],
      "stats": {
        "count": 1,
        "responses": 1,
        "loss": 0.0,
        "min": 24612.06007003784,
        "max": 24612.06007003784,
        "avg": 24612.06007003784
      }
    },
    "icmp": {
      "probes": [
        {
          "rtt": 24612.04504966736,
          "from": "184.104.188.77",
          "reached": false
        }
      ],
      "stats": {
        "count": 1,
        "responses": 1,
        "loss": 0.0,
        "min": 24612.04504966736,
        "max": 24612.04504966736,
        "avg": 24612.04504966736
      }
    },
    "extensions": {}
  },
  "3": {
    "udp": {
      "probes": [
        {
          "rtt": 24507.598876953125,
          "from": "184.104.188.77",
          "reached": false
        }
      ],
      "stats": {
        "count": 1,
        "responses": 1,
        "loss": 0.0,
        "min": 24507.598876953125,
        "max": 24507.598876953125,
        "avg": 24507.598876953125
      }
    },
    "tcp": {
      "probes": [
        {
          "rtt": 24507.487058639526,
          "from": "184.104.188.77",
          "reached": false
        }
      ],
      "stats": {
        "count": 1,
        "responses": 1,
        "loss": 0.0,
        "min": 24507.487058639526,
        "max": 24507.487058639526,
        "avg": 24507.487058639526
      }
    },
    "icmp": {
      "probes": [
        {
          "rtt": 24507.468938827515,
          "from": "184.104.188.77",
          "reached": false
        }
      ],
      "stats": {
        "count": 1,
        "responses": 1,
        "loss": 0.0,
        "min": 24507.468938827515,
        "max": 24507.468938827515,
        "avg": 24507.468938827515
      }
    },
    "extensions": {}
  },
  "4": {
    "udp": {
      "probes": [
        {
          "rtt": 24406.35871887207,
          "from": "184.104.188.77",
          "reached": false
        }
      ],
      "stats": {
        "count": 1,
        "responses": 1,
        "loss": 0.0,
        "min": 24406.35871887207,
        "max": 24406.35871887207,
        "avg": 24406.35871887207
      }
    },
    "tcp": {
      "probes": [
        {
          "rtt": 24406.32128715515,
          "from": "184.104.188.77",
          "reached": false
        }
      ],
      "stats": {
        "count": 1,
        "responses": 1,
        "loss": 0.0,
        "min": 24406.32128715515,
        "max": 24406.32128715515,
        "avg": 24406.32128715515
      }
    },
    "icmp": {
      "probes": [
        {
          "rtt": 24406.306982040405,
          "from": "184.104.188.77",
          "reached": false
        }
      ],
      "stats": {
        "count": 1,
        "responses": 1,
        "loss": 0.0,
        "min": 24406.306982040405,
        "max": 24406.306982040405,
        "avg": 24406.306982040405
      }
    },
    "extensions": {}
  },
  "5": {
    "udp": {
      "probes": [
        {
          "rtt": 24304.85224723816,
          "from": "184.104.188.77",
          "reached": false
        }
      ],
      "stats": {
        "count": 1,
        "responses": 1,
        "loss": 0.0,
        "min": 24304.85224723816,
        "max": 24304.85224723816,
        "avg": 24304.85224723816
      }
    },
    "tcp": {
      "probes": [
        {
          "rtt": 24304.74281311035,
          "from": "184.104.188.77",
          "reached": false
        }
      ],
      "stats": {
        "count": 1,
        "responses": 1,
        "loss": 0.0,
        "min": 24304.74281311035,
        "max": 24304.74281311035,
        "avg": 24304.74281311035
      }
    },
    "icmp": {
      "probes": [
        {
          "rtt": 24304.67200279236,
          "from": "184.104.188.77",
          "reached": false
        }
      ],
      "stats": {
        "count": 1,
        "responses": 1,
        "loss": 0.0,
        "min": 24304.67200279236,
        "max": 24304.67200279236,
        "avg": 24304.67200279236
      }
    },
    "extensions": {}
  },
  "6": {
    "udp": {
      "probes": [
        {
          "rtt": 24199.636936187744,
          "from": "184.104.188.77",
          "reached": false
        }
      ],
      "stats": {
        "count": 1,
        "responses": 1,
        "loss": 0.0,
        "min": 24199.636936187744,
        "max": 24199.636936187744,
        "avg": 24199.636936187744
      }
    },
    "tcp": {
      "probes": [],
      "stats": {}
    },
    "icmp": {
      "probes": [],
      "stats": {}
    },
    "extensions": {}
  },
  "metadata": {
    "series": [
      "udp",
      "tcp",
      "icmp"
    ],
    "target": "14.74.246.1",
    "protocol": "udp",
    "ip_version": "4",
    "timestamp": "2025-05-15 21:15:49",
    "reached_target": false
  }
}