{
  "1": {
    "udp": {
      "probes": [
        {
          "rtt": 11982.699155807495,
          "from": "10.213.33.25",
          "reached": false
        }
      ],
      "stats": {
        "count": 1,
        "responses": 1,
        "loss": 0.0,
        "min": 11982.699155807495,
        "max": 11982.699155807495,
        "avg": 11982.699155807495
      }
    },
    "tcp": {
      "probes": [
        {
          "rtt": 11936.155080795288,
          "from": "10.213.33.25",
          "reached": false
        }
      ],
      "stats": {
        "count": 1,
        "responses": 1,
        "loss": 0.0,
        "min": 11936.155080795288,
        "max": 11936.155080795288,
        "avg": 11936.155080795288
      }
    },
    "icmp": {
      "probes": [
        {
          "rtt": 11945.026159286499,
          "from": "10.213.33.25",
          "reached": false
        }
      ],
      "stats": {
        "count": 1,
        "responses": 1,
        "loss": 0.0,
        "min": 11945.026159286499,
        "max": 11945.026159286499,
        "avg": 11945.026159286499
      }
    },
    "extensions": {}
  },
  "2": {
    "udp": {
      "probes": [
        {
          "rtt": 11839.975833892822,
          "from": "10.213.33.25",
          "reached": false
        }
      ],
      "stats": {
        "count": 1,
        "responses": 1,
        "loss": 0.0,
        "min": 11839.975833892822,
        "max": 11839.975833892822,
        "avg": 11839.975833892822
      }
    },
    "tcp": {
      "probes": [
        {
          "rtt": 15301.776885986328,
          "from": "10.213.32.33",
          "reached": false
        }
      ],
      "stats": {
        "count": 1,
        "responses": 1,
        "loss": 0.0,
        "min": 15301.776885986328,
        "max": 15301.776885986328,
        "avg": 15301.776885986328
      }
    },
    "icmp": {
      "probes": [
        {
          "rtt": 15312.103033065796,
          "from": "10.213.32.33",
          "reached": false
        }
      ],
      "stats": {
        "count": 1,
        "responses": 1,
        "loss": 0.0,
        "min": 15312.103033065796,
        "max": 15312.103033065796,
        "avg": 15312.103033065796
      }
    },
    "extensions": {}
  },
  "metadata": {
    "series": [
      "udp",
      "tcp",
      "icmp"
    ],
    "target": "36.192.227.1",
    "protocol": "udp",
    "ip_version": "4",
    "timestamp": "2025-05-15 21:10:13",
    "reached_target": false
  }
}