{
  "1": {
    "udp": {
      "probes": [
        {
          "rtt": 14327.47483253479,
          "from": "112.174.80.1",
          "reached": false
        }
      ],
      "stats": {
        "count": 1,
        "responses": 1,
        "loss": 0.0,
        "min": 14327.47483253479,
        "max": 14327.47483253479,
        "avg": 14327.47483253479
      }
    },
    "tcp": {
      "probes": [
        {
          "rtt": 14327.718019485474,
          "from": "112.174.80.1",
          "reached": false
        }
      ],
      "stats": {
        "count": 1,
        "responses": 1,
        "loss": 0.0,
        "min": 14327.718019485474,
        "max": 14327.718019485474,
        "avg": 14327.718019485474
      }
    },
    "icmp": {
      "probes": [
        {
          "rtt": 14412.684202194214,
          "from": "112.174.80.1",
          "reached": false
        }
      ],
      "stats": {
        "count": 1,
        "responses": 1,
        "loss": 0.0,
        "min": 14412.684202194214,
        "max": 14412.684202194214,
        "avg": 14412.684202194214
      }
    },
    "extensions": {}
  },
  "2": {
    "udp": {
      "probes": [
        {
          "rtt": 14308.617115020752,
          "from": "112.174.80.1",
          "reached": false
        }
      ],
      "stats": {
        "count": 1,
        "responses": 1,
        "loss": 0.0,
        "min": 14308.617115020752,
        "max": 14308.617115020752,
        "avg": 14308.617115020752
      }
    },
    "tcp": {
      "probes": [
        {
          "rtt": 14308.624982833862,
          "from": "112.174.80.1",
          "reached": false
        }
      ],
      "stats": {
        "count": 1,
        "responses": 1,
        "loss": 0.0,
        "min": 14308.624982833862,
        "max": 14308.624982833862,
        "avg": 14308.624982833862
      }
    },
    "icmp": {
      "probes": [
        {
          "rtt": 14308.615922927856,
          "from": "112.174.80.1",
          "reached": false
        }
      ],
      "stats": {
        "count": 1,
        "responses": 1,
        "loss": 0.0,
        "min": 14308.615922927856,
        "max": 14308.615922927856,
        "avg": 14308.615922927856
      }
    },
    "extensions": {}
  },
  "3": {
    "udp": {
      "probes": [
        {
          "rtt": 14203.604936599731,
          "from": "112.174.80.1",
          "reached": false
        }
      ],
      "stats": {
        "count": 1,
        "responses": 1,
        "loss": 0.0,
        "min": 14203.604936599731,
        "max": 14203.604936599731,
        "avg": 14203.604936599731
      }
    },
    "tcp": {
      "probes": [
        {
          "rtt": 14203.603982925415,
          "from": "112.174.80.1",
          "reached": false
        }
      ],
      "stats": {
        "count": 1,
        "responses": 1,
        "loss": 0.0,
        "min": 14203.603982925415,
        "max": 14203.603982925415,
        "avg": 14203.603982925415
      }
    },
    "icmp": {
      "probes": [
        {
          "rtt": 14203.601837158203,
          "from": "112.174.80.1",
          "reached": false
        }
      ],
      "stats": {
        "count": 1,
        "responses": 1,
        "loss": 0.0,
        "min": 14203.601837158203,
        "max": 14203.601837158203,
        "avg": 14203.601837158203
      }
    },
    "extensions": {}
  },
  "4": {
    "udp": {
      "probes": [
        {
          "rtt": 14102.516889572144,
          "from": "112.174.80.1",
          "reached": false
        }
      ],
      "stats": {
        "count": 1,
        "responses": 1,
        "loss": 0.0,
        "min": 14102.516889572144,
        "max": 14102.516889572144,
        "avg": 14102.516889572144
      }
    },
    "tcp": {
      "probes": [
        {
          "rtt": 14102.521181106567,
          "from": "112.174.80.1",
          "reached": false
        }
      ],
      "stats": {
        "count": 1,
        "responses": 1,
        "loss": 0.0,
        "min": 14102.521181106567,
        "max": 14102.521181106567,
        "avg": 14102.521181106567
      }
    },
    "icmp": {
      "probes": [
        {
          "rtt": 14102.75912284851,
          "from": "112.174.80.1",
          "reached": false
        }
      ],
      "stats": {
        "count": 1,
        "responses": 1,
        "loss": 0.0,
        "min": 14102.75912284851,
        "max": 14102.75912284851,
        "avg": 14102.75912284851
      }
    },
    "extensions": {}
  },
  "5": {
    "udp": {
      "probes": [
        {
          "rtt": 13998.016119003296,
          "from": "112.174.80.1",
          "reached": false
        }
      ],
      "stats": {
        "count": 1,
        "responses": 1,
        "loss": 0.0,
        "min": 13998.016119003296,
        "max": 13998.016119003296,
        "avg": 13998.016119003296
      }
    },
    "tcp": {
      "probes": [
        {
          "rtt": 13998.043775558472,
          "from": "112.174.80.1",
          "reached": false
        }
      ],
      "stats": {
        "count": 1,
        "responses": 1,
        "loss": 0.0,
        "min": 13998.043775558472,
        "max": 13998.043775558472,
        "avg": 13998.043775558472
      }
    },
    "icmp": {
      "probes": [
        {
          "rtt": 13998.292207717896,
          "from": "112.174.80.1",
          "reached": false
        }
      ],
      "stats": {
        "count": 1,
        "responses": 1,
        "loss": 0.0,
        "min": 13998.292207717896,
        "max": 13998.292207717896,
        "avg": 13998.292207717896
      }
    },
    "extensions": {}
  },
  "6": {
    "udp": {
      "probes": [
        {
          "rtt": 13894.259929656982,
          "from": "112.174.80.1",
          "reached": false
        }
      ],
      "stats": {
        "count": 1,
        "responses": 1,
        "loss": 0.0,
        "min": 13894.259929656982,
        "max": 13894.259929656982,
        "avg": 13894.259929656982
      }
    },
    "tcp": {
      "probes": [
        {
          "rtt": 13894.223928451538,
          "from": "112.174.80.1",
          "reached": false
        }
      ],
      "stats": {
        "count": 1,
        "responses": 1,
        "loss": 0.0,
        "min": 13894.223928451538,
        "max": 13894.223928451538,
        "avg": 13894.223928451538
      }
    },
    "icmp": {
      "probes": [
        {
          "rtt": 13894.083023071289,
          "from": "112.174.80.1",
          "reached": false
        }
      ],
      "stats": {
        "count": 1,
        "responses": 1,
        "loss": 0.0,
        "min": 13894.083023071289,
        "max": 13894.083023071289,
        "avg": 13894.083023071289
      }
    },
    "extensions": {}
  },
  "7": {
    "udp": {
      "probes": [
        {
          "rtt": 13793.855905532837,
          "from": "112.174.80.1",
          "reached": false
        }
      ],
      "stats": {
        "count": 1,
        "responses": 1,
        "loss": 0.0,
        "min": 13793.855905532837,
        "max": 13793.855905532837,
        "avg": 13793.855905532837
      }
    },
    "tcp": {
      "probes": [
        {
          "rtt": 13793.83397102356,
          "from": "112.174.80.1",
          "reached": false
        }
      ],
      "stats": {
        "count": 1,
        "responses": 1,
        "loss": 0.0,
        "min": 13793.83397102356,
        "max": 13793.83397102356,
        "avg": 13793.83397102356
      }
    },
    "icmp": {
      "probes": [
        {
          "rtt": 13793.82300376892,
          "from": "112.174.80.1",
          "reached": false
        }
      ],
      "stats": {
        "count": 1,
        "responses": 1,
        "loss": 0.0,
        "min": 13793.82300376892,
        "max": 13793.82300376892,
        "avg": 13793.82300376892
      }
    },
    "extensions": {}
  },
  "8": {
    "udp": {
      "probes": [
        {
          "rtt": 13688.879013061523,
          "from": "112.174.80.1",
          "reached": false
        }
      ],
      "stats": {
        "count": 1,