{
  "1": {
    "udp": {
      "probes": [
        {
          "rtt": 12034.63864326477,
          "from": "10.213.33.25",
          "reached": false
        }
      ],
      "stats": {
        "count": 1,
        "responses": 1,
        "loss": 0.0,
        "min": 12034.63864326477,
        "max": 12034.63864326477,
        "avg": 12034.63864326477
      }
    },
    "tcp": {
      "probes": [
        {
          "rtt": 12008.902072906494,
          "from": "10.213.33.25",
          "reached": false
        }
      ],
      "stats": {
        "count": 1,
        "responses": 1,
        "loss": 0.0,
        "min": 12008.902072906494,
        "max": 12008.902072906494,
        "avg": 12008.902072906494
      }
    },
    "icmp": {
      "probes": [
        {
          "rtt": 12009.429693222046,
          "from": "10.213.33.25",
          "reached": false
        }
      ],
      "stats": {
        "count": 1,
        "responses": 1,
        "loss": 0.0,
        "min": 12009.429693222046,
        "max": 12009.429693222046,
        "avg": 12009.429693222046
      }
    },
    "extensions": {}
  },
  "2": {
    "udp": {
      "probes": [
        {
          "rtt": 11917.17004776001,
          "from": "10.213.33.25",
          "reached": false
        }
      ],
      "stats": {
        "count": 1,
        "responses": 1,
        "loss": 0.0,
        "min": 11917.17004776001,
        "max": 11917.17004776001,
        "avg": 11917.17004776001
      }
    },
    "tcp": {
      "probes": [],
      "stats": {}
    },
    "icmp": {
      "probes": [],
      "stats": {}
    },
    "extensions": {}
  },
  "metadata": {
    "series": [
      "udp",
      "tcp",
      "icmp"
    ],
    "target": "177.24.22.1",
    "protocol": "udp",
    "ip_version": "4",
    "timestamp": "2025-05-15 21:10:13",
    "reached_target": false
  }
}