{
  "1": {
    "udp": {
      "probes": [
        {
          "rtt": 48715.978145599365,
          "from": "129.250.5.227",
          "reached": false
        }
      ],
      "stats": {
        "count": 1,
        "responses": 1,
        "loss": 0.0,
        "min": 48715.978145599365,
        "max": 48715.978145599365,
        "avg": 48715.978145599365
      }
    },
    "tcp": {
      "probes": [
        {
          "rtt": 48713.41276168823,
          "from": "129.250.5.227",
          "reached": false
        }
      ],
      "stats": {
        "count": 1,
        "responses": 1,
        "loss": 0.0,
        "min": 48713.41276168823,
        "max": 48713.41276168823,
        "avg": 48713.41276168823
      }
    },
    "icmp": {
      "probes": [
        {
          "rtt": 48713.3948802948,
          "from": "129.250.5.227",
          "reached": false
        }
      ],
      "stats": {
        "count": 1,
        "responses": 1,
        "loss": 0.0,
        "min": 48713.3948802948,
        "max": 48713.3948802948,
        "avg": 48713.3948802948
      }
    },
    "extensions": {}
  },
  "2": {
    "udp": {
      "probes": [
        {
          "rtt": 48567.74592399597,
          "from": "129.250.5.227",
          "reached": false
        }
      ],
      "stats": {
        "count": 1,
        "responses": 1,
        "loss": 0.0,
        "min": 48567.74592399597,
        "max": 48567.74592399597,
        "avg": 48567.74592399597
      }
    },
    "tcp": {
      "probes": [
        {
          "rtt": 48567.72494316101,
          "from": "129.250.5.227",
          "reached": false
        }
      ],
      "stats": {
        "count": 1,
        "responses": 1,
        "loss": 0.0,
        "min": 48567.72494316101,
        "max": 48567.72494316101,
        "avg": 48567.72494316101
      }
    },
    "icmp": {
      "probes": [
        {
          "rtt": 48567.713022232056,
          "from": "129.250.5.227",
          "reached": false
        }
      ],
      "stats": {
        "count": 1,
        "responses": 1,
        "loss": 0.0,
        "min": 48567.713022232056,
        "max": 48567.713022232056,
        "avg": 48567.713022232056
      }
    },
    "extensions": {}
  },
  "3": {
    "udp": {
      "probes": [
        {
          "rtt": 48464.17427062988,
          "from": "129.250.5.227",
          "reached": false
        }
      ],
      "stats": {
        "count": 1,
        "responses": 1,
        "loss": 0.0,
        "min": 48464.17427062988,
        "max": 48464.17427062988,
        "avg": 48464.17427062988
      }
    },
    "tcp": {
      "probes": [
        {
          "rtt": 48174.74627494812,
          "from": "129.250.5.227",
          "reached": false
        }
      ],
      "stats": {
        "count": 1,
        "responses": 1,
        "loss": 0.0,
        "min": 48174.74627494812,
        "max": 48174.74627494812,
        "avg": 48174.74627494812
      }
    },
    "icmp": {
      "probes": [
        {
          "rtt": 48174.73578453064,
          "from": "129.250.5.227",
          "reached": false
        }
      ],
      "stats": {
        "count": 1,
        "responses": 1,
        "loss": 0.0,
        "min": 48174.73578453064,
        "max": 48174.73578453064,
        "avg": 48174.73578453064
      }
    },
    "extensions": {}
  },
  "4": {
    "udp": {
      "probes": [
        {
          "rtt": 47519.814014434814,
          "from": "129.250.5.227",
          "reached": false
        }
      ],
      "stats": {
        "count": 1,
        "responses": 1,
        "loss": 0.0,
        "min": 47519.814014434814,
        "max": 47519.814014434814,
        "avg": 47519.814014434814
      }
    },
    "tcp": {
      "probes": [
        {
          "rtt": 47518.90826225281,
          "from": "129.250.5.227",
          "reached": false
        }
      ],
      "stats": {
        "count": 1,
        "responses": 1,
        "loss": 0.0,
        "min": 47518.90826225281,
        "max": 47518.90826225281,
        "avg": 47518.90826225281
      }
    },
    "icmp": {
      "probes": [
        {
          "rtt": 47518.895864486694,
          "from": "129.250.5.227",
          "reached": false
        }
      ],
      "stats": {
        "count": 1,
        "responses": 1,
        "loss": 0.0,
        "min": 47518.895864486694,
        "max": 47518.895864486694,
        "avg": 47518.895864486694
      }
    },
    "extensions": {}
  },
  "5": {
    "udp": {
      "probes": [
        {
          "rtt": 46899.50084686279,
          "from": "129.250.5.227",
          "reached": false
        }
      ],
      "stats": {
        "count": 1,
        "responses": 1,
        "loss": 0.0,
        "min": 46899.50084686279,
        "max": 46899.50084686279,
        "avg": 46899.50084686279
      }
    },
    "tcp": {
      "probes": [
        {
          "rtt": 46741.276025772095,
          "from": "129.250.5.227",
          "reached": false
        }
      ],
      "stats": {
        "count": 1,
        "responses": 1,
        "loss": 0.0,
        "min": 46741.276025772095,
        "max": 46741.276025772095,
        "avg": 46741.276025772095
      }
    },
    "icmp": {
      "probes": [
        {
          "rtt": 46741.26315116882,
          "from": "129.250.5.227",
          "reached": false
        }
      ],
      "stats": {
        "count": 1,
        "responses": 1,
        "loss": 0.0,
        "min": 46741.26315116882,
        "max": 46741.26315116882,
        "avg": 46741.26315116882
      }
    },
    "extensions": {}
  },
  "6": {
    "udp": {
      "probes": [
        {
          "rtt": 46471.598863601685,
          "from": "129.250.5.227",
          "reached": false
        }
      ],
      "stats": {
        "count": 1,
        "responses": 1,
        "loss": 0.0,
        "min": 46471.598863601685,
        "max": 46471.598863601685,
        "avg": 46471.598863601685
      }
    },
    "tcp": {
      "probes": [
        {
          "rtt": 46471.580266952515,
          "from": "129.250.5.227",
          "reached": false
        }
      ],
      "stats": {
        "count": 1,
        "responses": 1,
        "loss": 0.0,
        "min": 46471.580266952515,
        "max": 46471.580266952515,
        "avg": 46471.580266952515
      }
    },
    "icmp": {
      "probes": [
        {
          "rtt": 46471.564054489136,
          "from": "129.250.5.227",
          "reached": false
        }
      ],
      "stats": {
        "count": 1,
        "responses": 1,
        "loss": 0.0,
        "min": 46471.564054489136,
        "max": 46471.564054489136,
        "avg": 46471.564054489136
      }
    },
    "extensions": {}
  },
  "7": {
    "udp": {
      "probes": [
        {
          "rtt": 45921.64421081543,
          "from": "129.250.5.227",
          "reached": false
        }
      ],
      "stats": {
        "count": 1,
        "responses": 1,
        "loss": 0.0,
        "min": 45921.64421081543,
        "max": 45921.64421081543,
        "avg": 45921.64421081543
      }
    },
    "tcp": {
      "probes": [
        {
          "rtt": 45921.63014411926,
          "from": "129.250.5.227",
          "reached": false
        }
      ],
      "stats": {
        "count": 1,
        "responses": 1,
        "loss": 0.0,
        "min": 45921.63014411926,
        "max": 45921.63014411926,
        "avg": 45921.63014411926
      }
    },
    "icmp": {
      "probes": [
        {
          "rtt": 45921.607971191406,
          "from": "129.250.5.227",
          "reached": false
        }
      ],
      "stats": {
        "count": 1,
        "responses": 1,
        "loss": 0.0,
        "min": 45921.607971191406,
        "max": 45921.607971191406,
        "avg": 45921.607971191406
      }
    },
    "extensions": {}
  },
  "8": {
    "udp": {
      "probes": [
        {
          "rtt": 45259.7382068634,
          "from": "129.250.5.227",
          "reached": false
        }
      ],
      "stats": {
        "count": 1,
        "responses": 1,