{
  "1": {
    "udp": {
      "probes": [
        {
          "rtt": 35176.470041275024,
          "from": "129.250.2.27",
          "reached": false
        }
      ],
      "stats": {
        "count": 1,
        "responses": 1,
        "loss": 0.0,
        "min": 35176.470041275024,
        "max": 35176.470041275024,
        "avg": 35176.470041275024
      }
    },
    "tcp": {
      "probes": [
        {
          "rtt": 35051.94592475891,
          "from": "129.250.2.27",
          "reached": false
        }
      ],
      "stats": {
        "count": 1,
        "responses": 1,
        "loss": 0.0,
        "min": 35051.94592475891,
        "max": 35051.94592475891,
        "avg": 35051.94592475891
      }
    },
    "icmp": {
      "probes": [
        {
          "rtt": 35039.70527648926,
          "from": "129.250.2.27",
          "reached": false
        }
      ],
      "stats": {
        "count": 1,
        "responses": 1,
        "loss": 0.0,
        "min": 35039.70527648926,
        "max": 35039.70527648926,
        "avg": 35039.70527648926
      }
    },
    "extensions": {}
  },
  "2": {
    "udp": {
      "probes": [
        {
          "rtt": 34921.59938812256,
          "from": "129.250.2.27",
          "reached": false
        }
      ],
      "stats": {
        "count": 1,
        "responses": 1,
        "loss": 0.0,
        "min": 34921.59938812256,
        "max": 34921.59938812256,
        "avg": 34921.59938812256
      }
    },
    "tcp": {
      "probes": [
        {
          "rtt": 34916.176080703735,
          "from": "129.250.2.27",
          "reached": false
        }
      ],
      "stats": {
        "count": 1,
        "responses": 1,
        "loss": 0.0,
        "min": 34916.176080703735,
        "max": 34916.176080703735,
        "avg": 34916.176080703735
      }
    },
    "icmp": {
      "probes": [
        {
          "rtt": 34648.43702316284,
          "from": "129.250.2.27",
          "reached": false
        }
      ],
      "stats": {
        "count": 1,
        "responses": 1,
        "loss": 0.0,
        "min": 34648.43702316284,
        "max": 34648.43702316284,
        "avg": 34648.43702316284
      }
    },
    "extensions": {}
  },
  "3": {
    "udp": {
      "probes": [
        {
          "rtt": 34526.31664276123,
          "from": "129.250.2.27",
          "reached": false
        }
      ],
      "stats": {
        "count": 1,
        "responses": 1,
        "loss": 0.0,
        "min": 34526.31664276123,
        "max": 34526.31664276123,
        "avg": 34526.31664276123
      }
    },
    "tcp": {
      "probes": [
        {
          "rtt": 34524.31392669678,
          "from": "129.250.2.27",
          "reached": false
        }
      ],
      "stats": {
        "count": 1,
        "responses": 1,
        "loss": 0.0,
        "min": 34524.31392669678,
        "max": 34524.31392669678,
        "avg": 34524.31392669678
      }
    },
    "icmp": {
      "probes": [
        {
          "rtt": 34523.679971694946,
          "from": "129.250.2.27",
          "reached": false
        }
      ],
      "stats": {
        "count": 1,
        "responses": 1,
        "loss": 0.0,
        "min": 34523.679971694946,
        "max": 34523.679971694946,
        "avg": 34523.679971694946
      }
    },
    "extensions": {}
  },
  "4": {
    "udp": {
      "probes": [
        {
          "rtt": 34415.75908660889,
          "from": "129.250.2.27",
          "reached": false
        }
      ],
      "stats": {
        "count": 1,
        "responses": 1,
        "loss": 0.0,
        "min": 34415.75908660889,
        "max": 34415.75908660889,
        "avg": 34415.75908660889
      }
    },
    "tcp": {
      "probes": [
        {
          "rtt": 34415.72403907776,
          "from": "129.250.2.27",
          "reached": false
        }
      ],
      "stats": {
        "count": 1,
        "responses": 1,
        "loss": 0.0,
        "min": 34415.72403907776,
        "max": 34415.72403907776,
        "avg": 34415.72403907776
      }
    },
    "icmp": {
      "probes": [
        {
          "rtt": 34415.658950805664,
          "from": "129.250.2.27",
          "reached": false
        }
      ],
      "stats": {
        "count": 1,
        "responses": 1,
        "loss": 0.0,
        "min": 34415.658950805664,
        "max": 34415.658950805664,
        "avg": 34415.658950805664
      }
    },
    "extensions": {}
  },
  "5": {
    "udp": {
      "probes": [
        {
          "rtt": 34235.905170440674,
          "from": "129.250.2.27",
          "reached": false
        }
      ],
      "stats": {
        "count": 1,
        "responses": 1,
        "loss": 0.0,
        "min": 34235.905170440674,
        "max": 34235.905170440674,
        "avg": 34235.905170440674
      }
    },
    "tcp": {
      "probes": [
        {
          "rtt": 34226.651191711426,
          "from": "129.250.2.27",
          "reached": false
        }
      ],
      "stats": {
        "count": 1,
        "responses": 1,
        "loss": 0.0,
        "min": 34226.651191711426,
        "max": 34226.651191711426,
        "avg": 34226.651191711426
      }
    },
    "icmp": {
      "probes": [
        {
          "rtt": 34226.69720649719,
          "from": "129.250.2.27",
          "reached": false
        }
      ],
      "stats": {
        "count": 1,
        "responses": 1,
        "loss": 0.0,
        "min": 34226.69720649719,
        "max": 34226.69720649719,
        "avg": 34226.69720649719
      }
    },
    "extensions": {}
  },
  "6": {
    "udp": {
      "probes": [
        {
          "rtt": 27564.843893051147,
          "from": "129.250.2.27",
          "reached": false
        }
      ],
      "stats": {
        "count": 1,
        "responses": 1,
        "loss": 0.0,
        "min": 27564.843893051147,
        "max": 27564.843893051147,
        "avg": 27564.843893051147
      }
    },
    "tcp": {
      "probes": [
        {
          "rtt": 27561.949968338013,
          "from": "129.250.2.27",
          "reached": false
        }
      ],
      "stats": {
        "count": 1,
        "responses": 1,
        "loss": 0.0,
        "min": 27561.949968338013,
        "max": 27561.949968338013,
        "avg": 27561.949968338013
      }
    },
    "icmp": {
      "probes": [
        {
          "rtt": 27561.94567680359,
          "from": "129.250.2.27",
          "reached": false
        }
      ],
      "stats": {
        "count": 1,
        "responses": 1,
        "loss": 0.0,
        "min": 27561.94567680359,
        "max": 27561.94567680359,
        "avg": 27561.94567680359
      }
    },
    "extensions": {}
  },
  "7": {
    "udp": {
      "probes": [
        {
          "rtt": 27456.120014190674,
          "from": "129.250.2.27",
          "reached": false
        }
      ],
      "stats": {
        "count": 1,
        "responses": 1,
        "loss": 0.0,
        "min": 27456.120014190674,
        "max": 27456.120014190674,
        "avg": 27456.120014190674
      }
    },
    "tcp": {
      "probes": [
        {
          "rtt": 27456.117868423462,
          "from": "129.250.2.27",
          "reached": false
        }
      ],
      "stats": {
        "count": 1,
        "responses": 1,
        "loss": 0.0,
        "min": 27456.117868423462,
        "max": 27456.117868423462,
        "avg": 27456.117868423462
      }
    },
    "icmp": {
      "probes": [
        {
          "rtt": 27457.030296325684,
          "from": "129.250.2.27",
          "reached": false
        }
      ],
      "stats": {
        "count": 1,
        "responses": 1,
        "loss": 0.0,
        "min": 27457.030296325684,
        "max": 27457.030296325684,
        "avg": 27457.030296325684
      }
    },
    "extensions": {}
  },
  "8": {
    "udp": {
      "probes": [
        {
          "rtt": 27356.031894683838,
          "from": "129.250.2.27",
          "reached": false
        }
      ],
      "stats": {
        "count": 1,
        "responses": 1,