{
  "1": {
    "udp": {
      "probes": [
        {
          "rtt": 16451.03693008423,
          "from": "4.35.156.66",
          "reached": false
        }
      ],
      "stats": {
        "count": 1,
        "responses": 1,
        "loss": 0.0,
        "min": 16451.03693008423,
        "max": 16451.03693008423,
        "avg": 16451.03693008423
      }
    },
    "tcp": {
      "probes": [
        {
          "rtt": 16363.62910270691,
          "from": "4.35.156.66",
          "reached": false
        }
      ],
      "stats": {
        "count": 1,
        "responses": 1,
        "loss": 0.0,
        "min": 16363.62910270691,
        "max": 16363.62910270691,
        "avg": 16363.62910270691
      }
    },
    "icmp": {
      "probes": [
        {
          "rtt": 16353.82890701294,
          "from": "4.35.156.66",
          "reached": false
        }
      ],
      "stats": {
        "count": 1,
        "responses": 1,
        "loss": 0.0,
        "min": 16353.82890701294,
        "max": 16353.82890701294,
        "avg": 16353.82890701294
      }
    },
    "extensions": {}
  },
  "2": {
    "udp": {
      "probes": [
        {
          "rtt": 16203.386068344116,
          "from": "4.35.156.66",
          "reached": false
        }
      ],
      "stats": {
        "count": 1,
        "responses": 1,
        "loss": 0.0,
        "min": 16203.386068344116,
        "max": 16203.386068344116,
        "avg": 16203.386068344116
      }
    },
    "tcp": {
      "probes": [
        {
          "rtt": 16202.944993972778,
          "from": "4.35.156.66",
          "reached": false
        }
      ],
      "stats": {
        "count": 1,
        "responses": 1,
        "loss": 0.0,
        "min": 16202.944993972778,
        "max": 16202.944993972778,
        "avg": 16202.944993972778
      }
    },
    "icmp": {
      "probes": [
        {
          "rtt": 16202.935934066772,
          "from": "4.35.156.66",
          "reached": false
        }
      ],
      "stats": {
        "count": 1,
        "responses": 1,
        "loss": 0.0,
        "min": 16202.935934066772,
        "max": 16202.935934066772,
        "avg": 16202.935934066772
      }
    },
    "extensions": {}
  },
  "3": {
    "udp": {
      "probes": [
        {
          "rtt": 16096.883296966553,
          "from": "4.35.156.66",
          "reached": false
        }
      ],
      "stats": {
        "count": 1,
        "responses": 1,
        "loss": 0.0,
        "min": 16096.883296966553,
        "max": 16096.883296966553,
        "avg": 16096.883296966553
      }
    },
    "tcp": {
      "probes": [
        {
          "rtt": 16096.431970596313,
          "from": "4.35.156.66",
          "reached": false
        }
      ],
      "stats": {
        "count": 1,
        "responses": 1,
        "loss": 0.0,
        "min": 16096.431970596313,
        "max": 16096.431970596313,
        "avg": 16096.431970596313
      }
    },
    "icmp": {
      "probes": [
        {
          "rtt": 16095.855951309204,
          "from": "4.35.156.66",
          "reached": false
        }
      ],
      "stats": {
        "count": 1,
        "responses": 1,
        "loss": 0.0,
        "min": 16095.855951309204,
        "max": 16095.855951309204,
        "avg": 16095.855951309204
      }
    },
    "extensions": {}
  },
  "4": {
    "udp": {
      "probes": [
        {
          "rtt": 15993.633031845093,
          "from": "4.35.156.66",
          "reached": false
        }
      ],
      "stats": {
        "count": 1,
        "responses": 1,
        "loss": 0.0,
        "min": 15993.633031845093,
        "max": 15993.633031845093,
        "avg": 15993.633031845093
      }
    },
    "tcp": {
      "probes": [
        {
          "rtt": 15993.63088607788,
          "from": "4.35.156.66",
          "reached": false
        }
      ],
      "stats": {
        "count": 1,
        "responses": 1,
        "loss": 0.0,
        "min": 15993.63088607788,
        "max": 15993.63088607788,
        "avg": 15993.63088607788
      }
    },
    "icmp": {
      "probes": [
        {
          "rtt": 15993.620872497559,
          "from": "4.35.156.66",
          "reached": false
        }
      ],
      "stats": {
        "count": 1,
        "responses": 1,
        "loss": 0.0,
        "min": 15993.620872497559,
        "max": 15993.620872497559,
        "avg": 15993.620872497559
      }
    },
    "extensions": {}
  },
  "5": {
    "udp": {
      "probes": [
        {
          "rtt": 15888.601064682007,
          "from": "4.35.156.66",
          "reached": false
        }
      ],
      "stats": {
        "count": 1,
        "responses": 1,
        "loss": 0.0,
        "min": 15888.601064682007,
        "max": 15888.601064682007,
        "avg": 15888.601064682007
      }
    },
    "tcp": {
      "probes": [
        {
          "rtt": 15888.516902923584,
          "from": "4.35.156.66",
          "reached": false
        }
      ],
      "stats": {
        "count": 1,
        "responses": 1,
        "loss": 0.0,
        "min": 15888.516902923584,
        "max": 15888.516902923584,
        "avg": 15888.516902923584
      }
    },
    "icmp": {
      "probes": [
        {
          "rtt": 15888.498067855835,
          "from": "4.35.156.66",
          "reached": false
        }
      ],
      "stats": {
        "count": 1,
        "responses": 1,
        "loss": 0.0,
        "min": 15888.498067855835,
        "max": 15888.498067855835,
        "avg": 15888.498067855835
      }
    },
    "extensions": {}
  },
  "6": {
    "udp": {
      "probes": [
        {
          "rtt": 15785.143852233887,
          "from": "4.35.156.66",
          "reached": false
        }
      ],
      "stats": {
        "count": 1,
        "responses": 1,
        "loss": 0.0,
        "min": 15785.143852233887,
        "max": 15785.143852233887,
        "avg": 15785.143852233887
      }
    },
    "tcp": {
      "probes": [
        {
          "rtt": 15785.108089447021,
          "from": "4.35.156.66",
          "reached": false
        }
      ],
      "stats": {
        "count": 1,
        "responses": 1,
        "loss": 0.0,
        "min": 15785.108089447021,
        "max": 15785.108089447021,
        "avg": 15785.108089447021
      }
    },
    "icmp": {
      "probes": [
        {
          "rtt": 15784.986734390259,
          "from": "4.35.156.66",
          "reached": false
        }
      ],
      "stats": {
        "count": 1,
        "responses": 1,
        "loss": 0.0,
        "min": 15784.986734390259,
        "max": 15784.986734390259,
        "avg": 15784.986734390259
      }
    },
    "extensions": {}
  },
  "7": {
    "udp": {
      "probes": [
        {
          "rtt": 15681.315183639526,
          "from": "4.35.156.66",
          "reached": false
        }
      ],
      "stats": {
        "count": 1,
        "responses": 1,
        "loss": 0.0,
        "min": 15681.315183639526,
        "max": 15681.315183639526,
        "avg": 15681.315183639526
      }
    },
    "tcp": {
      "probes": [
        {
          "rtt": 15681.222200393677,
          "from": "4.35.156.66",
          "reached": false
        }
      ],
      "stats": {
        "count": 1,
        "responses": 1,
        "loss": 0.0,
        "min": 15681.222200393677,
        "max": 15681.222200393677,
        "avg": 15681.222200393677
      }
    },
    "icmp": {
      "probes": [
        {
          "rtt": 15681.176900863647,
          "from": "4.35.156.66",
          "reached": false
        }
      ],
      "stats": {
        "count": 1,
        "responses": 1,
        "loss": 0.0,
        "min": 15681.176900863647,
        "max": 15681.176900863647,
        "avg": 15681.176900863647
      }
    },
    "extensions": {}
  },
  "8": {
    "udp": {
      "probes": [
        {
          "rtt": 15576.717138290405,
          "from": "4.35.156.66",
          "reached": false
        }
      ],
      "stats": {
        "count": 1,
        "responses": 1,