{
  "1": {
    "udp": {
      "probes": [
        {
          "rtt": 2370.267868041992,
          "from": "10.209.64.1",
          "reached": false
        }
      ],
      "stats": {
        "count": 1,
        "responses": 1,
        "loss": 0.0,
        "min": 2370.267868041992,
        "max": 2370.267868041992,
        "avg": 2370.267868041992
      }
    },
    "tcp": {
      "probes": [
        {
          "rtt": 3104.3732166290283,
          "from": "10.209.64.1",
          "reached": false
        }
      ],
      "stats": {
        "count": 1,
        "responses": 1,
        "loss": 0.0,
        "min": 3104.3732166290283,
        "max": 3104.3732166290283,
        "avg": 3104.3732166290283
      }
    },
    "icmp": {
      "probes": [
        {
          "rtt": 4590.255975723267,
          "from": "10.213.33.33",
          "reached": false
        }
      ],
      "stats": {
        "count": 1,
        "responses": 1,
        "loss": 0.0,
        "min": 4590.255975723267,
        "max": 4590.255975723267,
        "avg": 4590.255975723267
      }
    },
    "extensions": {}
  },
  "2": {
    "udp": {
      "probes": [
        {
          "rtt": 5573.18377494812,
          "from": "10.213.33.33",
          "reached": false
        }
      ],
      "stats": {
        "count": 1,
        "responses": 1,
        "loss": 0.0,
        "min": 5573.18377494812,
        "max": 5573.18377494812,
        "avg": 5573.18377494812
      }
    },
    "tcp": {
      "probes": [],
      "stats": {}
    },
    "icmp": {
      "probes": [],
      "stats": {}
    },
    "extensions": {}
  },
  "metadata": {
    "series": [
      "udp",
      "tcp",
      "icmp"
    ],
    "target": "181.154.102.1",
    "protocol": "udp",
    "ip_version": "4",
    "timestamp": "2025-05-15 21:10:04",
    "reached_target": false
  }
}