{
  "1": {
    "udp": {
      "probes": [
        {
          "rtt": 23060.110092163086,
          "from": "4.35.156.66",
          "reached": false
        }
      ],
      "stats": {
        "count": 1,
        "responses": 1,
        "loss": 0.0,
        "min": 23060.110092163086,
        "max": 23060.110092163086,
        "avg": 23060.110092163086
      }
    },
    "tcp": {
      "probes": [
        {
          "rtt": 23013.57889175415,
          "from": "4.35.156.66",
          "reached": false
        }
      ],
      "stats": {
        "count": 1,
        "responses": 1,
        "loss": 0.0,
        "min": 23013.57889175415,
        "max": 23013.57889175415,
        "avg": 23013.57889175415
      }
    },
    "icmp": {
      "probes": [
        {
          "rtt": 22999.796867370605,
          "from": "4.35.156.66",
          "reached": false
        }
      ],
      "stats": {
        "count": 1,
        "responses": 1,
        "loss": 0.0,
        "min": 22999.796867370605,
        "max": 22999.796867370605,
        "avg": 22999.796867370605
      }
    },
    "extensions": {}
  },
  "2": {
    "udp": {
      "probes": [
        {
          "rtt": 22838.0069732666,
          "from": "4.35.156.66",
          "reached": false
        }
      ],
      "stats": {
        "count": 1,
        "responses": 1,
        "loss": 0.0,
        "min": 22838.0069732666,
        "max": 22838.0069732666,
        "avg": 22838.0069732666
      }
    },
    "tcp": {
      "probes": [
        {
          "rtt": 22839.61510658264,
          "from": "4.35.156.66",
          "reached": false
        }
      ],
      "stats": {
        "count": 1,
        "responses": 1,
        "loss": 0.0,
        "min": 22839.61510658264,
        "max": 22839.61510658264,
        "avg": 22839.61510658264
      }
    },
    "icmp": {
      "probes": [
        {
          "rtt": 22835.7093334198,
          "from": "4.35.156.66",
          "reached": false
        }
      ],
      "stats": {
        "count": 1,
        "responses": 1,
        "loss": 0.0,
        "min": 22835.7093334198,
        "max": 22835.7093334198,
        "avg": 22835.7093334198
      }
    },
    "extensions": {}
  },
  "3": {
    "udp": {
      "probes": [
        {
          "rtt": 22697.76201248169,
          "from": "4.35.156.66",
          "reached": false
        }
      ],
      "stats": {
        "count": 1,
        "responses": 1,
        "loss": 0.0,
        "min": 22697.76201248169,
        "max": 22697.76201248169,
        "avg": 22697.76201248169
      }
    },
    "tcp": {
      "probes": [
        {
          "rtt": 22696.435928344727,
          "from": "4.35.156.66",
          "reached": false
        }
      ],
      "stats": {
        "count": 1,
        "responses": 1,
        "loss": 0.0,
        "min": 22696.435928344727,
        "max": 22696.435928344727,
        "avg": 22696.435928344727
      }
    },
    "icmp": {
      "probes": [
        {
          "rtt": 22696.79307937622,
          "from": "4.35.156.66",
          "reached": false
        }
      ],
      "stats": {
        "count": 1,
        "responses": 1,
        "loss": 0.0,
        "min": 22696.79307937622,
        "max": 22696.79307937622,
        "avg": 22696.79307937622
      }
    },
    "extensions": {}
  },
  "4": {
    "udp": {
      "probes": [
        {
          "rtt": 22590.58904647827,
          "from": "4.35.156.66",
          "reached": false
        }
      ],
      "stats": {
        "count": 1,
        "responses": 1,
        "loss": 0.0,
        "min": 22590.58904647827,
        "max": 22590.58904647827,
        "avg": 22590.58904647827
      }
    },
    "tcp": {
      "probes": [
        {
          "rtt": 22590.548038482666,
          "from": "4.35.156.66",
          "reached": false
        }
      ],
      "stats": {
        "count": 1,
        "responses": 1,
        "loss": 0.0,
        "min": 22590.548038482666,
        "max": 22590.548038482666,
        "avg": 22590.548038482666
      }
    },
    "icmp": {
      "probes": [
        {
          "rtt": 22590.538024902344,
          "from": "4.35.156.66",
          "reached": false
        }
      ],
      "stats": {
        "count": 1,
        "responses": 1,
        "loss": 0.0,
        "min": 22590.538024902344,
        "max": 22590.538024902344,
        "avg": 22590.538024902344
      }
    },
    "extensions": {}
  },
  "5": {
    "udp": {
      "probes": [
        {
          "rtt": 22486.077070236206,
          "from": "4.35.156.66",
          "reached": false
        }
      ],
      "stats": {
        "count": 1,
        "responses": 1,
        "loss": 0.0,
        "min": 22486.077070236206,
        "max": 22486.077070236206,
        "avg": 22486.077070236206
      }
    },
    "tcp": {
      "probes": [
        {
          "rtt": 22486.01198196411,
          "from": "4.35.156.66",
          "reached": false
        }
      ],
      "stats": {
        "count": 1,
        "responses": 1,
        "loss": 0.0,
        "min": 22486.01198196411,
        "max": 22486.01198196411,
        "avg": 22486.01198196411
      }
    },
    "icmp": {
      "probes": [
        {
          "rtt": 22485.970973968506,
          "from": "4.35.156.66",
          "reached": false
        }
      ],
      "stats": {
        "count": 1,
        "responses": 1,
        "loss": 0.0,
        "min": 22485.970973968506,
        "max": 22485.970973968506,
        "avg": 22485.970973968506
      }
    },
    "extensions": {}
  },
  "6": {
    "udp": {
      "probes": [
        {
          "rtt": 22382.564783096313,
          "from": "4.35.156.66",
          "reached": false
        }
      ],
      "stats": {
        "count": 1,
        "responses": 1,
        "loss": 0.0,
        "min": 22382.564783096313,
        "max": 22382.564783096313,
        "avg": 22382.564783096313
      }
    },
    "tcp": {
      "probes": [
        {
          "rtt": 22382.56001472473,
          "from": "4.35.156.66",
          "reached": false
        }
      ],
      "stats": {
        "count": 1,
        "responses": 1,
        "loss": 0.0,
        "min": 22382.56001472473,
        "max": 22382.56001472473,
        "avg": 22382.56001472473
      }
    },
    "icmp": {
      "probes": [
        {
          "rtt": 22382.647037506104,
          "from": "4.35.156.66",
          "reached": false
        }
      ],
      "stats": {
        "count": 1,
        "responses": 1,
        "loss": 0.0,
        "min": 22382.647037506104,
        "max": 22382.647037506104,
        "avg": 22382.647037506104
      }
    },
    "extensions": {}
  },
  "7": {
    "udp": {
      "probes": [
        {
          "rtt": 22281.837940216064,
          "from": "4.35.156.66",
          "reached": false
        }
      ],
      "stats": {
        "count": 1,
        "responses": 1,
        "loss": 0.0,
        "min": 22281.837940216064,
        "max": 22281.837940216064,
        "avg": 22281.837940216064
      }
    },
    "tcp": {
      "probes": [
        {
          "rtt": 22280.59720993042,
          "from": "4.35.156.66",
          "reached": false
        }
      ],
      "stats": {
        "count": 1,
        "responses": 1,
        "loss": 0.0,
        "min": 22280.59720993042,
        "max": 22280.59720993042,
        "avg": 22280.59720993042
      }
    },
    "icmp": {
      "probes": [
        {
          "rtt": 22280.622959136963,
          "from": "4.35.156.66",
          "reached": false
        }
      ],
      "stats": {
        "count": 1,
        "responses": 1,
        "loss": 0.0,
        "min": 22280.622959136963,
        "max": 22280.622959136963,
        "avg": 22280.622959136963
      }
    },
    "extensions": {}
  },
  "8": {
    "udp": {
      "probes": [
        {
          "rtt": 22179.101943969727,
          "from": "4.35.156.66",
          "reached": false
        }
      ],
      "stats": {
        "count": 1,
        "responses": 1,
        "loss": 0.0,