{
  "1": {
    "udp": {
      "probes": [
        {
          "rtt": 15987.12968826294,
          "from": "120.88.53.22",
          "reached": false
        }
      ],
      "stats": {
        "count": 1,
        "responses": 1,
        "loss": 0.0,
        "min": 15987.12968826294,
        "max": 15987.12968826294,
        "avg": 15987.12968826294
      }
    },
    "tcp": {
      "probes": [
        {
          "rtt": 15927.103996276855,
          "from": "120.88.53.22",
          "reached": false
        }
      ],
      "stats": {
        "count": 1,
        "responses": 1,
        "loss": 0.0,
        "min": 15927.103996276855,
        "max": 15927.103996276855,
        "avg": 15927.103996276855
      }
    },
    "icmp": {
      "probes": [
        {
          "rtt": 15926.650762557983,
          "from": "120.88.53.22",
          "reached": false
        }
      ],
      "stats": {
        "count": 1,
        "responses": 1,
        "loss": 0.0,
        "min": 15926.650762557983,
        "max": 15926.650762557983,
        "avg": 15926.650762557983
      }
    },
    "extensions": {}
  },
  "2": {
    "udp": {
      "probes": [
        {
          "rtt": 15801.090717315674,
          "from": "120.88.53.22",
          "reached": false
        }
      ],
      "stats": {
        "count": 1,
        "responses": 1,
        "loss": 0.0,
        "min": 15801.090717315674,
        "max": 15801.090717315674,
        "avg": 15801.090717315674
      }
    },
    "tcp": {
      "probes": [
        {
          "rtt": 15800.98009109497,
          "from": "120.88.53.22",
          "reached": false
        }
      ],
      "stats": {
        "count": 1,
        "responses": 1,
        "loss": 0.0,
        "min": 15800.98009109497,
        "max": 15800.98009109497,
        "avg": 15800.98009109497
      }
    },
    "icmp": {
      "probes": [
        {
          "rtt": 15800.97484588623,
          "from": "120.88.53.22",
          "reached": false
        }
      ],
      "stats": {
        "count": 1,
        "responses": 1,
        "loss": 0.0,
        "min": 15800.97484588623,
        "max": 15800.97484588623,
        "avg": 15800.97484588623
      }
    },
    "extensions": {}
  },
  "3": {
    "udp": {
      "probes": [
        {
          "rtt": 15696.26784324646,
          "from": "120.88.53.22",
          "reached": false
        }
      ],
      "stats": {
        "count": 1,
        "responses": 1,
        "loss": 0.0,
        "min": 15696.26784324646,
        "max": 15696.26784324646,
        "avg": 15696.26784324646
      }
    },
    "tcp": {
      "probes": [
        {
          "rtt": 15696.267127990723,
          "from": "120.88.53.22",
          "reached": false
        }
      ],
      "stats": {
        "count": 1,
        "responses": 1,
        "loss": 0.0,
        "min": 15696.267127990723,
        "max": 15696.267127990723,
        "avg": 15696.267127990723
      }
    },
    "icmp": {
      "probes": [
        {
          "rtt": 15696.261167526245,
          "from": "120.88.53.22",
          "reached": false
        }
      ],
      "stats": {
        "count": 1,
        "responses": 1,
        "loss": 0.0,
        "min": 15696.261167526245,
        "max": 15696.261167526245,
        "avg": 15696.261167526245
      }
    },
    "extensions": {}
  },
  "4": {
    "udp": {
      "probes": [
        {
          "rtt": 15591.247081756592,
          "from": "120.88.53.22",
          "reached": false
        }
      ],
      "stats": {
        "count": 1,
        "responses": 1,
        "loss": 0.0,
        "min": 15591.247081756592,
        "max": 15591.247081756592,
        "avg": 15591.247081756592
      }
    },
    "tcp": {
      "probes": [
        {
          "rtt": 15591.269969940186,
          "from": "120.88.53.22",
          "reached": false
        }
      ],
      "stats": {
        "count": 1,
        "responses": 1,
        "loss": 0.0,
        "min": 15591.269969940186,
        "max": 15591.269969940186,
        "avg": 15591.269969940186
      }
    },
    "icmp": {
      "probes": [
        {
          "rtt": 15591.295003890991,
          "from": "120.88.53.22",
          "reached": false
        }
      ],
      "stats": {
        "count": 1,
        "responses": 1,
        "loss": 0.0,
        "min": 15591.295003890991,
        "max": 15591.295003890991,
        "avg": 15591.295003890991
      }
    },
    "extensions": {}
  },
  "5": {
    "udp": {
      "probes": [
        {
          "rtt": 15490.247964859009,
          "from": "120.88.53.22",
          "reached": false
        }
      ],
      "stats": {
        "count": 1,
        "responses": 1,
        "loss": 0.0,
        "min": 15490.247964859009,
        "max": 15490.247964859009,
        "avg": 15490.247964859009
      }
    },
    "tcp": {
      "probes": [
        {
          "rtt": 15490.022897720337,
          "from": "120.88.53.22",
          "reached": false
        }
      ],
      "stats": {
        "count": 1,
        "responses": 1,
        "loss": 0.0,
        "min": 15490.022897720337,
        "max": 15490.022897720337,
        "avg": 15490.022897720337
      }
    },
    "icmp": {
      "probes": [
        {
          "rtt": 15490.020990371704,
          "from": "120.88.53.22",
          "reached": false
        }
      ],
      "stats": {
        "count": 1,
        "responses": 1,
        "loss": 0.0,
        "min": 15490.020990371704,
        "max": 15490.020990371704,
        "avg": 15490.020990371704
      }
    },
    "extensions": {}
  },
  "6": {
    "udp": {
      "probes": [
        {
          "rtt": 15385.26701927185,
          "from": "120.88.53.22",
          "reached": false
        }
      ],
      "stats": {
        "count": 1,
        "responses": 1,
        "loss": 0.0,
        "min": 15385.26701927185,
        "max": 15385.26701927185,
        "avg": 15385.26701927185
      }
    },
    "tcp": {
      "probes": [
        {
          "rtt": 15385.273933410645,
          "from": "120.88.53.22",
          "reached": false
        }
      ],
      "stats": {
        "count": 1,
        "responses": 1,
        "loss": 0.0,
        "min": 15385.273933410645,
        "max": 15385.273933410645,
        "avg": 15385.273933410645
      }
    },
    "icmp": {
      "probes": [
        {
          "rtt": 15385.547876358032,
          "from": "120.88.53.22",
          "reached": false
        }
      ],
      "stats": {
        "count": 1,
        "responses": 1,
        "loss": 0.0,
        "min": 15385.547876358032,
        "max": 15385.547876358032,
        "avg": 15385.547876358032
      }
    },
    "extensions": {}
  },
  "7": {
    "udp": {
      "probes": [
        {
          "rtt": 15284.931898117065,
          "from": "120.88.53.22",
          "reached": false
        }
      ],
      "stats": {
        "count": 1,
        "responses": 1,
        "loss": 0.0,
        "min": 15284.931898117065,
        "max": 15284.931898117065,
        "avg": 15284.931898117065
      }
    },
    "tcp": {
      "probes": [
        {
          "rtt": 15284.933090209961,
          "from": "120.88.53.22",
          "reached": false
        }
      ],
      "stats": {
        "count": 1,
        "responses": 1,
        "loss": 0.0,
        "min": 15284.933090209961,
        "max": 15284.933090209961,
        "avg": 15284.933090209961
      }
    },
    "icmp": {
      "probes": [
        {
          "rtt": 15284.940958023071,
          "from": "120.88.53.22",
          "reached": false
        }
      ],
      "stats": {
        "count": 1,
        "responses": 1,
        "loss": 0.0,
        "min": 15284.940958023071,
        "max": 15284.940958023071,
        "avg": 15284.940958023071
      }
    },
    "extensions": {}
  },
  "8": {
    "udp": {
      "probes": [
        {
          "rtt": 15181.206226348877,
          "from": "120.88.53.22",
          "reached": false
        }
      ],
      "stats": {
        "count": 1,
        "responses": 1,