{
  "1": {
    "udp": {
      "probes": [
        {
          "rtt": 15114.802122116089,
          "from": "129.250.2.27",
          "reached": false
        }
      ],
      "stats": {
        "count": 1,
        "responses": 1,
        "loss": 0.0,
        "min": 15114.802122116089,
        "max": 15114.802122116089,
        "avg": 15114.802122116089
      }
    },
    "tcp": {
      "probes": [
        {
          "rtt": 15037.945985794067,
          "from": "129.250.2.27",
          "reached": false
        }
      ],
      "stats": {
        "count": 1,
        "responses": 1,
        "loss": 0.0,
        "min": 15037.945985794067,
        "max": 15037.945985794067,
        "avg": 15037.945985794067
      }
    },
    "icmp": {
      "probes": [
        {
          "rtt": 15036.859035491943,
          "from": "129.250.2.27",
          "reached": false
        }
      ],
      "stats": {
        "count": 1,
        "responses": 1,
        "loss": 0.0,
        "min": 15036.859035491943,
        "max": 15036.859035491943,
        "avg": 15036.859035491943
      }
    },
    "extensions": {}
  },
  "2": {
    "udp": {
      "probes": [
        {
          "rtt": 14917.052268981934,
          "from": "129.250.2.27",
          "reached": false
        }
      ],
      "stats": {
        "count": 1,
        "responses": 1,
        "loss": 0.0,
        "min": 14917.052268981934,
        "max": 14917.052268981934,
        "avg": 14917.052268981934
      }
    },
    "tcp": {
      "probes": [
        {
          "rtt": 14916.982173919678,
          "from": "129.250.2.27",
          "reached": false
        }
      ],
      "stats": {
        "count": 1,
        "responses": 1,
        "loss": 0.0,
        "min": 14916.982173919678,
        "max": 14916.982173919678,
        "avg": 14916.982173919678
      }
    },
    "icmp": {
      "probes": [
        {
          "rtt": 14916.970014572144,
          "from": "129.250.2.27",
          "reached": false
        }
      ],
      "stats": {
        "count": 1,
        "responses": 1,
        "loss": 0.0,
        "min": 14916.970014572144,
        "max": 14916.970014572144,
        "avg": 14916.970014572144
      }
    },
    "extensions": {}
  },
  "3": {
    "udp": {
      "probes": [
        {
          "rtt": 14815.199851989746,
          "from": "129.250.2.27",
          "reached": false
        }
      ],
      "stats": {
        "count": 1,
        "responses": 1,
        "loss": 0.0,
        "min": 14815.199851989746,
        "max": 14815.199851989746,
        "avg": 14815.199851989746
      }
    },
    "tcp": {
      "probes": [
        {
          "rtt": 14815.18578529358,
          "from": "129.250.2.27",
          "reached": false
        }
      ],
      "stats": {
        "count": 1,
        "responses": 1,
        "loss": 0.0,
        "min": 14815.18578529358,
        "max": 14815.18578529358,
        "avg": 14815.18578529358
      }
    },
    "icmp": {
      "probes": [
        {
          "rtt": 14815.173149108887,
          "from": "129.250.2.27",
          "reached": false
        }
      ],
      "stats": {
        "count": 1,
        "responses": 1,
        "loss": 0.0,
        "min": 14815.173149108887,
        "max": 14815.173149108887,
        "avg": 14815.173149108887
      }
    },
    "extensions": {}
  },
  "4": {
    "udp": {
      "probes": [
        {
          "rtt": 14712.841987609863,
          "from": "129.250.2.27",
          "reached": false
        }
      ],
      "stats": {
        "count": 1,
        "responses": 1,
        "loss": 0.0,
        "min": 14712.841987609863,
        "max": 14712.841987609863,
        "avg": 14712.841987609863
      }
    },
    "tcp": {
      "probes": [
        {
          "rtt": 14712.825059890747,
          "from": "129.250.2.27",
          "reached": false
        }
      ],
      "stats": {
        "count": 1,
        "responses": 1,
        "loss": 0.0,
        "min": 14712.825059890747,
        "max": 14712.825059890747,
        "avg": 14712.825059890747
      }
    },
    "icmp": {
      "probes": [
        {
          "rtt": 14712.814092636108,
          "from": "129.250.2.27",
          "reached": false
        }
      ],
      "stats": {
        "count": 1,
        "responses": 1,
        "loss": 0.0,
        "min": 14712.814092636108,
        "max": 14712.814092636108,
        "avg": 14712.814092636108
      }
    },
    "extensions": {}
  },
  "5": {
    "udp": {
      "probes": [
        {
          "rtt": 14609.002828598022,
          "from": "129.250.2.27",
          "reached": false
        }
      ],
      "stats": {
        "count": 1,
        "responses": 1,
        "loss": 0.0,
        "min": 14609.002828598022,
        "max": 14609.002828598022,
        "avg": 14609.002828598022
      }
    },
    "tcp": {
      "probes": [
        {
          "rtt": 14608.990907669067,
          "from": "129.250.2.27",
          "reached": false
        }
      ],
      "stats": {
        "count": 1,
        "responses": 1,
        "loss": 0.0,
        "min": 14608.990907669067,
        "max": 14608.990907669067,
        "avg": 14608.990907669067
      }
    },
    "icmp": {
      "probes": [
        {
          "rtt": 14608.974933624268,
          "from": "129.250.2.27",
          "reached": false
        }
      ],
      "stats": {
        "count": 1,
        "responses": 1,
        "loss": 0.0,
        "min": 14608.974933624268,
        "max": 14608.974933624268,
        "avg": 14608.974933624268
      }
    },
    "extensions": {}
  },
  "6": {
    "udp": {
      "probes": [
        {
          "rtt": 14503.911018371582,
          "from": "129.250.2.27",
          "reached": false
        }
      ],
      "stats": {
        "count": 1,
        "responses": 1,
        "loss": 0.0,
        "min": 14503.911018371582,
        "max": 14503.911018371582,
        "avg": 14503.911018371582
      }
    },
    "tcp": {
      "probes": [
        {
          "rtt": 14503.819704055786,
          "from": "129.250.2.27",
          "reached": false
        }
      ],
      "stats": {
        "count": 1,
        "responses": 1,
        "loss": 0.0,
        "min": 14503.819704055786,
        "max": 14503.819704055786,
        "avg": 14503.819704055786
      }
    },
    "icmp": {
      "probes": [
        {
          "rtt": 14503.679990768433,
          "from": "129.250.2.27",
          "reached": false
        }
      ],
      "stats": {
        "count": 1,
        "responses": 1,
        "loss": 0.0,
        "min": 14503.679990768433,
        "max": 14503.679990768433,
        "avg": 14503.679990768433
      }
    },
    "extensions": {}
  },
  "7": {
    "udp": {
      "probes": [
        {
          "rtt": 14400.236129760742,
          "from": "129.250.2.27",
          "reached": false
        }
      ],
      "stats": {
        "count": 1,
        "responses": 1,
        "loss": 0.0,
        "min": 14400.236129760742,
        "max": 14400.236129760742,
        "avg": 14400.236129760742
      }
    },
    "tcp": {
      "probes": [
        {
          "rtt": 14400.216102600098,
          "from": "129.250.2.27",
          "reached": false
        }
      ],
      "stats": {
        "count": 1,
        "responses": 1,
        "loss": 0.0,
        "min": 14400.216102600098,
        "max": 14400.216102600098,
        "avg": 14400.216102600098
      }
    },
    "icmp": {
      "probes": [
        {
          "rtt": 14400.18606185913,
          "from": "129.250.2.27",
          "reached": false
        }
      ],
      "stats": {
        "count": 1,
        "responses": 1,
        "loss": 0.0,
        "min": 14400.18606185913,
        "max": 14400.18606185913,
        "avg": 14400.18606185913
      }
    },
    "extensions": {}
  },
  "8": {
    "udp": {
      "probes": [
        {
          "rtt": 14296.50592803955,
          "from": "129.250.2.27",
          "reached": false
        }
      ],
      "stats": {
        "count": 1,