{
  "1": {
    "udp": {
      "probes": [
        {
          "rtt": 7576.850891113281,
          "from": "10.213.33.33",
          "reached": false
        }
      ],
      "stats": {
        "count": 1,
        "responses": 1,
        "loss": 0.0,
        "min": 7576.850891113281,
        "max": 7576.850891113281,
        "avg": 7576.850891113281
      }
    },
    "tcp": {
      "probes": [
        {
          "rtt": 8744.00806427002,
          "from": "10.213.33.33",
          "reached": false
        }
      ],
      "stats": {
        "count": 1,
        "responses": 1,
        "loss": 0.0,
        "min": 8744.00806427002,
        "max": 8744.00806427002,
        "avg": 8744.00806427002
      }
    },
    "icmp": {
      "probes": [
        {
          "rtt": 8804.567098617554,
          "from": "10.213.33.33",
          "reached": false
        }
      ],
      "stats": {
        "count": 1,
        "responses": 1,
        "loss": 0.0,
        "min": 8804.567098617554,
        "max": 8804.567098617554,
        "avg": 8804.567098617554
      }
    },
    "extensions": {}
  },
  "2": {
    "udp": {
      "probes": [
        {
          "rtt": 9311.556100845337,
          "from": "10.213.33.33",
          "reached": false
        }
      ],
      "stats": {
        "count": 1,
        "responses": 1,
        "loss": 0.0,
        "min": 9311.556100845337,
        "max": 9311.556100845337,
        "avg": 9311.556100845337
      }
    },
    "tcp": {
      "probes": [],
      "stats": {}
    },
    "icmp": {
      "probes": [],
      "stats": {}
    },
    "extensions": {}
  },
  "metadata": {
    "series": [
      "udp",
      "tcp",
      "icmp"
    ],
    "target": "181.143.69.1",
    "protocol": "udp",
    "ip_version": "4",
    "timestamp": "2025-05-15 21:10:13",
    "reached_target": false
  }
}