{
  "1": {
    "udp": {
      "probes": [
        {
          "rtt": 6109.785795211792,
          "from": "10.213.33.33",
          "reached": false
        }
      ],
      "stats": {
        "count": 1,
        "responses": 1,
        "loss": 0.0,
        "min": 6109.785795211792,
        "max": 6109.785795211792,
        "avg": 6109.785795211792
      }
    },
    "tcp": {
      "probes": [
        {
          "rtt": 6109.233856201172,
          "from": "10.213.33.33",
          "reached": false
        }
      ],
      "stats": {
        "count": 1,
        "responses": 1,
        "loss": 0.0,
        "min": 6109.233856201172,
        "max": 6109.233856201172,
        "avg": 6109.233856201172
      }
    },
    "icmp": {
      "probes": [
        {
          "rtt": 6109.230995178223,
          "from": "10.213.33.33",
          "reached": false
        }
      ],
      "stats": {
        "count": 1,
        "responses": 1,
        "loss": 0.0,
        "min": 6109.230995178223,
        "max": 6109.230995178223,
        "avg": 6109.230995178223
      }
    },
    "extensions": {}
  },
  "2": {
    "udp": {
      "probes": [
        {
          "rtt": 5989.511966705322,
          "from": "10.213.33.33",
          "reached": false
        }
      ],
      "stats": {
        "count": 1,
        "responses": 1,
        "loss": 0.0,
        "min": 5989.511966705322,
        "max": 5989.511966705322,
        "avg": 5989.511966705322
      }
    },
    "tcp": {
      "probes": [],
      "stats": {}
    },
    "icmp": {
      "probes": [],
      "stats": {}
    },
    "extensions": {}
  },
  "metadata": {
    "series": [
      "udp",
      "tcp",
      "icmp"
    ],
    "target": "66.36.205.1",
    "protocol": "udp",
    "ip_version": "4",
    "timestamp": "2025-05-15 21:10:13",
    "reached_target": false
  }
}