{
  "1": {
    "udp": {
      "probes": [
        {
          "rtt": 7571.680068969727,
          "from": "10.213.33.33",
          "reached": false
        }
      ],
      "stats": {
        "count": 1,
        "responses": 1,
        "loss": 0.0,
        "min": 7571.680068969727,
        "max": 7571.680068969727,
        "avg": 7571.680068969727
      }
    },
    "tcp": {
      "probes": [
        {
          "rtt": 7551.760911941528,
          "from": "10.213.33.33",
          "reached": false
        }
      ],
      "stats": {
        "count": 1,
        "responses": 1,
        "loss": 0.0,
        "min": 7551.760911941528,
        "max": 7551.760911941528,
        "avg": 7551.760911941528
      }
    },
    "icmp": {
      "probes": [
        {
          "rtt": 7559.934139251709,
          "from": "10.213.33.33",
          "reached": false
        }
      ],
      "stats": {
        "count": 1,
        "responses": 1,
        "loss": 0.0,
        "min": 7559.934139251709,
        "max": 7559.934139251709,
        "avg": 7559.934139251709
      }
    },
    "extensions": {}
  },
  "2": {
    "udp": {
      "probes": [
        {
          "rtt": 7464.689254760742,
          "from": "10.213.33.33",
          "reached": false
        }
      ],
      "stats": {
        "count": 1,
        "responses": 1,
        "loss": 0.0,
        "min": 7464.689254760742,
        "max": 7464.689254760742,
        "avg": 7464.689254760742
      }
    },
    "tcp": {
      "probes": [],
      "stats": {}
    },
    "icmp": {
      "probes": [],
      "stats": {}
    },
    "extensions": {}
  },
  "metadata": {
    "series": [
      "udp",
      "tcp",
      "icmp"
    ],
    "target": "125.208.75.1",
    "protocol": "udp",
    "ip_version": "4",
    "timestamp": "2025-05-15 21:10:13",
    "reached_target": false
  }
}