{
  "1": {
    "udp": {
      "probes": [
        {
          "rtt": 22601.20701789856,
          "from": "10.213.32.22",
          "reached": false
        }
      ],
      "stats": {
        "count": 1,
        "responses": 1,
        "loss": 0.0,
        "min": 22601.20701789856,
        "max": 22601.20701789856,
        "avg": 22601.20701789856
      }
    },
    "tcp": {
      "probes": [
        {
          "rtt": 22602.91886329651,
          "from": "10.213.32.22",
          "reached": false
        }
      ],
      "stats": {
        "count": 1,
        "responses": 1,
        "loss": 0.0,
        "min": 22602.91886329651,
        "max": 22602.91886329651,
        "avg": 22602.91886329651
      }
    },
    "icmp": {
      "probes": [
        {
          "rtt": 22635.697841644287,
          "from": "203.85.128.94",
          "reached": false
        }
      ],
      "stats": {
        "count": 1,
        "responses": 1,
        "loss": 0.0,
        "min": 22635.697841644287,
        "max": 22635.697841644287,
        "avg": 22635.697841644287
      }
    },
    "extensions": {}
  },
  "2": {
    "udp": {
      "probes": [
        {
          "rtt": 22535.26496887207,
          "from": "203.85.128.94",
          "reached": false
        }
      ],
      "stats": {
        "count": 1,
        "responses": 1,
        "loss": 0.0,
        "min": 22535.26496887207,
        "max": 22535.26496887207,
        "avg": 22535.26496887207
      }
    },
    "tcp": {
      "probes": [
        {
          "rtt": 22548.314094543457,
          "from": "202.76.18.72",
          "reached": false
        }
      ],
      "stats": {
        "count": 1,
        "responses": 1,
        "loss": 0.0,
        "min": 22548.314094543457,
        "max": 22548.314094543457,
        "avg": 22548.314094543457
      }
    },
    "icmp": {
      "probes": [
        {
          "rtt": 22548.45690727234,
          "from": "202.76.18.72",
          "reached": false
        }
      ],
      "stats": {
        "count": 1,
        "responses": 1,
        "loss": 0.0,
        "min": 22548.45690727234,
        "max": 22548.45690727234,
        "avg": 22548.45690727234
      }
    },
    "extensions": {}
  },
  "3": {
    "udp": {
      "probes": [
        {
          "rtt": 22374.317169189453,
          "from": "180.87.160.214",
          "reached": false
        }
      ],
      "stats": {
        "count": 1,
        "responses": 1,
        "loss": 0.0,
        "min": 22374.317169189453,
        "max": 22374.317169189453,
        "avg": 22374.317169189453
      }
    },
    "tcp": {
      "probes": [],
      "stats": {}
    },
    "icmp": {
      "probes": [],
      "stats": {}
    },
    "extensions": {}
  },
  "metadata": {
    "series": [
      "udp",
      "tcp",
      "icmp"
    ],
    "target": "125.100.182.1",
    "protocol": "udp",
    "ip_version": "4",
    "timestamp": "2025-05-15 17:00:41",
    "reached_target": false
  }
}