{
  "1": {
    "udp": {
      "probes": [
        {
          "rtt": 14006.922006607056,
          "from": "10.213.33.25",
          "reached": false
        }
      ],
      "stats": {
        "count": 1,
        "responses": 1,
        "loss": 0.0,
        "min": 14006.922006607056,
        "max": 14006.922006607056,
        "avg": 14006.922006607056
      }
    },
    "tcp": {
      "probes": [
        {
          "rtt": 14014.065265655518,
          "from": "10.213.33.25",
          "reached": false
        }
      ],
      "stats": {
        "count": 1,
        "responses": 1,
        "loss": 0.0,
        "min": 14014.065265655518,
        "max": 14014.065265655518,
        "avg": 14014.065265655518
      }
    },
    "icmp": {
      "probes": [
        {
          "rtt": 14026.027917861938,
          "from": "10.213.33.25",
          "reached": false
        }
      ],
      "stats": {
        "count": 1,
        "responses": 1,
        "loss": 0.0,
        "min": 14026.027917861938,
        "max": 14026.027917861938,
        "avg": 14026.027917861938
      }
    },
    "extensions": {}
  },
  "2": {
    "udp": {
      "probes": [
        {
          "rtt": 13937.870979309082,
          "from": "10.213.33.25",
          "reached": false
        }
      ],
      "stats": {
        "count": 1,
        "responses": 1,
        "loss": 0.0,
        "min": 13937.870979309082,
        "max": 13937.870979309082,
        "avg": 13937.870979309082
      }
    },
    "tcp": {
      "probes": [],
      "stats": {}
    },
    "icmp": {
      "probes": [],
      "stats": {}
    },
    "extensions": {}
  },
  "metadata": {
    "series": [
      "udp",
      "tcp",
      "icmp"
    ],
    "target": "203.157.55.1",
    "protocol": "udp",
    "ip_version": "4",
    "timestamp": "2025-05-15 21:10:13",
    "reached_target": false
  }
}