{
  "1": {
    "udp": {
      "probes": [
        {
          "rtt": 26358.62684249878,
          "from": "202.65.245.158",
          "reached": false
        }
      ],
      "stats": {
        "count": 1,
        "responses": 1,
        "loss": 0.0,
        "min": 26358.62684249878,
        "max": 26358.62684249878,
        "avg": 26358.62684249878
      }
    },
    "tcp": {
      "probes": [
        {
          "rtt": 26312.39604949951,
          "from": "202.65.245.158",
          "reached": false
        }
      ],
      "stats": {
        "count": 1,
        "responses": 1,
        "loss": 0.0,
        "min": 26312.39604949951,
        "max": 26312.39604949951,
        "avg": 26312.39604949951
      }
    },
    "icmp": {
      "probes": [
        {
          "rtt": 26307.7609539032,
          "from": "202.65.245.158",
          "reached": false
        }
      ],
      "stats": {
        "count": 1,
        "responses": 1,
        "loss": 0.0,
        "min": 26307.7609539032,
        "max": 26307.7609539032,
        "avg": 26307.7609539032
      }
    },
    "extensions": {}
  },
  "2": {
    "udp": {
      "probes": [
        {
          "rtt": 26162.963151931763,
          "from": "202.65.245.158",
          "reached": false
        }
      ],
      "stats": {
        "count": 1,
        "responses": 1,
        "loss": 0.0,
        "min": 26162.963151931763,
        "max": 26162.963151931763,
        "avg": 26162.963151931763
      }
    },
    "tcp": {
      "probes": [
        {
          "rtt": 26162.93501853943,
          "from": "202.65.245.158",
          "reached": false
        }
      ],
      "stats": {
        "count": 1,
        "responses": 1,
        "loss": 0.0,
        "min": 26162.93501853943,
        "max": 26162.93501853943,
        "avg": 26162.93501853943
      }
    },
    "icmp": {
      "probes": [
        {
          "rtt": 26162.925004959106,
          "from": "202.65.245.158",
          "reached": false
        }
      ],
      "stats": {
        "count": 1,
        "responses": 1,
        "loss": 0.0,
        "min": 26162.925004959106,
        "max": 26162.925004959106,
        "avg": 26162.925004959106
      }
    },
    "extensions": {}
  },
  "3": {
    "udp": {
      "probes": [
        {
          "rtt": 26058.839082717896,
          "from": "202.65.245.158",
          "reached": false
        }
      ],
      "stats": {
        "count": 1,
        "responses": 1,
        "loss": 0.0,
        "min": 26058.839082717896,
        "max": 26058.839082717896,
        "avg": 26058.839082717896
      }
    },
    "tcp": {
      "probes": [
        {
          "rtt": 26058.64906311035,
          "from": "202.65.245.158",
          "reached": false
        }
      ],
      "stats": {
        "count": 1,
        "responses": 1,
        "loss": 0.0,
        "min": 26058.64906311035,
        "max": 26058.64906311035,
        "avg": 26058.64906311035
      }
    },
    "icmp": {
      "probes": [
        {
          "rtt": 26058.385848999023,
          "from": "202.65.245.158",
          "reached": false
        }
      ],
      "stats": {
        "count": 1,
        "responses": 1,
        "loss": 0.0,
        "min": 26058.385848999023,
        "max": 26058.385848999023,
        "avg": 26058.385848999023
      }
    },
    "extensions": {}
  },
  "4": {
    "udp": {
      "probes": [
        {
          "rtt": 25957.530975341797,
          "from": "202.65.245.158",
          "reached": false
        }
      ],
      "stats": {
        "count": 1,
        "responses": 1,
        "loss": 0.0,
        "min": 25957.530975341797,
        "max": 25957.530975341797,
        "avg": 25957.530975341797
      }
    },
    "tcp": {
      "probes": [
        {
          "rtt": 25957.522869110107,
          "from": "202.65.245.158",
          "reached": false
        }
      ],
      "stats": {
        "count": 1,
        "responses": 1,
        "loss": 0.0,
        "min": 25957.522869110107,
        "max": 25957.522869110107,
        "avg": 25957.522869110107
      }
    },
    "icmp": {
      "probes": [
        {
          "rtt": 25957.515716552734,
          "from": "202.65.245.158",
          "reached": false
        }
      ],
      "stats": {
        "count": 1,
        "responses": 1,
        "loss": 0.0,
        "min": 25957.515716552734,
        "max": 25957.515716552734,
        "avg": 25957.515716552734
      }
    },
    "extensions": {}
  },
  "5": {
    "udp": {
      "probes": [
        {
          "rtt": 25855.45587539673,
          "from": "202.65.245.158",
          "reached": false
        }
      ],
      "stats": {
        "count": 1,
        "responses": 1,
        "loss": 0.0,
        "min": 25855.45587539673,
        "max": 25855.45587539673,
        "avg": 25855.45587539673
      }
    },
    "tcp": {
      "probes": [
        {
          "rtt": 25855.429887771606,
          "from": "202.65.245.158",
          "reached": false
        }
      ],
      "stats": {
        "count": 1,
        "responses": 1,
        "loss": 0.0,
        "min": 25855.429887771606,
        "max": 25855.429887771606,
        "avg": 25855.429887771606
      }
    },
    "icmp": {
      "probes": [
        {
          "rtt": 25855.350971221924,
          "from": "202.65.245.158",
          "reached": false
        }
      ],
      "stats": {
        "count": 1,
        "responses": 1,
        "loss": 0.0,
        "min": 25855.350971221924,
        "max": 25855.350971221924,
        "avg": 25855.350971221924
      }
    },
    "extensions": {}
  },
  "6": {
    "udp": {
      "probes": [
        {
          "rtt": 25751.20210647583,
          "from": "202.65.245.158",
          "reached": false
        }
      ],
      "stats": {
        "count": 1,
        "responses": 1,
        "loss": 0.0,
        "min": 25751.20210647583,
        "max": 25751.20210647583,
        "avg": 25751.20210647583
      }
    },
    "tcp": {
      "probes": [
        {
          "rtt": 25751.052141189575,
          "from": "202.65.245.158",
          "reached": false
        }
      ],
      "stats": {
        "count": 1,
        "responses": 1,
        "loss": 0.0,
        "min": 25751.052141189575,
        "max": 25751.052141189575,
        "avg": 25751.052141189575
      }
    },
    "icmp": {
      "probes": [
        {
          "rtt": 25751.023769378662,
          "from": "202.65.245.158",
          "reached": false
        }
      ],
      "stats": {
        "count": 1,
        "responses": 1,
        "loss": 0.0,
        "min": 25751.023769378662,
        "max": 25751.023769378662,
        "avg": 25751.023769378662
      }
    },
    "extensions": {}
  },
  "7": {
    "udp": {
      "probes": [
        {
          "rtt": 25650.05397796631,
          "from": "202.65.245.158",
          "reached": false
        }
      ],
      "stats": {
        "count": 1,
        "responses": 1,
        "loss": 0.0,
        "min": 25650.05397796631,
        "max": 25650.05397796631,
        "avg": 25650.05397796631
      }
    },
    "tcp": {
      "probes": [
        {
          "rtt": 25650.02489089966,
          "from": "202.65.245.158",
          "reached": false
        }
      ],
      "stats": {
        "count": 1,
        "responses": 1,
        "loss": 0.0,
        "min": 25650.02489089966,
        "max": 25650.02489089966,
        "avg": 25650.02489089966
      }
    },
    "icmp": {
      "probes": [
        {
          "rtt": 25650.014877319336,
          "from": "202.65.245.158",
          "reached": false
        }
      ],
      "stats": {
        "count": 1,
        "responses": 1,
        "loss": 0.0,
        "min": 25650.014877319336,
        "max": 25650.014877319336,
        "avg": 25650.014877319336
      }
    },
    "extensions": {}
  },
  "8": {
    "udp": {
      "probes": [
        {
          "rtt": 25547.281980514526,
          "from": "202.65.245.158",
          "reached": false
        }
      ],
      "stats": {
        "count": 1,