{
  "1": {
    "udp": {
      "probes": [
        {
          "rtt": 1990.3333187103271,
          "from": "10.209.64.1",
          "reached": false
        }
      ],
      "stats": {
        "count": 1,
        "responses": 1,
        "loss": 0.0,
        "min": 1990.3333187103271,
        "max": 1990.3333187103271,
        "avg": 1990.3333187103271
      }
    },
    "tcp": {
      "probes": [
        {
          "rtt": 3102.794885635376,
          "from": "10.209.64.1",
          "reached": false
        }
      ],
      "stats": {
        "count": 1,
        "responses": 1,
        "loss": 0.0,
        "min": 3102.794885635376,
        "max": 3102.794885635376,
        "avg": 3102.794885635376
      }
    },
    "icmp": {
      "probes": [
        {
          "rtt": 3952.2571563720703,
          "from": "10.213.33.33",
          "reached": false
        }
      ],
      "stats": {
        "count": 1,
        "responses": 1,
        "loss": 0.0,
        "min": 3952.2571563720703,
        "max": 3952.2571563720703,
        "avg": 3952.2571563720703
      }
    },
    "extensions": {}
  },
  "2": {
    "udp": {
      "probes": [
        {
          "rtt": 6104.959011077881,
          "from": "10.213.33.33",
          "reached": false
        }
      ],
      "stats": {
        "count": 1,
        "responses": 1,
        "loss": 0.0,
        "min": 6104.959011077881,
        "max": 6104.959011077881,
        "avg": 6104.959011077881
      }
    },
    "tcp": {
      "probes": [
        {
          "rtt": 15533.68091583252,
          "from": "10.213.32.41",
          "reached": false
        }
      ],
      "stats": {
        "count": 1,
        "responses": 1,
        "loss": 0.0,
        "min": 15533.68091583252,
        "max": 15533.68091583252,
        "avg": 15533.68091583252
      }
    },
    "icmp": {
      "probes": [
        {
          "rtt": 15547.541856765747,
          "from": "10.213.32.41",
          "reached": false
        }
      ],
      "stats": {
        "count": 1,
        "responses": 1,
        "loss": 0.0,
        "min": 15547.541856765747,
        "max": 15547.541856765747,
        "avg": 15547.541856765747
      }
    },
    "extensions": {}
  },
  "metadata": {
    "series": [
      "udp",
      "tcp",
      "icmp"
    ],
    "target": "98.58.201.1",
    "protocol": "udp",
    "ip_version": "4",
    "timestamp": "2025-05-15 21:10:13",
    "reached_target": false
  }
}