{
  "1": {
    "udp": {
      "probes": [
        {
          "rtt": 29171.979188919067,
          "from": "129.250.5.247",
          "reached": false
        }
      ],
      "stats": {
        "count": 1,
        "responses": 1,
        "loss": 0.0,
        "min": 29171.979188919067,
        "max": 29171.979188919067,
        "avg": 29171.979188919067
      }
    },
    "tcp": {
      "probes": [
        {
          "rtt": 29126.27387046814,
          "from": "129.250.5.247",
          "reached": false
        }
      ],
      "stats": {
        "count": 1,
        "responses": 1,
        "loss": 0.0,
        "min": 29126.27387046814,
        "max": 29126.27387046814,
        "avg": 29126.27387046814
      }
    },
    "icmp": {
      "probes": [
        {
          "rtt": 29123.017072677612,
          "from": "129.250.5.247",
          "reached": false
        }
      ],
      "stats": {
        "count": 1,
        "responses": 1,
        "loss": 0.0,
        "min": 29123.017072677612,
        "max": 29123.017072677612,
        "avg": 29123.017072677612
      }
    },
    "extensions": {}
  },
  "2": {
    "udp": {
      "probes": [
        {
          "rtt": 28977.06699371338,
          "from": "129.250.5.247",
          "reached": false
        }
      ],
      "stats": {
        "count": 1,
        "responses": 1,
        "loss": 0.0,
        "min": 28977.06699371338,
        "max": 28977.06699371338,
        "avg": 28977.06699371338
      }
    },
    "tcp": {
      "probes": [
        {
          "rtt": 28977.061986923218,
          "from": "129.250.5.247",
          "reached": false
        }
      ],
      "stats": {
        "count": 1,
        "responses": 1,
        "loss": 0.0,
        "min": 28977.061986923218,
        "max": 28977.061986923218,
        "avg": 28977.061986923218
      }
    },
    "icmp": {
      "probes": [
        {
          "rtt": 28977.226972579956,
          "from": "129.250.5.247",
          "reached": false
        }
      ],
      "stats": {
        "count": 1,
        "responses": 1,
        "loss": 0.0,
        "min": 28977.226972579956,
        "max": 28977.226972579956,
        "avg": 28977.226972579956
      }
    },
    "extensions": {}
  },
  "3": {
    "udp": {
      "probes": [
        {
          "rtt": 28874.200105667114,
          "from": "129.250.5.247",
          "reached": false
        }
      ],
      "stats": {
        "count": 1,
        "responses": 1,
        "loss": 0.0,
        "min": 28874.200105667114,
        "max": 28874.200105667114,
        "avg": 28874.200105667114
      }
    },
    "tcp": {
      "probes": [
        {
          "rtt": 28874.14503097534,
          "from": "129.250.5.247",
          "reached": false
        }
      ],
      "stats": {
        "count": 1,
        "responses": 1,
        "loss": 0.0,
        "min": 28874.14503097534,
        "max": 28874.14503097534,
        "avg": 28874.14503097534
      }
    },
    "icmp": {
      "probes": [
        {
          "rtt": 28874.631881713867,
          "from": "129.250.5.247",
          "reached": false
        }
      ],
      "stats": {
        "count": 1,
        "responses": 1,
        "loss": 0.0,
        "min": 28874.631881713867,
        "max": 28874.631881713867,
        "avg": 28874.631881713867
      }
    },
    "extensions": {}
  },
  "4": {
    "udp": {
      "probes": [
        {
          "rtt": 28773.893117904663,
          "from": "129.250.5.247",
          "reached": false
        }
      ],
      "stats": {
        "count": 1,
        "responses": 1,
        "loss": 0.0,
        "min": 28773.893117904663,
        "max": 28773.893117904663,
        "avg": 28773.893117904663
      }
    },
    "tcp": {
      "probes": [
        {
          "rtt": 28773.853063583374,
          "from": "129.250.5.247",
          "reached": false
        }
      ],
      "stats": {
        "count": 1,
        "responses": 1,
        "loss": 0.0,
        "min": 28773.853063583374,
        "max": 28773.853063583374,
        "avg": 28773.853063583374
      }
    },
    "icmp": {
      "probes": [
        {
          "rtt": 28773.852825164795,
          "from": "129.250.5.247",
          "reached": false
        }
      ],
      "stats": {
        "count": 1,
        "responses": 1,
        "loss": 0.0,
        "min": 28773.852825164795,
        "max": 28773.852825164795,
        "avg": 28773.852825164795
      }
    },
    "extensions": {}
  },
  "5": {
    "udp": {
      "probes": [
        {
          "rtt": 28672.116994857788,
          "from": "129.250.5.247",
          "reached": false
        }
      ],
      "stats": {
        "count": 1,
        "responses": 1,
        "loss": 0.0,
        "min": 28672.116994857788,
        "max": 28672.116994857788,
        "avg": 28672.116994857788
      }
    },
    "tcp": {
      "probes": [
        {
          "rtt": 28671.99993133545,
          "from": "129.250.5.247",
          "reached": false
        }
      ],
      "stats": {
        "count": 1,
        "responses": 1,
        "loss": 0.0,
        "min": 28671.99993133545,
        "max": 28671.99993133545,
        "avg": 28671.99993133545
      }
    },
    "icmp": {
      "probes": [
        {
          "rtt": 28672.1248626709,
          "from": "129.250.5.247",
          "reached": false
        }
      ],
      "stats": {
        "count": 1,
        "responses": 1,
        "loss": 0.0,
        "min": 28672.1248626709,
        "max": 28672.1248626709,
        "avg": 28672.1248626709
      }
    },
    "extensions": {}
  },
  "6": {
    "udp": {
      "probes": [
        {
          "rtt": 28567.979097366333,
          "from": "129.250.5.247",
          "reached": false
        }
      ],
      "stats": {
        "count": 1,
        "responses": 1,
        "loss": 0.0,
        "min": 28567.979097366333,
        "max": 28567.979097366333,
        "avg": 28567.979097366333
      }
    },
    "tcp": {
      "probes": [
        {
          "rtt": 28567.955017089844,
          "from": "129.250.5.247",
          "reached": false
        }
      ],
      "stats": {
        "count": 1,
        "responses": 1,
        "loss": 0.0,
        "min": 28567.955017089844,
        "max": 28567.955017089844,
        "avg": 28567.955017089844
      }
    },
    "icmp": {
      "probes": [
        {
          "rtt": 28567.91090965271,
          "from": "129.250.5.247",
          "reached": false
        }
      ],
      "stats": {
        "count": 1,
        "responses": 1,
        "loss": 0.0,
        "min": 28567.91090965271,
        "max": 28567.91090965271,
        "avg": 28567.91090965271
      }
    },
    "extensions": {}
  },
  "7": {
    "udp": {
      "probes": [
        {
          "rtt": 28464.456796646118,
          "from": "129.250.5.247",
          "reached": false
        }
      ],
      "stats": {
        "count": 1,
        "responses": 1,
        "loss": 0.0,
        "min": 28464.456796646118,
        "max": 28464.456796646118,
        "avg": 28464.456796646118
      }
    },
    "tcp": {
      "probes": [
        {
          "rtt": 28464.45393562317,
          "from": "129.250.5.247",
          "reached": false
        }
      ],
      "stats": {
        "count": 1,
        "responses": 1,
        "loss": 0.0,
        "min": 28464.45393562317,
        "max": 28464.45393562317,
        "avg": 28464.45393562317
      }
    },
    "icmp": {
      "probes": [
        {
          "rtt": 28464.457035064697,
          "from": "129.250.5.247",
          "reached": false
        }
      ],
      "stats": {
        "count": 1,
        "responses": 1,
        "loss": 0.0,
        "min": 28464.457035064697,
        "max": 28464.457035064697,
        "avg": 28464.457035064697
      }
    },
    "extensions": {}
  },
  "8": {
    "udp": {
      "probes": [
        {
          "rtt": 28362.627029418945,
          "from": "129.250.5.247",
          "reached": false
        }
      ],
      "stats": {
        "count": 1,