{
  "1": {
    "udp": {
      "probes": [
        {
          "rtt": 1954.718828201294,
          "from": "10.209.64.1",
          "reached": false
        }
      ],
      "stats": {
        "count": 1,
        "responses": 1,
        "loss": 0.0,
        "min": 1954.718828201294,
        "max": 1954.718828201294,
        "avg": 1954.718828201294
      }
    },
    "tcp": {
      "probes": [
        {
          "rtt": 3394.336938858032,
          "from": "10.209.64.1",
          "reached": false
        }
      ],
      "stats": {
        "count": 1,
        "responses": 1,
        "loss": 0.0,
        "min": 3394.336938858032,
        "max": 3394.336938858032,
        "avg": 3394.336938858032
      }
    },
    "icmp": {
      "probes": [
        {
          "rtt": 3957.4201107025146,
          "from": "10.213.33.33",
          "reached": false
        }
      ],
      "stats": {
        "count": 1,
        "responses": 1,
        "loss": 0.0,
        "min": 3957.4201107025146,
        "max": 3957.4201107025146,
        "avg": 3957.4201107025146
      }
    },
    "extensions": {}
  },
  "2": {
    "udp": {
      "probes": [
        {
          "rtt": 6117.188930511475,
          "from": "10.213.33.33",
          "reached": false
        }
      ],
      "stats": {
        "count": 1,
        "responses": 1,
        "loss": 0.0,
        "min": 6117.188930511475,
        "max": 6117.188930511475,
        "avg": 6117.188930511475
      }
    },
    "tcp": {
      "probes": [],
      "stats": {}
    },
    "icmp": {
      "probes": [],
      "stats": {}
    },
    "extensions": {}
  },
  "metadata": {
    "series": [
      "udp",
      "tcp",
      "icmp"
    ],
    "target": "47.101.201.1",
    "protocol": "udp",
    "ip_version": "4",
    "timestamp": "2025-05-15 21:10:04",
    "reached_target": false
  }
}