{
  "1": {
    "udp": {
      "probes": [
        {
          "rtt": 29285.393238067627,
          "from": "129.250.5.34",
          "reached": false
        }
      ],
      "stats": {
        "count": 1,
        "responses": 1,
        "loss": 0.0,
        "min": 29285.393238067627,
        "max": 29285.393238067627,
        "avg": 29285.393238067627
      }
    },
    "tcp": {
      "probes": [
        {
          "rtt": 29239.490032196045,
          "from": "129.250.5.34",
          "reached": false
        }
      ],
      "stats": {
        "count": 1,
        "responses": 1,
        "loss": 0.0,
        "min": 29239.490032196045,
        "max": 29239.490032196045,
        "avg": 29239.490032196045
      }
    },
    "icmp": {
      "probes": [
        {
          "rtt": 29235.146045684814,
          "from": "129.250.5.34",
          "reached": false
        }
      ],
      "stats": {
        "count": 1,
        "responses": 1,
        "loss": 0.0,
        "min": 29235.146045684814,
        "max": 29235.146045684814,
        "avg": 29235.146045684814
      }
    },
    "extensions": {}
  },
  "2": {
    "udp": {
      "probes": [
        {
          "rtt": 29091.432094573975,
          "from": "129.250.5.34",
          "reached": false
        }
      ],
      "stats": {
        "count": 1,
        "responses": 1,
        "loss": 0.0,
        "min": 29091.432094573975,
        "max": 29091.432094573975,
        "avg": 29091.432094573975
      }
    },
    "tcp": {
      "probes": [
        {
          "rtt": 29091.422080993652,
          "from": "129.250.5.34",
          "reached": false
        }
      ],
      "stats": {
        "count": 1,
        "responses": 1,
        "loss": 0.0,
        "min": 29091.422080993652,
        "max": 29091.422080993652,
        "avg": 29091.422080993652
      }
    },
    "icmp": {
      "probes": [
        {
          "rtt": 29091.416120529175,
          "from": "129.250.5.34",
          "reached": false
        }
      ],
      "stats": {
        "count": 1,
        "responses": 1,
        "loss": 0.0,
        "min": 29091.416120529175,
        "max": 29091.416120529175,
        "avg": 29091.416120529175
      }
    },
    "extensions": {}
  },
  "3": {
    "udp": {
      "probes": [
        {
          "rtt": 28986.22179031372,
          "from": "129.250.5.34",
          "reached": false
        }
      ],
      "stats": {
        "count": 1,
        "responses": 1,
        "loss": 0.0,
        "min": 28986.22179031372,
        "max": 28986.22179031372,
        "avg": 28986.22179031372
      }
    },
    "tcp": {
      "probes": [
        {
          "rtt": 28985.729932785034,
          "from": "129.250.5.34",
          "reached": false
        }
      ],
      "stats": {
        "count": 1,
        "responses": 1,
        "loss": 0.0,
        "min": 28985.729932785034,
        "max": 28985.729932785034,
        "avg": 28985.729932785034
      }
    },
    "icmp": {
      "probes": [
        {
          "rtt": 28985.72015762329,
          "from": "129.250.5.34",
          "reached": false
        }
      ],
      "stats": {
        "count": 1,
        "responses": 1,
        "loss": 0.0,
        "min": 28985.72015762329,
        "max": 28985.72015762329,
        "avg": 28985.72015762329
      }
    },
    "extensions": {}
  },
  "4": {
    "udp": {
      "probes": [
        {
          "rtt": 28884.819984436035,
          "from": "129.250.5.34",
          "reached": false
        }
      ],
      "stats": {
        "count": 1,
        "responses": 1,
        "loss": 0.0,
        "min": 28884.819984436035,
        "max": 28884.819984436035,
        "avg": 28884.819984436035
      }
    },
    "tcp": {
      "probes": [
        {
          "rtt": 28884.629011154175,
          "from": "129.250.5.34",
          "reached": false
        }
      ],
      "stats": {
        "count": 1,
        "responses": 1,
        "loss": 0.0,
        "min": 28884.629011154175,
        "max": 28884.629011154175,
        "avg": 28884.629011154175
      }
    },
    "icmp": {
      "probes": [
        {
          "rtt": 28884.6218585968,
          "from": "129.250.5.34",
          "reached": false
        }
      ],
      "stats": {
        "count": 1,
        "responses": 1,
        "loss": 0.0,
        "min": 28884.6218585968,
        "max": 28884.6218585968,
        "avg": 28884.6218585968
      }
    },
    "extensions": {}
  },
  "5": {
    "udp": {
      "probes": [
        {
          "rtt": 28782.52911567688,
          "from": "129.250.5.34",
          "reached": false
        }
      ],
      "stats": {
        "count": 1,
        "responses": 1,
        "loss": 0.0,
        "min": 28782.52911567688,
        "max": 28782.52911567688,
        "avg": 28782.52911567688
      }
    },
    "tcp": {
      "probes": [
        {
          "rtt": 28782.498836517334,
          "from": "129.250.5.34",
          "reached": false
        }
      ],
      "stats": {
        "count": 1,
        "responses": 1,
        "loss": 0.0,
        "min": 28782.498836517334,
        "max": 28782.498836517334,
        "avg": 28782.498836517334
      }
    },
    "icmp": {
      "probes": [
        {
          "rtt": 28782.43088722229,
          "from": "129.250.5.34",
          "reached": false
        }
      ],
      "stats": {
        "count": 1,
        "responses": 1,
        "loss": 0.0,
        "min": 28782.43088722229,
        "max": 28782.43088722229,
        "avg": 28782.43088722229
      }
    },
    "extensions": {}
  },
  "6": {
    "udp": {
      "probes": [
        {
          "rtt": 28678.483963012695,
          "from": "129.250.5.34",
          "reached": false
        }
      ],
      "stats": {
        "count": 1,
        "responses": 1,
        "loss": 0.0,
        "min": 28678.483963012695,
        "max": 28678.483963012695,
        "avg": 28678.483963012695
      }
    },
    "tcp": {
      "probes": [
        {
          "rtt": 28678.375720977783,
          "from": "129.250.5.34",
          "reached": false
        }
      ],
      "stats": {
        "count": 1,
        "responses": 1,
        "loss": 0.0,
        "min": 28678.375720977783,
        "max": 28678.375720977783,
        "avg": 28678.375720977783
      }
    },
    "icmp": {
      "probes": [
        {
          "rtt": 28678.35307121277,
          "from": "129.250.5.34",
          "reached": false
        }
      ],
      "stats": {
        "count": 1,
        "responses": 1,
        "loss": 0.0,
        "min": 28678.35307121277,
        "max": 28678.35307121277,
        "avg": 28678.35307121277
      }
    },
    "extensions": {}
  },
  "7": {
    "udp": {
      "probes": [
        {
          "rtt": 28577.363967895508,
          "from": "129.250.5.34",
          "reached": false
        }
      ],
      "stats": {
        "count": 1,
        "responses": 1,
        "loss": 0.0,
        "min": 28577.363967895508,
        "max": 28577.363967895508,
        "avg": 28577.363967895508
      }
    },
    "tcp": {
      "probes": [
        {
          "rtt": 28577.334880828857,
          "from": "129.250.5.34",
          "reached": false
        }
      ],
      "stats": {
        "count": 1,
        "responses": 1,
        "loss": 0.0,
        "min": 28577.334880828857,
        "max": 28577.334880828857,
        "avg": 28577.334880828857
      }
    },
    "icmp": {
      "probes": [
        {
          "rtt": 28577.319860458374,
          "from": "129.250.5.34",
          "reached": false
        }
      ],
      "stats": {
        "count": 1,
        "responses": 1,
        "loss": 0.0,
        "min": 28577.319860458374,
        "max": 28577.319860458374,
        "avg": 28577.319860458374
      }
    },
    "extensions": {}
  },
  "8": {
    "udp": {
      "probes": [
        {
          "rtt": 28474.573850631714,
          "from": "129.250.5.34",
          "reached": false
        }
      ],
      "stats": {
        "count": 1,
        "responses": 1,