{
  "1": {
    "udp": {
      "probes": [
        {
          "rtt": 10867.782354354858,
          "from": "10.213.33.33",
          "reached": false
        }
      ],
      "stats": {
        "count": 1,
        "responses": 1,
        "loss": 0.0,
        "min": 10867.782354354858,
        "max": 10867.782354354858,
        "avg": 10867.782354354858
      }
    },
    "tcp": {
      "probes": [
        {
          "rtt": 10876.385927200317,
          "from": "10.213.33.33",
          "reached": false
        }
      ],
      "stats": {
        "count": 1,
        "responses": 1,
        "loss": 0.0,
        "min": 10876.385927200317,
        "max": 10876.385927200317,
        "avg": 10876.385927200317
      }
    },
    "icmp": {
      "probes": [
        {
          "rtt": 10882.981300354004,
          "from": "10.213.33.33",
          "reached": false
        }
      ],
      "stats": {
        "count": 1,
        "responses": 1,
        "loss": 0.0,
        "min": 10882.981300354004,
        "max": 10882.981300354004,
        "avg": 10882.981300354004
      }
    },
    "extensions": {}
  },
  "2": {
    "udp": {
      "probes": [
        {
          "rtt": 10784.104824066162,
          "from": "10.213.33.33",
          "reached": false
        }
      ],
      "stats": {
        "count": 1,
        "responses": 1,
        "loss": 0.0,
        "min": 10784.104824066162,
        "max": 10784.104824066162,
        "avg": 10784.104824066162
      }
    },
    "tcp": {
      "probes": [],
      "stats": {}
    },
    "icmp": {
      "probes": [],
      "stats": {}
    },
    "extensions": {}
  },
  "metadata": {
    "series": [
      "udp",
      "tcp",
      "icmp"
    ],
    "target": "14.84.99.1",
    "protocol": "udp",
    "ip_version": "4",
    "timestamp": "2025-05-15 21:10:13",
    "reached_target": false
  }
}