{
  "1": {
    "udp": {
      "probes": [
        {
          "rtt": 12060.426950454712,
          "from": "10.213.33.25",
          "reached": false
        }
      ],
      "stats": {
        "count": 1,
        "responses": 1,
        "loss": 0.0,
        "min": 12060.426950454712,
        "max": 12060.426950454712,
        "avg": 12060.426950454712
      }
    },
    "tcp": {
      "probes": [
        {
          "rtt": 12025.052070617676,
          "from": "10.213.33.25",
          "reached": false
        }
      ],
      "stats": {
        "count": 1,
        "responses": 1,
        "loss": 0.0,
        "min": 12025.052070617676,
        "max": 12025.052070617676,
        "avg": 12025.052070617676
      }
    },
    "icmp": {
      "probes": [
        {
          "rtt": 12029.930830001831,
          "from": "10.213.33.25",
          "reached": false
        }
      ],
      "stats": {
        "count": 1,
        "responses": 1,
        "loss": 0.0,
        "min": 12029.930830001831,
        "max": 12029.930830001831,
        "avg": 12029.930830001831
      }
    },
    "extensions": {}
  },
  "2": {
    "udp": {
      "probes": [
        {
          "rtt": 11929.242849349976,
          "from": "10.213.33.25",
          "reached": false
        }
      ],
      "stats": {
        "count": 1,
        "responses": 1,
        "loss": 0.0,
        "min": 11929.242849349976,
        "max": 11929.242849349976,
        "avg": 11929.242849349976
      }
    },
    "tcp": {
      "probes": [
        {
          "rtt": 21302.935123443604,
          "from": "10.213.32.41",
          "reached": false
        }
      ],
      "stats": {
        "count": 1,
        "responses": 1,
        "loss": 0.0,
        "min": 21302.935123443604,
        "max": 21302.935123443604,
        "avg": 21302.935123443604
      }
    },
    "icmp": {
      "probes": [],
      "stats": {}
    },
    "extensions": {}
  },
  "metadata": {
    "series": [
      "udp",
      "tcp",
      "icmp"
    ],
    "target": "221.118.188.1",
    "protocol": "udp",
    "ip_version": "4",
    "timestamp": "2025-05-15 21:10:15",
    "reached_target": false
  }
}