{
  "1": {
    "udp": {
      "probes": [
        {
          "rtt": 15440.252304077148,
          "from": "112.174.91.9",
          "reached": false
        }
      ],
      "stats": {
        "count": 1,
        "responses": 1,
        "loss": 0.0,
        "min": 15440.252304077148,
        "max": 15440.252304077148,
        "avg": 15440.252304077148
      }
    },
    "tcp": {
      "probes": [
        {
          "rtt": 15637.626647949219,
          "from": "112.174.91.9",
          "reached": false
        }
      ],
      "stats": {
        "count": 1,
        "responses": 1,
        "loss": 0.0,
        "min": 15637.626647949219,
        "max": 15637.626647949219,
        "avg": 15637.626647949219
      }
    },
    "icmp": {
      "probes": [
        {
          "rtt": 15634.50813293457,
          "from": "112.174.91.9",
          "reached": false
        }
      ],
      "stats": {
        "count": 1,
        "responses": 1,
        "loss": 0.0,
        "min": 15634.50813293457,
        "max": 15634.50813293457,
        "avg": 15634.50813293457
      }
    },
    "extensions": {}
  },
  "2": {
    "udp": {
      "probes": [
        {
          "rtt": 15532.132148742676,
          "from": "112.174.91.9",
          "reached": false
        }
      ],
      "stats": {
        "count": 1,
        "responses": 1,
        "loss": 0.0,
        "min": 15532.132148742676,
        "max": 15532.132148742676,
        "avg": 15532.132148742676
      }
    },
    "tcp": {
      "probes": [
        {
          "rtt": 15302.120923995972,
          "from": "112.174.91.9",
          "reached": false
        }
      ],
      "stats": {
        "count": 1,
        "responses": 1,
        "loss": 0.0,
        "min": 15302.120923995972,
        "max": 15302.120923995972,
        "avg": 15302.120923995972
      }
    },
    "icmp": {
      "probes": [
        {
          "rtt": 6532.847166061401,
          "from": "112.174.91.9",
          "reached": false
        }
      ],
      "stats": {
        "count": 1,
        "responses": 1,
        "loss": 0.0,
        "min": 6532.847166061401,
        "max": 6532.847166061401,
        "avg": 6532.847166061401
      }
    },
    "extensions": {}
  },
  "3": {
    "udp": {
      "probes": [
        {
          "rtt": 6429.884910583496,
          "from": "112.174.91.9",
          "reached": false
        }
      ],
      "stats": {
        "count": 1,
        "responses": 1,
        "loss": 0.0,
        "min": 6429.884910583496,
        "max": 6429.884910583496,
        "avg": 6429.884910583496
      }
    },
    "tcp": {
      "probes": [
        {
          "rtt": 6429.857969284058,
          "from": "112.174.91.9",
          "reached": false
        }
      ],
      "stats": {
        "count": 1,
        "responses": 1,
        "loss": 0.0,
        "min": 6429.857969284058,
        "max": 6429.857969284058,
        "avg": 6429.857969284058
      }
    },
    "icmp": {
      "probes": [
        {
          "rtt": 6429.851055145264,
          "from": "112.174.91.9",
          "reached": false
        }
      ],
      "stats": {
        "count": 1,
        "responses": 1,
        "loss": 0.0,
        "min": 6429.851055145264,
        "max": 6429.851055145264,
        "avg": 6429.851055145264
      }
    },
    "extensions": {}
  },
  "4": {
    "udp": {
      "probes": [
        {
          "rtt": 6327.771902084351,
          "from": "112.174.91.9",
          "reached": false
        }
      ],
      "stats": {
        "count": 1,
        "responses": 1,
        "loss": 0.0,
        "min": 6327.771902084351,
        "max": 6327.771902084351,
        "avg": 6327.771902084351
      }
    },
    "tcp": {
      "probes": [
        {
          "rtt": 6328.5722732543945,
          "from": "112.174.91.9",
          "reached": false
        }
      ],
      "stats": {
        "count": 1,
        "responses": 1,
        "loss": 0.0,
        "min": 6328.5722732543945,
        "max": 6328.5722732543945,
        "avg": 6328.5722732543945
      }
    },
    "icmp": {
      "probes": [
        {
          "rtt": 6328.57608795166,
          "from": "112.174.91.9",
          "reached": false
        }
      ],
      "stats": {
        "count": 1,
        "responses": 1,
        "loss": 0.0,
        "min": 6328.57608795166,
        "max": 6328.57608795166,
        "avg": 6328.57608795166
      }
    },
    "extensions": {}
  },
  "5": {
    "udp": {
      "probes": [
        {
          "rtt": 6225.2209186553955,
          "from": "112.174.91.9",
          "reached": false
        }
      ],
      "stats": {
        "count": 1,
        "responses": 1,
        "loss": 0.0,
        "min": 6225.2209186553955,
        "max": 6225.2209186553955,
        "avg": 6225.2209186553955
      }
    },
    "tcp": {
      "probes": [
        {
          "rtt": 6225.045919418335,
          "from": "112.174.91.9",
          "reached": false
        }
      ],
      "stats": {
        "count": 1,
        "responses": 1,
        "loss": 0.0,
        "min": 6225.045919418335,
        "max": 6225.045919418335,
        "avg": 6225.045919418335
      }
    },
    "icmp": {
      "probes": [
        {
          "rtt": 6227.885961532593,
          "from": "112.174.91.9",
          "reached": false
        }
      ],
      "stats": {
        "count": 1,
        "responses": 1,
        "loss": 0.0,
        "min": 6227.885961532593,
        "max": 6227.885961532593,
        "avg": 6227.885961532593
      }
    },
    "extensions": {}
  },
  "6": {
    "udp": {
      "probes": [
        {
          "rtt": 6125.753164291382,
          "from": "112.174.91.9",
          "reached": false
        }
      ],
      "stats": {
        "count": 1,
        "responses": 1,
        "loss": 0.0,
        "min": 6125.753164291382,
        "max": 6125.753164291382,
        "avg": 6125.753164291382
      }
    },
    "tcp": {
      "probes": [
        {
          "rtt": 6125.738143920898,
          "from": "112.174.91.9",
          "reached": false
        }
      ],
      "stats": {
        "count": 1,
        "responses": 1,
        "loss": 0.0,
        "min": 6125.738143920898,
        "max": 6125.738143920898,
        "avg": 6125.738143920898
      }
    },
    "icmp": {
      "probes": [
        {
          "rtt": 6128.030776977539,
          "from": "112.174.91.9",
          "reached": false
        }
      ],
      "stats": {
        "count": 1,
        "responses": 1,
        "loss": 0.0,
        "min": 6128.030776977539,
        "max": 6128.030776977539,
        "avg": 6128.030776977539
      }
    },
    "extensions": {}
  },
  "7": {
    "udp": {
      "probes": [
        {
          "rtt": 6872.592210769653,
          "from": "112.174.91.9",
          "reached": false
        }
      ],
      "stats": {
        "count": 1,
        "responses": 1,
        "loss": 0.0,
        "min": 6872.592210769653,
        "max": 6872.592210769653,
        "avg": 6872.592210769653
      }
    },
    "tcp": {
      "probes": [
        {
          "rtt": 6876.718997955322,
          "from": "112.174.91.9",
          "reached": false
        }
      ],
      "stats": {
        "count": 1,
        "responses": 1,
        "loss": 0.0,
        "min": 6876.718997955322,
        "max": 6876.718997955322,
        "avg": 6876.718997955322
      }
    },
    "icmp": {
      "probes": [
        {
          "rtt": 6887.9899978637695,
          "from": "112.174.91.9",
          "reached": false
        }
      ],
      "stats": {
        "count": 1,
        "responses": 1,
        "loss": 0.0,
        "min": 6887.9899978637695,
        "max": 6887.9899978637695,
        "avg": 6887.9899978637695
      }
    },
    "extensions": {}
  },
  "8": {
    "udp": {
      "probes": [
        {
          "rtt": 6789.345979690552,
          "from": "112.174.91.9",
          "reached": false
        }
      ],
      "stats": {
        "count": 1,
        "responses": 1,
        "loss": 0.0,