{
  "1": {
    "udp": {
      "probes": [
        {
          "rtt": 14062.591791152954,
          "from": "10.213.33.25",
          "reached": false
        }
      ],
      "stats": {
        "count": 1,
        "responses": 1,
        "loss": 0.0,
        "min": 14062.591791152954,
        "max": 14062.591791152954,
        "avg": 14062.591791152954
      }
    },
    "tcp": {
      "probes": [
        {
          "rtt": 14061.824083328247,
          "from": "10.213.33.25",
          "reached": false
        }
      ],
      "stats": {
        "count": 1,
        "responses": 1,
        "loss": 0.0,
        "min": 14061.824083328247,
        "max": 14061.824083328247,
        "avg": 14061.824083328247
      }
    },
    "icmp": {
      "probes": [
        {
          "rtt": 14061.62977218628,
          "from": "10.213.33.25",
          "reached": false
        }
      ],
      "stats": {
        "count": 1,
        "responses": 1,
        "loss": 0.0,
        "min": 14061.62977218628,
        "max": 14061.62977218628,
        "avg": 14061.62977218628
      }
    },
    "extensions": {}
  },
  "2": {
    "udp": {
      "probes": [
        {
          "rtt": 13950.992822647095,
          "from": "10.213.33.25",
          "reached": false
        }
      ],
      "stats": {
        "count": 1,
        "responses": 1,
        "loss": 0.0,
        "min": 13950.992822647095,
        "max": 13950.992822647095,
        "avg": 13950.992822647095
      }
    },
    "tcp": {
      "probes": [],
      "stats": {}
    },
    "icmp": {
      "probes": [],
      "stats": {}
    },
    "extensions": {}
  },
  "metadata": {
    "series": [
      "udp",
      "tcp",
      "icmp"
    ],
    "target": "80.77.54.1",
    "protocol": "udp",
    "ip_version": "4",
    "timestamp": "2025-05-15 21:10:13",
    "reached_target": false
  }
}