{
  "1": {
    "udp": {
      "probes": [
        {
          "rtt": 270.3590393066406,
          "from": "10.209.64.1",
          "reached": false
        }
      ],
      "stats": {
        "count": 1,
        "responses": 1,
        "loss": 0.0,
        "min": 270.3590393066406,
        "max": 270.3590393066406,
        "avg": 270.3590393066406
      }
    },
    "tcp": {
      "probes": [
        {
          "rtt": 270.06006240844727,
          "from": "10.209.64.1",
          "reached": false
        }
      ],
      "stats": {
        "count": 1,
        "responses": 1,
        "loss": 0.0,
        "min": 270.06006240844727,
        "max": 270.06006240844727,
        "avg": 270.06006240844727
      }
    },
    "icmp": {
      "probes": [
        {
          "rtt": 11935.055255889893,
          "from": "10.213.33.25",
          "reached": false
        }
      ],
      "stats": {
        "count": 1,
        "responses": 1,
        "loss": 0.0,
        "min": 11935.055255889893,
        "max": 11935.055255889893,
        "avg": 11935.055255889893
      }
    },
    "extensions": {}
  },
  "2": {
    "udp": {
      "probes": [
        {
          "rtt": 11850.389003753662,
          "from": "10.213.33.25",
          "reached": false
        }
      ],
      "stats": {
        "count": 1,
        "responses": 1,
        "loss": 0.0,
        "min": 11850.389003753662,
        "max": 11850.389003753662,
        "avg": 11850.389003753662
      }
    },
    "tcp": {
      "probes": [
        {
          "rtt": 15526.257038116455,
          "from": "10.213.32.41",
          "reached": false
        }
      ],
      "stats": {
        "count": 1,
        "responses": 1,
        "loss": 0.0,
        "min": 15526.257038116455,
        "max": 15526.257038116455,
        "avg": 15526.257038116455
      }
    },
    "icmp": {
      "probes": [
        {
          "rtt": 15525.851726531982,
          "from": "10.213.32.41",
          "reached": false
        }
      ],
      "stats": {
        "count": 1,
        "responses": 1,
        "loss": 0.0,
        "min": 15525.851726531982,
        "max": 15525.851726531982,
        "avg": 15525.851726531982
      }
    },
    "extensions": {}
  },
  "metadata": {
    "series": [
      "udp",
      "tcp",
      "icmp"
    ],
    "target": "124.255.229.1",
    "protocol": "udp",
    "ip_version": "4",
    "timestamp": "2025-05-15 21:10:13",
    "reached_target": false
  }
}