{
  "1": {
    "udp": {
      "probes": [
        {
          "rtt": 23113.940954208374,
          "from": "129.250.2.27",
          "reached": false
        }
      ],
      "stats": {
        "count": 1,
        "responses": 1,
        "loss": 0.0,
        "min": 23113.940954208374,
        "max": 23113.940954208374,
        "avg": 23113.940954208374
      }
    },
    "tcp": {
      "probes": [
        {
          "rtt": 23077.996015548706,
          "from": "129.250.2.27",
          "reached": false
        }
      ],
      "stats": {
        "count": 1,
        "responses": 1,
        "loss": 0.0,
        "min": 23077.996015548706,
        "max": 23077.996015548706,
        "avg": 23077.996015548706
      }
    },
    "icmp": {
      "probes": [
        {
          "rtt": 23073.802947998047,
          "from": "129.250.2.27",
          "reached": false
        }
      ],
      "stats": {
        "count": 1,
        "responses": 1,
        "loss": 0.0,
        "min": 23073.802947998047,
        "max": 23073.802947998047,
        "avg": 23073.802947998047
      }
    },
    "extensions": {}
  },
  "2": {
    "udp": {
      "probes": [
        {
          "rtt": 22928.682327270508,
          "from": "129.250.2.27",
          "reached": false
        }
      ],
      "stats": {
        "count": 1,
        "responses": 1,
        "loss": 0.0,
        "min": 22928.682327270508,
        "max": 22928.682327270508,
        "avg": 22928.682327270508
      }
    },
    "tcp": {
      "probes": [
        {
          "rtt": 22928.611755371094,
          "from": "129.250.2.27",
          "reached": false
        }
      ],
      "stats": {
        "count": 1,
        "responses": 1,
        "loss": 0.0,
        "min": 22928.611755371094,
        "max": 22928.611755371094,
        "avg": 22928.611755371094
      }
    },
    "icmp": {
      "probes": [
        {
          "rtt": 22928.60698699951,
          "from": "129.250.2.27",
          "reached": false
        }
      ],
      "stats": {
        "count": 1,
        "responses": 1,
        "loss": 0.0,
        "min": 22928.60698699951,
        "max": 22928.60698699951,
        "avg": 22928.60698699951
      }
    },
    "extensions": {}
  },
  "3": {
    "udp": {
      "probes": [
        {
          "rtt": 22825.81114768982,
          "from": "129.250.2.27",
          "reached": false
        }
      ],
      "stats": {
        "count": 1,
        "responses": 1,
        "loss": 0.0,
        "min": 22825.81114768982,
        "max": 22825.81114768982,
        "avg": 22825.81114768982
      }
    },
    "tcp": {
      "probes": [
        {
          "rtt": 22825.81090927124,
          "from": "129.250.2.27",
          "reached": false
        }
      ],
      "stats": {
        "count": 1,
        "responses": 1,
        "loss": 0.0,
        "min": 22825.81090927124,
        "max": 22825.81090927124,
        "avg": 22825.81090927124
      }
    },
    "icmp": {
      "probes": [
        {
          "rtt": 22826.750993728638,
          "from": "129.250.2.27",
          "reached": false
        }
      ],
      "stats": {
        "count": 1,
        "responses": 1,
        "loss": 0.0,
        "min": 22826.750993728638,
        "max": 22826.750993728638,
        "avg": 22826.750993728638
      }
    },
    "extensions": {}
  },
  "4": {
    "udp": {
      "probes": [
        {
          "rtt": 22725.17704963684,
          "from": "129.250.2.27",
          "reached": false
        }
      ],
      "stats": {
        "count": 1,
        "responses": 1,
        "loss": 0.0,
        "min": 22725.17704963684,
        "max": 22725.17704963684,
        "avg": 22725.17704963684
      }
    },
    "tcp": {
      "probes": [
        {
          "rtt": 22725.175142288208,
          "from": "129.250.2.27",
          "reached": false
        }
      ],
      "stats": {
        "count": 1,
        "responses": 1,
        "loss": 0.0,
        "min": 22725.175142288208,
        "max": 22725.175142288208,
        "avg": 22725.175142288208
      }
    },
    "icmp": {
      "probes": [
        {
          "rtt": 22725.16894340515,
          "from": "129.250.2.27",
          "reached": false
        }
      ],
      "stats": {
        "count": 1,
        "responses": 1,
        "loss": 0.0,
        "min": 22725.16894340515,
        "max": 22725.16894340515,
        "avg": 22725.16894340515
      }
    },
    "extensions": {}
  },
  "5": {
    "udp": {
      "probes": [
        {
          "rtt": 22619.986057281494,
          "from": "129.250.2.27",
          "reached": false
        }
      ],
      "stats": {
        "count": 1,
        "responses": 1,
        "loss": 0.0,
        "min": 22619.986057281494,
        "max": 22619.986057281494,
        "avg": 22619.986057281494
      }
    },
    "tcp": {
      "probes": [
        {
          "rtt": 22620.694875717163,
          "from": "129.250.2.27",
          "reached": false
        }
      ],
      "stats": {
        "count": 1,
        "responses": 1,
        "loss": 0.0,
        "min": 22620.694875717163,
        "max": 22620.694875717163,
        "avg": 22620.694875717163
      }
    },
    "icmp": {
      "probes": [
        {
          "rtt": 22620.64814567566,
          "from": "129.250.2.27",
          "reached": false
        }
      ],
      "stats": {
        "count": 1,
        "responses": 1,
        "loss": 0.0,
        "min": 22620.64814567566,
        "max": 22620.64814567566,
        "avg": 22620.64814567566
      }
    },
    "extensions": {}
  },
  "6": {
    "udp": {
      "probes": [
        {
          "rtt": 22516.47996902466,
          "from": "129.250.2.27",
          "reached": false
        }
      ],
      "stats": {
        "count": 1,
        "responses": 1,
        "loss": 0.0,
        "min": 22516.47996902466,
        "max": 22516.47996902466,
        "avg": 22516.47996902466
      }
    },
    "tcp": {
      "probes": [
        {
          "rtt": 22516.472101211548,
          "from": "129.250.2.27",
          "reached": false
        }
      ],
      "stats": {
        "count": 1,
        "responses": 1,
        "loss": 0.0,
        "min": 22516.472101211548,
        "max": 22516.472101211548,
        "avg": 22516.472101211548
      }
    },
    "icmp": {
      "probes": [
        {
          "rtt": 22516.361951828003,
          "from": "129.250.2.27",
          "reached": false
        }
      ],
      "stats": {
        "count": 1,
        "responses": 1,
        "loss": 0.0,
        "min": 22516.361951828003,
        "max": 22516.361951828003,
        "avg": 22516.361951828003
      }
    },
    "extensions": {}
  },
  "7": {
    "udp": {
      "probes": [
        {
          "rtt": 22414.5450592041,
          "from": "129.250.2.27",
          "reached": false
        }
      ],
      "stats": {
        "count": 1,
        "responses": 1,
        "loss": 0.0,
        "min": 22414.5450592041,
        "max": 22414.5450592041,
        "avg": 22414.5450592041
      }
    },
    "tcp": {
      "probes": [
        {
          "rtt": 22414.5290851593,
          "from": "129.250.2.27",
          "reached": false
        }
      ],
      "stats": {
        "count": 1,
        "responses": 1,
        "loss": 0.0,
        "min": 22414.5290851593,
        "max": 22414.5290851593,
        "avg": 22414.5290851593
      }
    },
    "icmp": {
      "probes": [
        {
          "rtt": 22414.483785629272,
          "from": "129.250.2.27",
          "reached": false
        }
      ],
      "stats": {
        "count": 1,
        "responses": 1,
        "loss": 0.0,
        "min": 22414.483785629272,
        "max": 22414.483785629272,
        "avg": 22414.483785629272
      }
    },
    "extensions": {}
  },
  "8": {
    "udp": {
      "probes": [
        {
          "rtt": 22310.024976730347,
          "from": "129.250.2.27",
          "reached": false
        }
      ],
      "stats": {
        "count": 1,
        "responses": 1,
        "loss": 0.0,