{
  "1": {
    "udp": {
      "probes": [
        {
          "rtt": 18902.50277519226,
          "from": "129.250.2.27",
          "reached": false
        }
      ],
      "stats": {
        "count": 1,
        "responses": 1,
        "loss": 0.0,
        "min": 18902.50277519226,
        "max": 18902.50277519226,
        "avg": 18902.50277519226
      }
    },
    "tcp": {
      "probes": [
        {
          "rtt": 18886.974096298218,
          "from": "129.250.2.27",
          "reached": false
        }
      ],
      "stats": {
        "count": 1,
        "responses": 1,
        "loss": 0.0,
        "min": 18886.974096298218,
        "max": 18886.974096298218,
        "avg": 18886.974096298218
      }
    },
    "icmp": {
      "probes": [],
      "stats": {}
    },
    "extensions": {}
  },
  "metadata": {
    "series": [
      "udp",
      "tcp",
      "icmp"
    ],
    "target": "124.178.117.1",
    "protocol": "udp",
    "ip_version": "4",
    "timestamp": "2025-05-15 21:12:43",
    "reached_target": false
  }
}